Date,Restaurant_ID,Restaurant_Name,Product_ID,Product,Category,Opening_Stock,Units_Received,Customer_Demand,Units_Sold,Lost_Sales,Waste_Units,Closing_Stock,Supplier_Lead_Time_Days,Unit_Cost_EUR,Selling_Price_EUR,Revenue_EUR,Temperature_C,Day_of_Week,Is_Weekend,Promotion,Safety_Stock,Recommended_Order,Autonomous_Decision,Waste_Cost_EUR,ESG_Waste_Rate_Pct,Service_Level_Pct
2026-01-01,REST001,GreenBite Kitchen,P001,Chicken Breast,Meat,73,164,44,44,0,7,186,3,4.2,9.5,418.0,1.3,Thursday,0,0,12,0,No Action,29.4,13.73,100.0
2026-01-01,REST001,GreenBite Kitchen,P002,Tomatoes,Vegetables,57,193,60,60,0,11,179,2,1.1,3.2,192.0,1.3,Thursday,0,0,16,0,No Action,12.1,15.49,100.0
2026-01-01,REST001,GreenBite Kitchen,P003,Rice,Dry Goods,86,344,78,78,0,5,347,4,0.8,2.8,218.4,1.3,Thursday,0,0,18,0,No Action,4.0,6.02,100.0
2026-01-01,REST001,GreenBite Kitchen,P004,Milk,Dairy,55,120,59,59,0,6,110,2,1.0,2.4,141.6,1.3,Thursday,0,1,10,0,No Action,6.0,9.23,100.0
2026-01-01,REST001,GreenBite Kitchen,P005,Cheese,Dairy,88,0,35,35,0,3,50,3,2.8,6.5,227.5,1.3,Thursday,0,0,8,19,Auto-Order,8.4,7.89,100.0
2026-01-01,REST001,GreenBite Kitchen,P006,Potatoes,Vegetables,97,132,65,65,0,8,156,2,0.7,2.5,162.5,1.3,Thursday,0,0,14,0,No Action,5.6,10.96,100.0
2026-01-01,REST001,GreenBite Kitchen,P007,Bread,Bakery,75,0,48,48,0,3,24,1,1.2,3.0,144.0,1.3,Thursday,0,0,12,48,Auto-Order,3.6,5.88,100.0
2026-01-01,REST001,GreenBite Kitchen,P008,Salmon Fillet,Seafood,67,0,29,29,0,4,34,2,6.5,14.5,420.5,1.3,Thursday,0,1,6,10,Auto-Order,26.0,12.12,100.0
2026-01-01,REST001,GreenBite Kitchen,P009,Avocado,Vegetables,84,0,29,29,0,3,52,2,1.5,4.2,121.8,1.3,Thursday,0,0,7,1,Auto-Order,4.5,9.38,100.0
2026-01-01,REST001,GreenBite Kitchen,P010,Pasta,Dry Goods,86,242,57,57,0,3,268,4,0.9,3.0,171.0,1.3,Thursday,0,0,14,0,No Action,2.7,5.0,100.0
2026-01-02,REST001,GreenBite Kitchen,P001,Chicken Breast,Meat,186,0,51,51,0,6,129,3,4.2,9.5,484.5,-1.3,Friday,0,0,12,0,No Action,25.2,10.53,100.0
2026-01-02,REST001,GreenBite Kitchen,P002,Tomatoes,Vegetables,179,0,67,67,0,9,103,2,1.1,3.2,214.4,-1.3,Friday,0,0,16,28,Auto-Order,9.9,11.84,100.0
2026-01-02,REST001,GreenBite Kitchen,P003,Rice,Dry Goods,347,0,65,65,0,2,280,4,0.8,2.8,182.0,-1.3,Friday,0,0,18,0,No Action,1.6,2.99,100.0
2026-01-02,REST001,GreenBite Kitchen,P004,Milk,Dairy,110,0,42,42,0,4,64,2,1.0,2.4,100.8,-1.3,Friday,0,0,10,24,Auto-Order,4.0,8.7,100.0
2026-01-02,REST001,GreenBite Kitchen,P005,Cheese,Dairy,50,111,31,31,0,5,125,3,2.8,6.5,201.5,-1.3,Friday,0,0,8,0,No Action,14.0,13.89,100.0
2026-01-02,REST001,GreenBite Kitchen,P006,Potatoes,Vegetables,156,0,60,60,0,5,91,2,0.7,2.5,150.0,-1.3,Friday,0,0,14,30,Auto-Order,3.5,7.69,100.0
2026-01-02,REST001,GreenBite Kitchen,P007,Bread,Bakery,24,113,46,46,0,8,83,1,1.2,3.0,138.0,-1.3,Friday,0,0,12,0,No Action,9.6,14.81,100.0
2026-01-02,REST001,GreenBite Kitchen,P008,Salmon Fillet,Seafood,34,61,26,26,0,3,66,2,6.5,14.5,377.0,-1.3,Friday,0,0,6,0,No Action,19.5,10.34,100.0
2026-01-02,REST001,GreenBite Kitchen,P009,Avocado,Vegetables,52,70,28,28,0,5,89,2,1.5,4.2,117.6,-1.3,Friday,0,0,7,0,No Action,7.5,15.15,100.0
2026-01-02,REST001,GreenBite Kitchen,P010,Pasta,Dry Goods,268,0,54,54,0,3,211,4,0.9,3.0,162.0,-1.3,Friday,0,0,14,0,No Action,2.7,5.26,100.0
2026-01-03,REST001,GreenBite Kitchen,P001,Chicken Breast,Meat,129,113,58,58,0,9,175,3,4.2,9.5,551.0,-1.4,Saturday,1,0,12,0,No Action,37.8,13.43,100.0
2026-01-03,REST001,GreenBite Kitchen,P002,Tomatoes,Vegetables,103,141,72,72,0,13,159,2,1.1,3.2,230.4,-1.4,Saturday,1,0,16,0,No Action,14.3,15.29,100.0
2026-01-03,REST001,GreenBite Kitchen,P003,Rice,Dry Goods,280,0,87,87,0,3,190,4,0.8,2.8,243.6,-1.4,Saturday,1,0,18,0,No Action,2.4,3.33,100.0
2026-01-03,REST001,GreenBite Kitchen,P004,Milk,Dairy,64,100,46,46,0,8,110,2,1.0,2.4,110.4,-1.4,Saturday,1,0,10,0,No Action,8.0,14.81,100.0
2026-01-03,REST001,GreenBite Kitchen,P005,Cheese,Dairy,125,0,44,44,0,4,77,3,2.8,6.5,286.0,-1.4,Saturday,1,0,8,1,Auto-Order,11.2,8.33,100.0
2026-01-03,REST001,GreenBite Kitchen,P006,Potatoes,Vegetables,91,145,77,77,0,8,151,2,0.7,2.5,192.5,-1.4,Saturday,1,0,14,0,No Action,5.6,9.41,100.0
2026-01-03,REST001,GreenBite Kitchen,P007,Bread,Bakery,83,0,54,54,0,5,24,1,1.2,3.0,162.0,-1.4,Saturday,1,0,12,57,Manager Review,6.0,8.47,100.0
2026-01-03,REST001,GreenBite Kitchen,P008,Salmon Fillet,Seafood,66,0,29,29,0,5,32,2,6.5,14.5,420.5,-1.4,Saturday,1,0,6,19,Auto-Order,32.5,14.71,100.0
2026-01-03,REST001,GreenBite Kitchen,P009,Avocado,Vegetables,89,0,34,34,0,5,50,2,1.5,4.2,142.8,-1.4,Saturday,1,0,7,11,Auto-Order,7.5,12.82,100.0
2026-01-03,REST001,GreenBite Kitchen,P010,Pasta,Dry Goods,211,0,65,65,0,2,144,4,0.9,3.0,195.0,-1.4,Saturday,1,0,14,0,No Action,1.8,2.99,100.0
2026-01-04,REST001,GreenBite Kitchen,P001,Chicken Breast,Meat,175,0,56,56,0,5,114,3,4.2,9.5,532.0,-1.5,Sunday,1,0,12,0,No Action,21.0,8.2,100.0
2026-01-04,REST001,GreenBite Kitchen,P002,Tomatoes,Vegetables,159,0,83,83,0,8,68,2,1.1,3.2,265.6,-1.5,Sunday,1,0,16,47,Auto-Order,8.8,8.79,100.0
2026-01-04,REST001,GreenBite Kitchen,P003,Rice,Dry Goods,190,241,85,85,0,3,343,4,0.8,2.8,238.0,-1.5,Sunday,1,0,18,0,No Action,2.4,3.41,100.0
2026-01-04,REST001,GreenBite Kitchen,P004,Milk,Dairy,110,0,48,48,0,4,58,2,1.0,2.4,115.2,-1.5,Sunday,1,0,10,19,Auto-Order,4.0,7.69,100.0
2026-01-04,REST001,GreenBite Kitchen,P005,Cheese,Dairy,77,89,37,37,0,5,124,3,2.8,6.5,240.5,-1.5,Sunday,1,0,8,0,No Action,14.0,11.9,100.0
2026-01-04,REST001,GreenBite Kitchen,P006,Potatoes,Vegetables,151,0,80,80,0,5,66,2,0.7,2.5,200.0,-1.5,Sunday,1,0,14,41,Auto-Order,3.5,5.88,100.0
2026-01-04,REST001,GreenBite Kitchen,P007,Bread,Bakery,24,120,57,57,0,8,79,1,1.2,3.0,171.0,-1.5,Sunday,1,0,12,0,No Action,9.6,12.31,100.0
2026-01-04,REST001,GreenBite Kitchen,P008,Salmon Fillet,Seafood,32,59,26,26,0,6,59,2,6.5,14.5,377.0,-1.5,Sunday,1,0,6,0,No Action,39.0,18.75,100.0
2026-01-04,REST001,GreenBite Kitchen,P009,Avocado,Vegetables,50,71,37,37,0,6,78,2,1.5,4.2,155.4,-1.5,Sunday,1,0,7,0,No Action,9.0,13.95,100.0
2026-01-04,REST001,GreenBite Kitchen,P010,Pasta,Dry Goods,144,182,71,71,0,2,253,4,0.9,3.0,213.0,-1.5,Sunday,1,0,14,0,No Action,1.8,2.74,100.0
2026-01-05,REST001,GreenBite Kitchen,P001,Chicken Breast,Meat,114,121,53,53,0,8,174,3,4.2,9.5,503.5,-0.6,Monday,0,0,12,0,No Action,33.6,13.11,100.0
2026-01-05,REST001,GreenBite Kitchen,P002,Tomatoes,Vegetables,68,184,58,58,0,12,182,2,1.1,3.2,185.6,-0.6,Monday,0,0,16,0,No Action,13.2,17.14,100.0
2026-01-05,REST001,GreenBite Kitchen,P003,Rice,Dry Goods,343,0,84,84,0,4,255,4,0.8,2.8,235.2,-0.6,Monday,0,0,18,0,No Action,3.2,4.55,100.0
2026-01-05,REST001,GreenBite Kitchen,P004,Milk,Dairy,58,116,42,42,0,6,126,2,1.0,2.4,100.8,-0.6,Monday,0,0,10,0,No Action,6.0,12.5,100.0
2026-01-05,REST001,GreenBite Kitchen,P005,Cheese,Dairy,124,0,36,36,0,3,85,3,2.8,6.5,234.0,-0.6,Monday,0,0,8,0,No Action,8.4,7.69,100.0
2026-01-05,REST001,GreenBite Kitchen,P006,Potatoes,Vegetables,66,169,70,70,0,10,155,2,0.7,2.5,175.0,-0.6,Monday,0,0,14,0,No Action,7.0,12.5,100.0
2026-01-05,REST001,GreenBite Kitchen,P007,Bread,Bakery,79,0,46,46,0,4,29,1,1.2,3.0,138.0,-0.6,Monday,0,0,12,43,Auto-Order,4.8,8.0,100.0
2026-01-05,REST001,GreenBite Kitchen,P008,Salmon Fillet,Seafood,59,0,19,19,0,2,38,2,6.5,14.5,275.5,-0.6,Monday,0,0,6,6,Auto-Order,13.0,9.52,100.0
2026-01-05,REST001,GreenBite Kitchen,P009,Avocado,Vegetables,78,0,26,26,0,5,47,2,1.5,4.2,109.2,-0.6,Monday,0,0,7,6,Auto-Order,7.5,16.13,100.0
2026-01-05,REST001,GreenBite Kitchen,P010,Pasta,Dry Goods,253,0,60,60,0,3,190,4,0.9,3.0,180.0,-0.6,Monday,0,0,14,0,No Action,2.7,4.76,100.0
2026-01-06,REST001,GreenBite Kitchen,P001,Chicken Breast,Meat,174,0,44,44,0,6,124,3,4.2,9.5,418.0,1.6,Tuesday,0,0,12,0,No Action,25.2,12.0,100.0
2026-01-06,REST001,GreenBite Kitchen,P002,Tomatoes,Vegetables,182,0,61,61,0,10,111,2,1.1,3.2,195.2,1.6,Tuesday,0,0,16,4,Auto-Order,11.0,14.08,100.0
2026-01-06,REST001,GreenBite Kitchen,P003,Rice,Dry Goods,255,0,83,83,0,3,169,4,0.8,2.8,232.4,1.6,Tuesday,0,1,18,0,No Action,2.4,3.49,100.0
2026-01-06,REST001,GreenBite Kitchen,P004,Milk,Dairy,126,0,44,44,0,4,78,2,1.0,2.4,105.6,1.6,Tuesday,0,0,10,0,No Action,4.0,8.33,100.0
2026-01-06,REST001,GreenBite Kitchen,P005,Cheese,Dairy,85,81,32,32,0,4,130,3,2.8,6.5,208.0,1.6,Tuesday,0,0,8,0,No Action,11.2,11.11,100.0
2026-01-06,REST001,GreenBite Kitchen,P006,Potatoes,Vegetables,155,0,61,61,0,5,89,2,0.7,2.5,152.5,1.6,Tuesday,0,0,14,18,Auto-Order,3.5,7.58,100.0
2026-01-06,REST001,GreenBite Kitchen,P007,Bread,Bakery,29,115,50,50,0,9,85,1,1.2,3.0,150.0,1.6,Tuesday,0,0,12,0,No Action,10.8,15.25,100.0
2026-01-06,REST001,GreenBite Kitchen,P008,Salmon Fillet,Seafood,38,60,27,27,0,4,67,2,6.5,14.5,391.5,1.6,Tuesday,0,0,6,0,No Action,26.0,12.9,100.0
2026-01-06,REST001,GreenBite Kitchen,P009,Avocado,Vegetables,47,65,28,28,0,5,79,2,1.5,4.2,117.6,1.6,Tuesday,0,0,7,0,No Action,7.5,15.15,100.0
2026-01-06,REST001,GreenBite Kitchen,P010,Pasta,Dry Goods,190,0,55,55,0,2,133,4,0.9,3.0,165.0,1.6,Tuesday,0,0,14,0,No Action,1.8,3.51,100.0
2026-01-07,REST001,GreenBite Kitchen,P001,Chicken Breast,Meat,124,122,49,49,0,9,188,3,4.2,9.5,465.5,-4.7,Wednesday,0,0,12,0,No Action,37.8,15.52,100.0
2026-01-07,REST001,GreenBite Kitchen,P002,Tomatoes,Vegetables,111,137,49,49,0,13,186,2,1.1,3.2,156.8,-4.7,Wednesday,0,0,16,0,No Action,14.3,20.97,100.0
2026-01-07,REST001,GreenBite Kitchen,P003,Rice,Dry Goods,169,261,68,68,0,3,359,4,0.8,2.8,190.4,-4.7,Wednesday,0,0,18,0,No Action,2.4,4.23,100.0
2026-01-07,REST001,GreenBite Kitchen,P004,Milk,Dairy,78,93,41,41,0,6,124,2,1.0,2.4,98.4,-4.7,Wednesday,0,0,10,0,No Action,6.0,12.77,100.0
2026-01-07,REST001,GreenBite Kitchen,P005,Cheese,Dairy,130,0,35,35,0,4,91,3,2.8,6.5,227.5,-4.7,Wednesday,0,0,8,0,No Action,11.2,10.26,100.0
2026-01-07,REST001,GreenBite Kitchen,P006,Potatoes,Vegetables,89,139,65,65,0,9,154,2,0.7,2.5,162.5,-4.7,Wednesday,0,0,14,0,No Action,6.3,12.16,100.0
2026-01-07,REST001,GreenBite Kitchen,P007,Bread,Bakery,85,0,48,48,0,5,32,1,1.2,3.0,144.0,-4.7,Wednesday,0,0,12,40,Auto-Order,6.0,9.43,100.0
2026-01-07,REST001,GreenBite Kitchen,P008,Salmon Fillet,Seafood,67,0,24,24,0,3,40,2,6.5,14.5,348.0,-4.7,Wednesday,0,0,6,4,Auto-Order,19.5,11.11,100.0
2026-01-07,REST001,GreenBite Kitchen,P009,Avocado,Vegetables,79,0,31,31,0,3,45,2,1.5,4.2,130.2,-4.7,Wednesday,0,0,7,8,Auto-Order,4.5,8.82,100.0
2026-01-07,REST001,GreenBite Kitchen,P010,Pasta,Dry Goods,133,196,63,63,0,3,263,4,0.9,3.0,189.0,-4.7,Wednesday,0,0,14,0,No Action,2.7,4.55,100.0
2026-01-08,REST001,GreenBite Kitchen,P001,Chicken Breast,Meat,188,0,46,46,0,7,135,3,4.2,9.5,437.0,0.3,Thursday,0,0,12,0,No Action,29.4,13.21,100.0
2026-01-08,REST001,GreenBite Kitchen,P002,Tomatoes,Vegetables,186,0,61,61,0,9,116,2,1.1,3.2,195.2,0.3,Thursday,0,0,16,0,No Action,9.9,12.86,100.0
2026-01-08,REST001,GreenBite Kitchen,P003,Rice,Dry Goods,359,0,63,63,0,2,294,4,0.8,2.8,176.4,0.3,Thursday,0,0,18,0,No Action,1.6,3.08,100.0
2026-01-08,REST001,GreenBite Kitchen,P004,Milk,Dairy,124,0,43,43,0,4,77,2,1.0,2.4,103.2,0.3,Thursday,0,0,10,0,No Action,4.0,8.51,100.0
2026-01-08,REST001,GreenBite Kitchen,P005,Cheese,Dairy,91,0,37,37,0,4,50,3,2.8,6.5,240.5,0.3,Thursday,0,0,8,19,Auto-Order,11.2,9.76,100.0
2026-01-08,REST001,GreenBite Kitchen,P006,Potatoes,Vegetables,154,0,61,61,0,3,90,2,0.7,2.5,152.5,0.3,Thursday,0,0,14,17,Auto-Order,2.1,4.69,100.0
2026-01-08,REST001,GreenBite Kitchen,P007,Bread,Bakery,32,109,49,49,0,7,85,1,1.2,3.0,147.0,0.3,Thursday,0,0,12,0,No Action,8.4,12.5,100.0
2026-01-08,REST001,GreenBite Kitchen,P008,Salmon Fillet,Seafood,40,54,27,27,0,4,63,2,6.5,14.5,391.5,0.3,Thursday,0,1,6,0,No Action,26.0,12.9,100.0
2026-01-08,REST001,GreenBite Kitchen,P009,Avocado,Vegetables,45,77,31,31,0,5,86,2,1.5,4.2,130.2,0.3,Thursday,0,0,7,0,No Action,7.5,13.89,100.0
2026-01-08,REST001,GreenBite Kitchen,P010,Pasta,Dry Goods,263,0,56,56,0,2,205,4,0.9,3.0,168.0,0.3,Thursday,0,0,14,0,No Action,1.8,3.45,100.0
2026-01-09,REST001,GreenBite Kitchen,P001,Chicken Breast,Meat,135,13,42,42,0,6,100,3,4.2,9.5,399.0,3.2,Friday,0,0,12,18,Auto-Order,25.2,12.5,100.0
2026-01-09,REST001,GreenBite Kitchen,P002,Tomatoes,Vegetables,116,132,59,59,0,13,176,2,1.1,3.2,188.8,3.2,Friday,0,0,16,0,No Action,14.3,18.06,100.0
2026-01-09,REST001,GreenBite Kitchen,P003,Rice,Dry Goods,294,0,71,71,0,2,221,4,0.8,2.8,198.8,3.2,Friday,0,0,18,0,No Action,1.6,2.74,100.0
2026-01-09,REST001,GreenBite Kitchen,P004,Milk,Dairy,77,89,44,44,0,7,115,2,1.0,2.4,105.6,3.2,Friday,0,0,10,0,No Action,7.0,13.73,100.0
2026-01-09,REST001,GreenBite Kitchen,P005,Cheese,Dairy,50,111,34,34,0,7,120,3,2.8,6.5,221.0,3.2,Friday,0,0,8,0,No Action,19.6,17.07,100.0
2026-01-09,REST001,GreenBite Kitchen,P006,Potatoes,Vegetables,90,139,58,58,0,9,162,2,0.7,2.5,145.0,3.2,Friday,0,0,14,0,No Action,6.3,13.43,100.0
2026-01-09,REST001,GreenBite Kitchen,P007,Bread,Bakery,85,0,48,48,0,4,33,1,1.2,3.0,144.0,3.2,Friday,0,0,12,48,Auto-Order,4.8,7.69,100.0
2026-01-09,REST001,GreenBite Kitchen,P008,Salmon Fillet,Seafood,63,0,24,24,0,0,39,2,6.5,14.5,348.0,3.2,Friday,0,0,6,12,Auto-Order,0.0,0.0,100.0
2026-01-09,REST001,GreenBite Kitchen,P009,Avocado,Vegetables,86,0,31,31,0,4,51,2,1.5,4.2,130.2,3.2,Friday,0,0,7,10,Auto-Order,6.0,11.43,100.0
2026-01-09,REST001,GreenBite Kitchen,P010,Pasta,Dry Goods,205,0,57,57,0,2,146,4,0.9,3.0,171.0,3.2,Friday,0,0,14,0,No Action,1.8,3.39,100.0
2026-01-10,REST001,GreenBite Kitchen,P001,Chicken Breast,Meat,100,139,56,56,0,9,174,3,4.2,9.5,532.0,-0.9,Saturday,1,0,12,0,No Action,37.8,13.85,100.0
2026-01-10,REST001,GreenBite Kitchen,P002,Tomatoes,Vegetables,176,0,73,73,0,9,94,2,1.1,3.2,233.6,-0.9,Saturday,1,0,16,37,Auto-Order,9.9,10.98,100.0
2026-01-10,REST001,GreenBite Kitchen,P003,Rice,Dry Goods,221,215,78,78,0,5,353,4,0.8,2.8,218.4,-0.9,Saturday,1,0,18,0,No Action,4.0,6.02,100.0
2026-01-10,REST001,GreenBite Kitchen,P004,Milk,Dairy,115,0,51,51,0,4,60,2,1.0,2.4,122.4,-0.9,Saturday,1,0,10,28,Auto-Order,4.0,7.27,100.0
2026-01-10,REST001,GreenBite Kitchen,P005,Cheese,Dairy,120,0,41,41,0,4,75,3,2.8,6.5,266.5,-0.9,Saturday,1,0,8,3,Auto-Order,11.2,8.89,100.0
2026-01-10,REST001,GreenBite Kitchen,P006,Potatoes,Vegetables,162,0,80,80,0,6,76,2,0.7,2.5,200.0,-0.9,Saturday,1,0,14,45,Auto-Order,4.2,6.98,100.0
2026-01-10,REST001,GreenBite Kitchen,P007,Bread,Bakery,33,107,62,62,0,8,70,1,1.2,3.0,186.0,-0.9,Saturday,1,1,12,11,Auto-Order,9.6,11.43,100.0
2026-01-10,REST001,GreenBite Kitchen,P008,Salmon Fillet,Seafood,39,54,30,30,0,2,61,2,6.5,14.5,435.0,-0.9,Saturday,1,0,6,0,No Action,13.0,6.25,100.0
2026-01-10,REST001,GreenBite Kitchen,P009,Avocado,Vegetables,51,66,33,33,0,4,80,2,1.5,4.2,138.6,-0.9,Saturday,1,0,7,0,No Action,6.0,10.81,100.0
2026-01-10,REST001,GreenBite Kitchen,P010,Pasta,Dry Goods,146,180,68,68,0,2,256,4,0.9,3.0,204.0,-0.9,Saturday,1,0,14,0,No Action,1.8,2.86,100.0
2026-01-11,REST001,GreenBite Kitchen,P001,Chicken Breast,Meat,174,0,67,67,0,7,100,3,4.2,9.5,636.5,2.2,Sunday,1,1,12,3,Auto-Order,29.4,9.46,100.0
2026-01-11,REST001,GreenBite Kitchen,P002,Tomatoes,Vegetables,94,151,82,82,0,12,151,2,1.1,3.2,262.4,2.2,Sunday,1,0,16,0,No Action,13.2,12.77,100.0
2026-01-11,REST001,GreenBite Kitchen,P003,Rice,Dry Goods,353,0,97,97,0,3,253,4,0.8,2.8,271.6,2.2,Sunday,1,0,18,0,No Action,2.4,3.0,100.0
2026-01-11,REST001,GreenBite Kitchen,P004,Milk,Dairy,60,104,47,47,0,6,111,2,1.0,2.4,112.8,2.2,Sunday,1,0,10,0,No Action,6.0,11.32,100.0
2026-01-11,REST001,GreenBite Kitchen,P005,Cheese,Dairy,75,90,34,34,0,4,127,3,2.8,6.5,221.0,2.2,Sunday,1,0,8,0,No Action,11.2,10.53,100.0
2026-01-11,REST001,GreenBite Kitchen,P006,Potatoes,Vegetables,76,152,61,61,0,8,159,2,0.7,2.5,152.5,2.2,Sunday,1,0,14,0,No Action,5.6,11.59,100.0
2026-01-11,REST001,GreenBite Kitchen,P007,Bread,Bakery,70,0,52,52,0,4,14,1,1.2,3.0,156.0,2.2,Sunday,1,0,12,58,Manager Review,4.8,7.14,100.0
2026-01-11,REST001,GreenBite Kitchen,P008,Salmon Fillet,Seafood,61,0,24,24,0,1,36,2,6.5,14.5,348.0,2.2,Sunday,1,0,6,8,Auto-Order,6.5,4.0,100.0
2026-01-11,REST001,GreenBite Kitchen,P009,Avocado,Vegetables,80,0,35,35,0,3,42,2,1.5,4.2,147.0,2.2,Sunday,1,0,7,11,Auto-Order,4.5,7.89,100.0
2026-01-11,REST001,GreenBite Kitchen,P010,Pasta,Dry Goods,256,0,65,65,0,4,187,4,0.9,3.0,195.0,2.2,Sunday,1,0,14,0,No Action,3.6,5.8,100.0
2026-01-12,REST001,GreenBite Kitchen,P001,Chicken Breast,Meat,100,135,50,50,0,9,176,3,4.2,9.5,475.0,-1.3,Monday,0,0,12,0,No Action,37.8,15.25,100.0
2026-01-12,REST001,GreenBite Kitchen,P002,Tomatoes,Vegetables,151,0,65,65,0,8,78,2,1.1,3.2,208.0,-1.3,Monday,0,0,16,37,Auto-Order,8.8,10.96,100.0
2026-01-12,REST001,GreenBite Kitchen,P003,Rice,Dry Goods,253,0,87,87,0,1,165,4,0.8,2.8,243.6,-1.3,Monday,0,1,18,0,No Action,0.8,1.14,100.0
2026-01-12,REST001,GreenBite Kitchen,P004,Milk,Dairy,111,0,42,42,0,4,65,2,1.0,2.4,100.8,-1.3,Monday,0,0,10,12,Auto-Order,4.0,8.7,100.0
2026-01-12,REST001,GreenBite Kitchen,P005,Cheese,Dairy,127,0,39,39,0,3,85,3,2.8,6.5,253.5,-1.3,Monday,0,0,8,0,No Action,8.4,7.14,100.0
2026-01-12,REST001,GreenBite Kitchen,P006,Potatoes,Vegetables,159,0,62,62,0,6,91,2,0.7,2.5,155.0,-1.3,Monday,0,0,14,16,Auto-Order,4.2,8.82,100.0
2026-01-12,REST001,GreenBite Kitchen,P007,Bread,Bakery,14,126,40,40,0,6,94,1,1.2,3.0,120.0,-1.3,Monday,0,0,12,0,No Action,7.2,13.04,100.0
2026-01-12,REST001,GreenBite Kitchen,P008,Salmon Fillet,Seafood,36,66,26,26,0,4,72,2,6.5,14.5,377.0,-1.3,Monday,0,0,6,0,No Action,26.0,13.33,100.0
2026-01-12,REST001,GreenBite Kitchen,P009,Avocado,Vegetables,42,73,31,31,0,4,80,2,1.5,4.2,130.2,-1.3,Monday,0,0,7,0,No Action,6.0,11.43,100.0
2026-01-12,REST001,GreenBite Kitchen,P010,Pasta,Dry Goods,187,0,58,58,0,2,127,4,0.9,3.0,174.0,-1.3,Monday,0,0,14,0,No Action,1.8,3.33,100.0
2026-01-13,REST001,GreenBite Kitchen,P001,Chicken Breast,Meat,176,0,53,53,0,7,116,3,4.2,9.5,503.5,0.9,Tuesday,0,0,12,0,No Action,29.4,11.67,100.0
2026-01-13,REST001,GreenBite Kitchen,P002,Tomatoes,Vegetables,78,174,64,64,0,13,175,2,1.1,3.2,204.8,0.9,Tuesday,0,0,16,0,No Action,14.3,16.88,100.0
2026-01-13,REST001,GreenBite Kitchen,P003,Rice,Dry Goods,165,265,69,69,0,4,357,4,0.8,2.8,193.2,0.9,Tuesday,0,0,18,0,No Action,3.2,5.48,100.0
2026-01-13,REST001,GreenBite Kitchen,P004,Milk,Dairy,65,103,42,42,0,7,119,2,1.0,2.4,100.8,0.9,Tuesday,0,0,10,0,No Action,7.0,14.29,100.0
2026-01-13,REST001,GreenBite Kitchen,P005,Cheese,Dairy,85,80,32,32,0,5,128,3,2.8,6.5,208.0,0.9,Tuesday,0,0,8,0,No Action,14.0,13.51,100.0
2026-01-13,REST001,GreenBite Kitchen,P006,Potatoes,Vegetables,91,141,63,63,0,9,160,2,0.7,2.5,157.5,0.9,Tuesday,0,0,14,0,No Action,6.3,12.5,100.0
2026-01-13,REST001,GreenBite Kitchen,P007,Bread,Bakery,94,0,41,41,0,4,49,1,1.2,3.0,123.0,0.9,Tuesday,0,0,12,23,Auto-Order,4.8,8.89,100.0
2026-01-13,REST001,GreenBite Kitchen,P008,Salmon Fillet,Seafood,72,0,24,24,0,3,45,2,6.5,14.5,348.0,0.9,Tuesday,0,0,6,0,No Action,19.5,11.11,100.0
2026-01-13,REST001,GreenBite Kitchen,P009,Avocado,Vegetables,80,0,29,29,0,4,47,2,1.5,4.2,121.8,0.9,Tuesday,0,0,7,6,Auto-Order,6.0,12.12,100.0
2026-01-13,REST001,GreenBite Kitchen,P010,Pasta,Dry Goods,127,202,54,54,0,2,273,4,0.9,3.0,162.0,0.9,Tuesday,0,0,14,0,No Action,1.8,3.57,100.0
2026-01-14,REST001,GreenBite Kitchen,P001,Chicken Breast,Meat,116,119,52,52,0,9,174,3,4.2,9.5,494.0,-1.7,Wednesday,0,0,12,0,No Action,37.8,14.75,100.0
2026-01-14,REST001,GreenBite Kitchen,P002,Tomatoes,Vegetables,175,0,63,63,0,10,102,2,1.1,3.2,201.6,-1.7,Wednesday,0,0,16,13,Auto-Order,11.0,13.7,100.0
2026-01-14,REST001,GreenBite Kitchen,P003,Rice,Dry Goods,357,0,70,70,0,2,285,4,0.8,2.8,196.0,-1.7,Wednesday,0,0,18,0,No Action,1.6,2.78,100.0
2026-01-14,REST001,GreenBite Kitchen,P004,Milk,Dairy,119,0,43,43,0,5,71,2,1.0,2.4,103.2,-1.7,Wednesday,0,0,10,6,Auto-Order,5.0,10.42,100.0
2026-01-14,REST001,GreenBite Kitchen,P005,Cheese,Dairy,128,0,31,31,0,4,93,3,2.8,6.5,201.5,-1.7,Wednesday,0,0,8,0,No Action,11.2,11.43,100.0
2026-01-14,REST001,GreenBite Kitchen,P006,Potatoes,Vegetables,160,0,61,61,0,6,93,2,0.7,2.5,152.5,-1.7,Wednesday,0,0,14,14,Auto-Order,4.2,8.96,100.0
2026-01-14,REST001,GreenBite Kitchen,P007,Bread,Bakery,49,85,45,45,0,6,83,1,1.2,3.0,135.0,-1.7,Wednesday,0,0,12,0,No Action,7.2,11.76,100.0
2026-01-14,REST001,GreenBite Kitchen,P008,Salmon Fillet,Seafood,45,51,26,26,0,2,68,2,6.5,14.5,377.0,-1.7,Wednesday,0,0,6,0,No Action,13.0,7.14,100.0
2026-01-14,REST001,GreenBite Kitchen,P009,Avocado,Vegetables,47,72,30,30,0,6,83,2,1.5,4.2,126.0,-1.7,Wednesday,0,0,7,0,No Action,9.0,16.67,100.0
2026-01-14,REST001,GreenBite Kitchen,P010,Pasta,Dry Goods,273,0,65,65,0,2,206,4,0.9,3.0,195.0,-1.7,Wednesday,0,0,14,0,No Action,1.8,2.99,100.0
2026-01-15,REST001,GreenBite Kitchen,P001,Chicken Breast,Meat,174,0,41,41,0,7,126,3,4.2,9.5,389.5,0.7,Thursday,0,0,12,0,No Action,29.4,14.58,100.0
2026-01-15,REST001,GreenBite Kitchen,P002,Tomatoes,Vegetables,102,152,71,71,0,13,170,2,1.1,3.2,227.2,0.7,Thursday,0,0,16,0,No Action,14.3,15.48,100.0
2026-01-15,REST001,GreenBite Kitchen,P003,Rice,Dry Goods,285,0,76,76,0,3,206,4,0.8,2.8,212.8,0.7,Thursday,0,0,18,0,No Action,2.4,3.8,100.0
2026-01-15,REST001,GreenBite Kitchen,P004,Milk,Dairy,71,93,40,40,0,6,118,2,1.0,2.4,96.0,0.7,Thursday,0,0,10,0,No Action,6.0,13.04,100.0
2026-01-15,REST001,GreenBite Kitchen,P005,Cheese,Dairy,93,0,36,36,0,3,54,3,2.8,6.5,234.0,0.7,Thursday,0,0,8,15,Auto-Order,8.4,7.69,100.0
2026-01-15,REST001,GreenBite Kitchen,P006,Potatoes,Vegetables,93,145,58,58,0,10,170,2,0.7,2.5,145.0,0.7,Thursday,0,0,14,0,No Action,7.0,14.71,100.0
2026-01-15,REST001,GreenBite Kitchen,P007,Bread,Bakery,83,0,44,44,0,3,36,1,1.2,3.0,132.0,0.7,Thursday,0,0,12,36,Auto-Order,3.6,6.38,100.0
2026-01-15,REST001,GreenBite Kitchen,P008,Salmon Fillet,Seafood,68,9,25,25,0,4,48,2,6.5,14.5,362.5,0.7,Thursday,0,0,6,0,No Action,26.0,13.79,100.0
2026-01-15,REST001,GreenBite Kitchen,P009,Avocado,Vegetables,83,0,28,28,0,4,51,2,1.5,4.2,117.6,0.7,Thursday,0,0,7,2,Auto-Order,6.0,12.5,100.0
2026-01-15,REST001,GreenBite Kitchen,P010,Pasta,Dry Goods,206,0,67,67,0,2,137,4,0.9,3.0,201.0,0.7,Thursday,0,0,14,0,No Action,1.8,2.9,100.0
2026-01-16,REST001,GreenBite Kitchen,P001,Chicken Breast,Meat,126,115,59,59,0,8,174,3,4.2,9.5,560.5,1.0,Friday,0,1,12,0,No Action,33.6,11.94,100.0
2026-01-16,REST001,GreenBite Kitchen,P002,Tomatoes,Vegetables,170,0,56,56,0,8,106,2,1.1,3.2,179.2,1.0,Friday,0,0,16,25,Auto-Order,8.8,12.5,100.0
2026-01-16,REST001,GreenBite Kitchen,P003,Rice,Dry Goods,206,223,69,69,0,4,356,4,0.8,2.8,193.2,1.0,Friday,0,0,18,0,No Action,3.2,5.48,100.0
2026-01-16,REST001,GreenBite Kitchen,P004,Milk,Dairy,118,0,43,43,0,4,71,2,1.0,2.4,103.2,1.0,Friday,0,0,10,17,Auto-Order,4.0,8.51,100.0
2026-01-16,REST001,GreenBite Kitchen,P005,Cheese,Dairy,54,108,34,34,0,5,123,3,2.8,6.5,221.0,1.0,Friday,0,0,8,0,No Action,14.0,12.82,100.0
2026-01-16,REST001,GreenBite Kitchen,P006,Potatoes,Vegetables,170,0,66,66,0,7,97,2,0.7,2.5,165.0,1.0,Friday,0,0,14,24,Auto-Order,4.9,9.59,100.0
2026-01-16,REST001,GreenBite Kitchen,P007,Bread,Bakery,36,97,43,43,0,8,82,1,1.2,3.0,129.0,1.0,Friday,0,0,12,0,No Action,9.6,15.69,100.0
2026-01-16,REST001,GreenBite Kitchen,P008,Salmon Fillet,Seafood,48,51,29,29,0,3,67,2,6.5,14.5,420.5,1.0,Friday,0,0,6,0,No Action,19.5,9.38,100.0
2026-01-16,REST001,GreenBite Kitchen,P009,Avocado,Vegetables,51,67,30,30,0,6,82,2,1.5,4.2,126.0,1.0,Friday,0,0,7,0,No Action,9.0,16.67,100.0
2026-01-16,REST001,GreenBite Kitchen,P010,Pasta,Dry Goods,137,190,54,54,0,3,270,4,0.9,3.0,162.0,1.0,Friday,0,0,14,0,No Action,2.7,5.26,100.0
2026-01-17,REST001,GreenBite Kitchen,P001,Chicken Breast,Meat,174,0,52,52,0,5,117,3,4.2,9.5,494.0,1.4,Saturday,1,0,12,1,Auto-Order,21.0,8.77,100.0
2026-01-17,REST001,GreenBite Kitchen,P002,Tomatoes,Vegetables,106,140,77,77,0,12,157,2,1.1,3.2,246.4,1.4,Saturday,1,0,16,0,No Action,13.2,13.48,100.0
2026-01-17,REST001,GreenBite Kitchen,P003,Rice,Dry Goods,356,0,76,76,0,3,277,4,0.8,2.8,212.8,1.4,Saturday,1,0,18,0,No Action,2.4,3.8,100.0
2026-01-17,REST001,GreenBite Kitchen,P004,Milk,Dairy,71,96,62,62,0,6,99,2,1.0,2.4,148.8,1.4,Saturday,1,1,10,0,No Action,6.0,8.82,100.0
2026-01-17,REST001,GreenBite Kitchen,P005,Cheese,Dairy,123,0,41,41,0,3,79,3,2.8,6.5,266.5,1.4,Saturday,1,0,8,0,No Action,8.4,6.82,100.0
2026-01-17,REST001,GreenBite Kitchen,P006,Potatoes,Vegetables,97,135,70,70,0,9,153,2,0.7,2.5,175.0,1.4,Saturday,1,0,14,0,No Action,6.3,11.39,100.0
2026-01-17,REST001,GreenBite Kitchen,P007,Bread,Bakery,82,0,49,49,0,6,27,1,1.2,3.0,147.0,1.4,Saturday,1,0,12,54,Manager Review,7.2,10.91,100.0
2026-01-17,REST001,GreenBite Kitchen,P008,Salmon Fillet,Seafood,67,0,30,30,0,2,35,2,6.5,14.5,435.0,1.4,Saturday,1,0,6,16,Auto-Order,13.0,6.25,100.0
2026-01-17,REST001,GreenBite Kitchen,P009,Avocado,Vegetables,82,0,34,34,0,3,45,2,1.5,4.2,142.8,1.4,Saturday,1,0,7,16,Auto-Order,4.5,8.11,100.0
2026-01-17,REST001,GreenBite Kitchen,P010,Pasta,Dry Goods,270,0,71,71,0,4,195,4,0.9,3.0,213.0,1.4,Saturday,1,0,14,0,No Action,3.6,5.33,100.0
2026-01-18,REST001,GreenBite Kitchen,P001,Chicken Breast,Meat,117,126,49,49,0,9,185,3,4.2,9.5,465.5,-0.1,Sunday,1,0,12,0,No Action,37.8,15.52,100.0
2026-01-18,REST001,GreenBite Kitchen,P002,Tomatoes,Vegetables,157,0,75,75,0,7,75,2,1.1,3.2,240.0,-0.1,Sunday,1,0,16,40,Auto-Order,7.7,8.54,100.0
2026-01-18,REST001,GreenBite Kitchen,P003,Rice,Dry Goods,277,0,92,92,0,3,182,4,0.8,2.8,257.6,-0.1,Sunday,1,0,18,0,No Action,2.4,3.16,100.0
2026-01-18,REST001,GreenBite Kitchen,P004,Milk,Dairy,99,0,52,52,0,4,43,2,1.0,2.4,124.8,-0.1,Sunday,1,0,10,34,Auto-Order,4.0,7.14,100.0
2026-01-18,REST001,GreenBite Kitchen,P005,Cheese,Dairy,79,79,37,37,0,6,115,3,2.8,6.5,240.5,-0.1,Sunday,1,0,8,0,No Action,16.8,13.95,100.0
2026-01-18,REST001,GreenBite Kitchen,P006,Potatoes,Vegetables,153,0,76,76,0,6,71,2,0.7,2.5,190.0,-0.1,Sunday,1,0,14,36,Auto-Order,4.2,7.32,100.0
2026-01-18,REST001,GreenBite Kitchen,P007,Bread,Bakery,27,115,56,56,0,6,80,1,1.2,3.0,168.0,-0.1,Sunday,1,0,12,0,No Action,7.2,9.68,100.0
2026-01-18,REST001,GreenBite Kitchen,P008,Salmon Fillet,Seafood,35,61,35,35,0,3,58,2,6.5,14.5,507.5,-0.1,Sunday,1,1,6,0,No Action,19.5,7.89,100.0
2026-01-18,REST001,GreenBite Kitchen,P009,Avocado,Vegetables,45,67,32,32,0,6,74,2,1.5,4.2,134.4,-0.1,Sunday,1,0,7,0,No Action,9.0,15.79,100.0
2026-01-18,REST001,GreenBite Kitchen,P010,Pasta,Dry Goods,195,0,58,58,0,0,137,4,0.9,3.0,174.0,-0.1,Sunday,1,0,14,0,No Action,0.0,0.0,100.0
2026-01-19,REST001,GreenBite Kitchen,P001,Chicken Breast,Meat,185,0,58,58,0,5,122,3,4.2,9.5,551.0,0.0,Monday,0,1,12,0,No Action,21.0,7.94,100.0
2026-01-19,REST001,GreenBite Kitchen,P002,Tomatoes,Vegetables,75,173,57,57,0,12,179,2,1.1,3.2,182.4,0.0,Monday,0,0,16,0,No Action,13.2,17.39,100.0
2026-01-19,REST001,GreenBite Kitchen,P003,Rice,Dry Goods,182,245,72,72,0,2,353,4,0.8,2.8,201.6,0.0,Monday,0,0,18,0,No Action,1.6,2.7,100.0
2026-01-19,REST001,GreenBite Kitchen,P004,Milk,Dairy,43,123,42,42,0,6,118,2,1.0,2.4,100.8,0.0,Monday,0,0,10,0,No Action,6.0,12.5,100.0
2026-01-19,REST001,GreenBite Kitchen,P005,Cheese,Dairy,115,0,40,40,0,2,73,3,2.8,6.5,260.0,0.0,Monday,0,0,8,0,No Action,5.6,4.76,100.0
2026-01-19,REST001,GreenBite Kitchen,P006,Potatoes,Vegetables,71,160,54,54,0,9,168,2,0.7,2.5,135.0,0.0,Monday,0,0,14,0,No Action,6.3,14.29,100.0
2026-01-19,REST001,GreenBite Kitchen,P007,Bread,Bakery,80,0,44,44,0,5,31,1,1.2,3.0,132.0,0.0,Monday,0,0,12,41,Auto-Order,6.0,10.2,100.0
2026-01-19,REST001,GreenBite Kitchen,P008,Salmon Fillet,Seafood,58,0,23,23,0,3,32,2,6.5,14.5,333.5,0.0,Monday,0,0,6,12,Auto-Order,19.5,11.54,100.0
2026-01-19,REST001,GreenBite Kitchen,P009,Avocado,Vegetables,74,0,31,31,0,2,41,2,1.5,4.2,130.2,0.0,Monday,0,0,7,12,Auto-Order,3.0,6.06,100.0
2026-01-19,REST001,GreenBite Kitchen,P010,Pasta,Dry Goods,137,193,56,56,0,3,271,4,0.9,3.0,168.0,0.0,Monday,0,0,14,0,No Action,2.7,5.08,100.0
2026-01-20,REST001,GreenBite Kitchen,P001,Chicken Breast,Meat,122,117,47,47,0,8,184,3,4.2,9.5,446.5,2.5,Tuesday,0,0,12,0,No Action,33.6,14.55,100.0
2026-01-20,REST001,GreenBite Kitchen,P002,Tomatoes,Vegetables,179,16,61,61,0,11,123,2,1.1,3.2,195.2,2.5,Tuesday,0,0,16,0,No Action,12.1,15.28,100.0
2026-01-20,REST001,GreenBite Kitchen,P003,Rice,Dry Goods,353,0,72,72,0,3,278,4,0.8,2.8,201.6,2.5,Tuesday,0,0,18,0,No Action,2.4,4.0,100.0
2026-01-20,REST001,GreenBite Kitchen,P004,Milk,Dairy,118,0,38,38,0,4,76,2,1.0,2.4,91.2,2.5,Tuesday,0,0,10,1,Auto-Order,4.0,9.52,100.0
2026-01-20,REST001,GreenBite Kitchen,P005,Cheese,Dairy,73,94,34,34,0,3,130,3,2.8,6.5,221.0,2.5,Tuesday,0,0,8,0,No Action,8.4,8.11,100.0
2026-01-20,REST001,GreenBite Kitchen,P006,Potatoes,Vegetables,168,0,77,77,0,4,87,2,0.7,2.5,192.5,2.5,Tuesday,0,1,14,20,Auto-Order,2.8,4.94,100.0
2026-01-20,REST001,GreenBite Kitchen,P007,Bread,Bakery,31,109,45,45,0,10,85,1,1.2,3.0,135.0,2.5,Tuesday,0,0,12,0,No Action,12.0,18.18,100.0
2026-01-20,REST001,GreenBite Kitchen,P008,Salmon Fillet,Seafood,32,70,21,21,0,6,75,2,6.5,14.5,304.5,2.5,Tuesday,0,0,6,0,No Action,39.0,22.22,100.0
2026-01-20,REST001,GreenBite Kitchen,P009,Avocado,Vegetables,41,79,30,30,0,5,85,2,1.5,4.2,126.0,2.5,Tuesday,0,0,7,0,No Action,7.5,14.29,100.0
2026-01-20,REST001,GreenBite Kitchen,P010,Pasta,Dry Goods,271,0,56,56,0,3,212,4,0.9,3.0,168.0,2.5,Tuesday,0,0,14,0,No Action,2.7,5.08,100.0
2026-01-21,REST001,GreenBite Kitchen,P001,Chicken Breast,Meat,184,0,45,45,0,6,133,3,4.2,9.5,427.5,2.7,Wednesday,0,0,12,0,No Action,25.2,11.76,100.0
2026-01-21,REST001,GreenBite Kitchen,P002,Tomatoes,Vegetables,123,128,61,61,0,12,178,2,1.1,3.2,195.2,2.7,Wednesday,0,0,16,0,No Action,13.2,16.44,100.0
2026-01-21,REST001,GreenBite Kitchen,P003,Rice,Dry Goods,278,0,62,62,0,2,214,4,0.8,2.8,173.6,2.7,Wednesday,0,0,18,0,No Action,1.6,3.12,100.0
2026-01-21,REST001,GreenBite Kitchen,P004,Milk,Dairy,76,89,38,38,0,5,122,2,1.0,2.4,91.2,2.7,Wednesday,0,0,10,0,No Action,5.0,11.63,100.0
2026-01-21,REST001,GreenBite Kitchen,P005,Cheese,Dairy,130,0,37,37,0,3,90,3,2.8,6.5,240.5,2.7,Wednesday,0,0,8,0,No Action,8.4,7.5,100.0
2026-01-21,REST001,GreenBite Kitchen,P006,Potatoes,Vegetables,87,144,64,64,0,9,158,2,0.7,2.5,160.0,2.7,Wednesday,0,0,14,0,No Action,6.3,12.33,100.0
2026-01-21,REST001,GreenBite Kitchen,P007,Bread,Bakery,85,0,44,44,0,5,36,1,1.2,3.0,132.0,2.7,Wednesday,0,0,12,36,Auto-Order,6.0,10.2,100.0
2026-01-21,REST001,GreenBite Kitchen,P008,Salmon Fillet,Seafood,75,0,23,23,0,4,48,2,6.5,14.5,333.5,2.7,Wednesday,0,0,6,0,No Action,26.0,14.81,100.0
2026-01-21,REST001,GreenBite Kitchen,P009,Avocado,Vegetables,85,0,30,30,0,4,51,2,1.5,4.2,126.0,2.7,Wednesday,0,0,7,2,Auto-Order,6.0,11.76,100.0
2026-01-21,REST001,GreenBite Kitchen,P010,Pasta,Dry Goods,212,0,60,60,0,2,150,4,0.9,3.0,180.0,2.7,Wednesday,0,0,14,0,No Action,1.8,3.23,100.0
2026-01-22,REST001,GreenBite Kitchen,P001,Chicken Breast,Meat,133,0,49,49,0,5,79,3,4.2,9.5,465.5,2.9,Thursday,0,0,12,24,Auto-Order,21.0,9.26,100.0
2026-01-22,REST001,GreenBite Kitchen,P002,Tomatoes,Vegetables,178,0,66,66,0,8,104,2,1.1,3.2,211.2,2.9,Thursday,0,0,16,11,Auto-Order,8.8,10.81,100.0
2026-01-22,REST001,GreenBite Kitchen,P003,Rice,Dry Goods,214,225,76,76,0,5,358,4,0.8,2.8,212.8,2.9,Thursday,0,0,18,0,No Action,4.0,6.17,100.0
2026-01-22,REST001,GreenBite Kitchen,P004,Milk,Dairy,122,0,38,38,0,5,79,2,1.0,2.4,91.2,2.9,Thursday,0,0,10,0,No Action,5.0,11.63,100.0
2026-01-22,REST001,GreenBite Kitchen,P005,Cheese,Dairy,90,0,34,34,0,3,53,3,2.8,6.5,221.0,2.9,Thursday,0,0,8,16,Auto-Order,8.4,8.11,100.0
2026-01-22,REST001,GreenBite Kitchen,P006,Potatoes,Vegetables,158,0,71,71,0,7,80,2,0.7,2.5,177.5,2.9,Thursday,0,0,14,27,Auto-Order,4.9,8.97,100.0
2026-01-22,REST001,GreenBite Kitchen,P007,Bread,Bakery,36,97,44,44,0,7,82,1,1.2,3.0,132.0,2.9,Thursday,0,0,12,0,No Action,8.4,13.73,100.0
2026-01-22,REST001,GreenBite Kitchen,P008,Salmon Fillet,Seafood,48,49,24,24,0,4,69,2,6.5,14.5,348.0,2.9,Thursday,0,0,6,0,No Action,26.0,14.29,100.0
2026-01-22,REST001,GreenBite Kitchen,P009,Avocado,Vegetables,51,62,30,30,0,4,79,2,1.5,4.2,126.0,2.9,Thursday,0,0,7,0,No Action,6.0,11.76,100.0
2026-01-22,REST001,GreenBite Kitchen,P010,Pasta,Dry Goods,150,176,51,51,0,3,272,4,0.9,3.0,153.0,2.9,Thursday,0,0,14,0,No Action,2.7,5.56,100.0
2026-01-23,REST001,GreenBite Kitchen,P001,Chicken Breast,Meat,79,164,45,45,0,8,190,3,4.2,9.5,427.5,1.5,Friday,0,0,12,0,No Action,33.6,15.09,100.0
2026-01-23,REST001,GreenBite Kitchen,P002,Tomatoes,Vegetables,104,148,58,58,0,12,182,2,1.1,3.2,185.6,1.5,Friday,0,0,16,0,No Action,13.2,17.14,100.0
2026-01-23,REST001,GreenBite Kitchen,P003,Rice,Dry Goods,358,22,66,66,0,3,311,4,0.8,2.8,184.8,1.5,Friday,0,0,18,0,No Action,2.4,4.35,100.0
2026-01-23,REST001,GreenBite Kitchen,P004,Milk,Dairy,79,85,37,37,0,4,123,2,1.0,2.4,88.8,1.5,Friday,0,0,10,0,No Action,4.0,9.76,100.0
2026-01-23,REST001,GreenBite Kitchen,P005,Cheese,Dairy,53,112,36,36,0,3,126,3,2.8,6.5,234.0,1.5,Friday,0,0,8,0,No Action,8.4,7.69,100.0
2026-01-23,REST001,GreenBite Kitchen,P006,Potatoes,Vegetables,80,157,68,68,0,9,160,2,0.7,2.5,170.0,1.5,Friday,0,0,14,0,No Action,6.3,11.69,100.0
2026-01-23,REST001,GreenBite Kitchen,P007,Bread,Bakery,82,0,51,51,0,6,25,1,1.2,3.0,153.0,1.5,Friday,0,0,12,56,Manager Review,7.2,10.53,100.0
2026-01-23,REST001,GreenBite Kitchen,P008,Salmon Fillet,Seafood,69,0,24,24,0,4,41,2,6.5,14.5,348.0,1.5,Friday,0,0,6,10,Auto-Order,26.0,14.29,100.0
2026-01-23,REST001,GreenBite Kitchen,P009,Avocado,Vegetables,79,0,27,27,0,5,47,2,1.5,4.2,113.4,1.5,Friday,0,0,7,14,Auto-Order,7.5,15.62,100.0
2026-01-23,REST001,GreenBite Kitchen,P010,Pasta,Dry Goods,272,0,51,51,0,3,218,4,0.9,3.0,153.0,1.5,Friday,0,0,14,0,No Action,2.7,5.56,100.0
2026-01-24,REST001,GreenBite Kitchen,P001,Chicken Breast,Meat,190,0,57,57,0,7,126,3,4.2,9.5,541.5,2.5,Saturday,1,0,12,0,No Action,29.4,10.94,100.0
2026-01-24,REST001,GreenBite Kitchen,P002,Tomatoes,Vegetables,182,0,71,71,0,9,102,2,1.1,3.2,227.2,2.5,Saturday,1,0,16,29,Auto-Order,9.9,11.25,100.0
2026-01-24,REST001,GreenBite Kitchen,P003,Rice,Dry Goods,311,0,70,70,0,3,238,4,0.8,2.8,196.0,2.5,Saturday,1,0,18,0,No Action,2.4,4.11,100.0
2026-01-24,REST001,GreenBite Kitchen,P004,Milk,Dairy,123,0,58,58,0,4,61,2,1.0,2.4,139.2,2.5,Saturday,1,1,10,27,Auto-Order,4.0,6.45,100.0
2026-01-24,REST001,GreenBite Kitchen,P005,Cheese,Dairy,126,0,38,38,0,3,85,3,2.8,6.5,247.0,2.5,Saturday,1,0,8,0,No Action,8.4,7.32,100.0
2026-01-24,REST001,GreenBite Kitchen,P006,Potatoes,Vegetables,160,0,101,101,0,4,55,2,0.7,2.5,252.5,2.5,Saturday,1,1,14,66,Manager Review,2.8,3.81,100.0
2026-01-24,REST001,GreenBite Kitchen,P007,Bread,Bakery,25,108,55,55,0,8,70,1,1.2,3.0,165.0,2.5,Saturday,1,0,12,11,Auto-Order,9.6,12.7,100.0
2026-01-24,REST001,GreenBite Kitchen,P008,Salmon Fillet,Seafood,41,52,28,28,0,4,61,2,6.5,14.5,406.0,2.5,Saturday,1,0,6,0,No Action,26.0,12.5,100.0
2026-01-24,REST001,GreenBite Kitchen,P009,Avocado,Vegetables,47,73,34,34,0,6,80,2,1.5,4.2,142.8,2.5,Saturday,1,0,7,0,No Action,9.0,15.0,100.0
2026-01-24,REST001,GreenBite Kitchen,P010,Pasta,Dry Goods,218,15,63,63,0,1,169,4,0.9,3.0,189.0,2.5,Saturday,1,0,14,0,No Action,0.9,1.56,100.0
2026-01-25,REST001,GreenBite Kitchen,P001,Chicken Breast,Meat,126,112,56,56,0,9,173,3,4.2,9.5,532.0,-0.6,Sunday,1,0,12,0,No Action,37.8,13.85,100.0
2026-01-25,REST001,GreenBite Kitchen,P002,Tomatoes,Vegetables,102,152,79,79,0,13,162,2,1.1,3.2,252.8,-0.6,Sunday,1,0,16,0,No Action,14.3,14.13,100.0
2026-01-25,REST001,GreenBite Kitchen,P003,Rice,Dry Goods,238,190,90,90,0,4,334,4,0.8,2.8,252.0,-0.6,Sunday,1,0,18,0,No Action,3.2,4.26,100.0
2026-01-25,REST001,GreenBite Kitchen,P004,Milk,Dairy,61,114,48,48,0,6,121,2,1.0,2.4,115.2,-0.6,Sunday,1,0,10,0,No Action,6.0,11.11,100.0
2026-01-25,REST001,GreenBite Kitchen,P005,Cheese,Dairy,85,71,40,40,0,4,112,3,2.8,6.5,260.0,-0.6,Sunday,1,0,8,0,No Action,11.2,9.09,100.0
2026-01-25,REST001,GreenBite Kitchen,P006,Potatoes,Vegetables,55,175,75,75,0,10,145,2,0.7,2.5,187.5,-0.6,Sunday,1,0,14,0,No Action,7.0,11.76,100.0
2026-01-25,REST001,GreenBite Kitchen,P007,Bread,Bakery,70,0,53,53,0,3,14,1,1.2,3.0,159.0,-0.6,Sunday,1,0,12,58,Manager Review,3.6,5.36,100.0
2026-01-25,REST001,GreenBite Kitchen,P008,Salmon Fillet,Seafood,61,0,24,24,0,2,35,2,6.5,14.5,348.0,-0.6,Sunday,1,0,6,9,Auto-Order,13.0,7.69,100.0
2026-01-25,REST001,GreenBite Kitchen,P009,Avocado,Vegetables,80,0,32,32,0,3,45,2,1.5,4.2,134.4,-0.6,Sunday,1,0,7,8,Auto-Order,4.5,8.57,100.0
2026-01-25,REST001,GreenBite Kitchen,P010,Pasta,Dry Goods,169,153,68,68,0,2,252,4,0.9,3.0,204.0,-0.6,Sunday,1,0,14,0,No Action,1.8,2.86,100.0
2026-01-26,REST001,GreenBite Kitchen,P001,Chicken Breast,Meat,173,0,52,52,0,7,114,3,4.2,9.5,494.0,-0.3,Monday,0,0,12,0,No Action,29.4,11.86,100.0
2026-01-26,REST001,GreenBite Kitchen,P002,Tomatoes,Vegetables,162,0,59,59,0,9,94,2,1.1,3.2,188.8,-0.3,Monday,0,0,16,21,Auto-Order,9.9,13.24,100.0
2026-01-26,REST001,GreenBite Kitchen,P003,Rice,Dry Goods,334,37,74,74,0,3,294,4,0.8,2.8,207.2,-0.3,Monday,0,0,18,0,No Action,2.4,3.9,100.0
2026-01-26,REST001,GreenBite Kitchen,P004,Milk,Dairy,121,0,35,35,0,4,82,2,1.0,2.4,84.0,-0.3,Monday,0,0,10,0,No Action,4.0,10.26,100.0
2026-01-26,REST001,GreenBite Kitchen,P005,Cheese,Dairy,112,0,32,32,0,4,76,3,2.8,6.5,208.0,-0.3,Monday,0,0,8,0,No Action,11.2,11.11,100.0
2026-01-26,REST001,GreenBite Kitchen,P006,Potatoes,Vegetables,145,0,66,66,0,4,75,2,0.7,2.5,165.0,-0.3,Monday,0,0,14,32,Auto-Order,2.8,5.71,100.0
2026-01-26,REST001,GreenBite Kitchen,P007,Bread,Bakery,14,130,44,44,0,8,92,1,1.2,3.0,132.0,-0.3,Monday,0,0,12,0,No Action,9.6,15.38,100.0
2026-01-26,REST001,GreenBite Kitchen,P008,Salmon Fillet,Seafood,35,64,24,24,0,4,71,2,6.5,14.5,348.0,-0.3,Monday,0,0,6,0,No Action,26.0,14.29,100.0
2026-01-26,REST001,GreenBite Kitchen,P009,Avocado,Vegetables,45,73,31,31,0,6,81,2,1.5,4.2,130.2,-0.3,Monday,0,0,7,0,No Action,9.0,16.22,100.0
2026-01-26,REST001,GreenBite Kitchen,P010,Pasta,Dry Goods,252,0,58,58,0,3,191,4,0.9,3.0,174.0,-0.3,Monday,0,0,14,0,No Action,2.7,4.92,100.0
2026-01-27,REST001,GreenBite Kitchen,P001,Chicken Breast,Meat,114,126,47,47,0,9,184,3,4.2,9.5,446.5,2.7,Tuesday,0,0,12,0,No Action,37.8,16.07,100.0
2026-01-27,REST001,GreenBite Kitchen,P002,Tomatoes,Vegetables,94,149,65,65,0,11,167,2,1.1,3.2,208.0,2.7,Tuesday,0,0,16,0,No Action,12.1,14.47,100.0
2026-01-27,REST001,GreenBite Kitchen,P003,Rice,Dry Goods,294,0,71,71,0,4,219,4,0.8,2.8,198.8,2.7,Tuesday,0,0,18,0,No Action,3.2,5.33,100.0
2026-01-27,REST001,GreenBite Kitchen,P004,Milk,Dairy,82,88,37,37,0,6,127,2,1.0,2.4,88.8,2.7,Tuesday,0,0,10,0,No Action,6.0,13.95,100.0
2026-01-27,REST001,GreenBite Kitchen,P005,Cheese,Dairy,76,91,37,37,0,4,126,3,2.8,6.5,240.5,2.7,Tuesday,0,0,8,0,No Action,11.2,9.76,100.0
2026-01-27,REST001,GreenBite Kitchen,P006,Potatoes,Vegetables,75,162,66,66,0,7,164,2,0.7,2.5,165.0,2.7,Tuesday,0,0,14,0,No Action,4.9,9.59,100.0
2026-01-27,REST001,GreenBite Kitchen,P007,Bread,Bakery,92,0,43,43,0,5,44,1,1.2,3.0,129.0,2.7,Tuesday,0,0,12,28,Auto-Order,6.0,10.42,100.0
2026-01-27,REST001,GreenBite Kitchen,P008,Salmon Fillet,Seafood,71,0,30,30,0,2,39,2,6.5,14.5,435.0,2.7,Tuesday,0,1,6,5,Auto-Order,13.0,6.25,100.0
2026-01-27,REST001,GreenBite Kitchen,P009,Avocado,Vegetables,81,0,29,29,0,3,49,2,1.5,4.2,121.8,2.7,Tuesday,0,0,7,4,Auto-Order,4.5,9.38,100.0
2026-01-27,REST001,GreenBite Kitchen,P010,Pasta,Dry Goods,191,19,59,59,0,3,148,4,0.9,3.0,177.0,2.7,Tuesday,0,0,14,0,No Action,2.7,4.84,100.0
2026-01-28,REST001,GreenBite Kitchen,P001,Chicken Breast,Meat,184,0,45,45,0,5,134,3,4.2,9.5,427.5,1.2,Wednesday,0,0,12,0,No Action,21.0,10.0,100.0
2026-01-28,REST001,GreenBite Kitchen,P002,Tomatoes,Vegetables,167,0,72,72,0,8,87,2,1.1,3.2,230.4,1.2,Wednesday,0,1,16,28,Auto-Order,8.8,10.0,100.0
2026-01-28,REST001,GreenBite Kitchen,P003,Rice,Dry Goods,219,219,70,70,0,4,364,4,0.8,2.8,196.0,1.2,Wednesday,0,0,18,0,No Action,3.2,5.41,100.0
2026-01-28,REST001,GreenBite Kitchen,P004,Milk,Dairy,127,0,43,43,0,4,80,2,1.0,2.4,103.2,1.2,Wednesday,0,0,10,0,No Action,4.0,8.51,100.0
2026-01-28,REST001,GreenBite Kitchen,P005,Cheese,Dairy,126,0,33,33,0,4,89,3,2.8,6.5,214.5,1.2,Wednesday,0,0,8,0,No Action,11.2,10.81,100.0
2026-01-28,REST001,GreenBite Kitchen,P006,Potatoes,Vegetables,164,0,74,74,0,6,84,2,0.7,2.5,185.0,1.2,Wednesday,0,1,14,23,Auto-Order,4.2,7.5,100.0
2026-01-28,REST001,GreenBite Kitchen,P007,Bread,Bakery,44,95,41,41,0,9,89,1,1.2,3.0,123.0,1.2,Wednesday,0,0,12,0,No Action,10.8,18.0,100.0
2026-01-28,REST001,GreenBite Kitchen,P008,Salmon Fillet,Seafood,39,62,24,24,0,4,73,2,6.5,14.5,348.0,1.2,Wednesday,0,0,6,0,No Action,26.0,14.29,100.0
2026-01-28,REST001,GreenBite Kitchen,P009,Avocado,Vegetables,49,71,27,27,0,7,86,2,1.5,4.2,113.4,1.2,Wednesday,0,0,7,0,No Action,10.5,20.59,100.0
2026-01-28,REST001,GreenBite Kitchen,P010,Pasta,Dry Goods,148,172,69,69,0,3,248,4,0.9,3.0,207.0,1.2,Wednesday,0,0,14,0,No Action,2.7,4.17,100.0
2026-01-29,REST001,GreenBite Kitchen,P001,Chicken Breast,Meat,134,0,49,49,0,4,81,3,4.2,9.5,465.5,1.0,Thursday,0,0,12,22,Auto-Order,16.8,7.55,100.0
2026-01-29,REST001,GreenBite Kitchen,P002,Tomatoes,Vegetables,87,163,61,61,0,13,176,2,1.1,3.2,195.2,1.0,Thursday,0,0,16,0,No Action,14.3,17.57,100.0
2026-01-29,REST001,GreenBite Kitchen,P003,Rice,Dry Goods,364,18,73,73,0,4,305,4,0.8,2.8,204.4,1.0,Thursday,0,0,18,0,No Action,3.2,5.19,100.0
2026-01-29,REST001,GreenBite Kitchen,P004,Milk,Dairy,80,83,52,52,0,6,105,2,1.0,2.4,124.8,1.0,Thursday,0,1,10,0,No Action,6.0,10.34,100.0
2026-01-29,REST001,GreenBite Kitchen,P005,Cheese,Dairy,89,0,36,36,0,3,50,3,2.8,6.5,234.0,1.0,Thursday,0,0,8,19,Auto-Order,8.4,7.69,100.0
2026-01-29,REST001,GreenBite Kitchen,P006,Potatoes,Vegetables,84,144,75,75,0,8,145,2,0.7,2.5,187.5,1.0,Thursday,0,1,14,0,No Action,5.6,9.64,100.0
2026-01-29,REST001,GreenBite Kitchen,P007,Bread,Bakery,89,0,45,45,0,4,40,1,1.2,3.0,135.0,1.0,Thursday,0,0,12,32,Auto-Order,4.8,8.16,100.0
2026-01-29,REST001,GreenBite Kitchen,P008,Salmon Fillet,Seafood,73,0,27,27,0,4,42,2,6.5,14.5,391.5,1.0,Thursday,0,0,6,2,Auto-Order,26.0,12.9,100.0
2026-01-29,REST001,GreenBite Kitchen,P009,Avocado,Vegetables,86,12,34,34,0,5,59,2,1.5,4.2,142.8,1.0,Thursday,0,0,7,0,No Action,7.5,12.82,100.0
2026-01-29,REST001,GreenBite Kitchen,P010,Pasta,Dry Goods,248,0,50,50,0,2,196,4,0.9,3.0,150.0,1.0,Thursday,0,0,14,0,No Action,1.8,3.85,100.0
2026-01-30,REST001,GreenBite Kitchen,P001,Chicken Breast,Meat,81,157,63,63,0,8,167,3,4.2,9.5,598.5,2.4,Friday,0,1,12,0,No Action,33.6,11.27,100.0
2026-01-30,REST001,GreenBite Kitchen,P002,Tomatoes,Vegetables,176,0,62,62,0,9,105,2,1.1,3.2,198.4,2.4,Friday,0,0,16,26,Auto-Order,9.9,12.68,100.0
2026-01-30,REST001,GreenBite Kitchen,P003,Rice,Dry Goods,305,0,74,74,0,1,230,4,0.8,2.8,207.2,2.4,Friday,0,0,18,0,No Action,0.8,1.33,100.0
2026-01-30,REST001,GreenBite Kitchen,P004,Milk,Dairy,105,0,59,59,0,3,43,2,1.0,2.4,141.6,2.4,Friday,0,1,10,45,Auto-Order,3.0,4.84,100.0
2026-01-30,REST001,GreenBite Kitchen,P005,Cheese,Dairy,50,116,31,31,0,5,130,3,2.8,6.5,201.5,2.4,Friday,0,0,8,0,No Action,14.0,13.89,100.0
2026-01-30,REST001,GreenBite Kitchen,P006,Potatoes,Vegetables,145,0,62,62,0,5,78,2,0.7,2.5,155.0,2.4,Friday,0,0,14,43,Auto-Order,3.5,7.46,100.0
2026-01-30,REST001,GreenBite Kitchen,P007,Bread,Bakery,40,96,42,42,0,9,85,1,1.2,3.0,126.0,2.4,Friday,0,0,12,0,No Action,10.8,17.65,100.0
2026-01-30,REST001,GreenBite Kitchen,P008,Salmon Fillet,Seafood,42,61,21,21,0,3,79,2,6.5,14.5,304.5,2.4,Friday,0,0,6,0,No Action,19.5,12.5,100.0
2026-01-30,REST001,GreenBite Kitchen,P009,Avocado,Vegetables,59,63,32,32,0,7,83,2,1.5,4.2,134.4,2.4,Friday,0,0,7,0,No Action,10.5,17.95,100.0
2026-01-30,REST001,GreenBite Kitchen,P010,Pasta,Dry Goods,196,0,60,60,0,2,134,4,0.9,3.0,180.0,2.4,Friday,0,0,14,0,No Action,1.8,3.23,100.0
2026-01-31,REST001,GreenBite Kitchen,P001,Chicken Breast,Meat,167,0,49,49,0,6,112,3,4.2,9.5,465.5,-6.2,Saturday,1,0,12,6,Auto-Order,25.2,10.91,100.0
2026-01-31,REST001,GreenBite Kitchen,P002,Tomatoes,Vegetables,105,142,78,78,0,14,155,2,1.1,3.2,249.6,-6.2,Saturday,1,0,16,0,No Action,15.4,15.22,100.0
2026-01-31,REST001,GreenBite Kitchen,P003,Rice,Dry Goods,230,197,84,84,0,3,340,4,0.8,2.8,235.2,-6.2,Saturday,1,0,18,0,No Action,2.4,3.45,100.0
2026-01-31,REST001,GreenBite Kitchen,P004,Milk,Dairy,43,127,44,44,0,5,121,2,1.0,2.4,105.6,-6.2,Saturday,1,0,10,0,No Action,5.0,10.2,100.0
2026-01-31,REST001,GreenBite Kitchen,P005,Cheese,Dairy,130,0,37,37,0,5,88,3,2.8,6.5,240.5,-6.2,Saturday,1,0,8,0,No Action,14.0,11.9,100.0
2026-01-31,REST001,GreenBite Kitchen,P006,Potatoes,Vegetables,78,152,78,78,0,8,144,2,0.7,2.5,195.0,-6.2,Saturday,1,0,14,0,No Action,5.6,9.3,100.0
2026-01-31,REST001,GreenBite Kitchen,P007,Bread,Bakery,85,0,49,49,0,4,32,1,1.2,3.0,147.0,-6.2,Saturday,1,0,12,49,Auto-Order,4.8,7.55,100.0
2026-01-31,REST001,GreenBite Kitchen,P008,Salmon Fillet,Seafood,79,0,29,29,0,3,47,2,6.5,14.5,420.5,-6.2,Saturday,1,0,6,4,Auto-Order,19.5,9.38,100.0
2026-01-31,REST001,GreenBite Kitchen,P009,Avocado,Vegetables,83,0,35,35,0,3,45,2,1.5,4.2,147.0,-6.2,Saturday,1,0,7,16,Auto-Order,4.5,7.89,100.0
2026-01-31,REST001,GreenBite Kitchen,P010,Pasta,Dry Goods,134,191,59,59,0,3,263,4,0.9,3.0,177.0,-6.2,Saturday,1,0,14,0,No Action,2.7,4.84,100.0
2026-02-01,REST001,GreenBite Kitchen,P001,Chicken Breast,Meat,112,127,73,73,0,7,159,3,4.2,9.5,693.5,-0.8,Sunday,1,1,12,0,No Action,29.4,8.75,100.0
2026-02-01,REST001,GreenBite Kitchen,P002,Tomatoes,Vegetables,155,28,71,71,0,8,104,2,1.1,3.2,227.2,-0.8,Sunday,1,0,16,11,Auto-Order,8.8,10.13,100.0
2026-02-01,REST001,GreenBite Kitchen,P003,Rice,Dry Goods,340,0,83,83,0,3,254,4,0.8,2.8,232.4,-0.8,Sunday,1,0,18,0,No Action,2.4,3.49,100.0
2026-02-01,REST001,GreenBite Kitchen,P004,Milk,Dairy,121,0,48,48,0,5,68,2,1.0,2.4,115.2,-0.8,Sunday,1,0,10,9,Auto-Order,5.0,9.43,100.0
2026-02-01,REST001,GreenBite Kitchen,P005,Cheese,Dairy,88,13,40,40,0,3,58,3,2.8,6.5,260.0,-0.8,Sunday,1,0,8,11,Auto-Order,8.4,6.98,100.0
2026-02-01,REST001,GreenBite Kitchen,P006,Potatoes,Vegetables,144,0,74,74,0,4,66,2,0.7,2.5,185.0,-0.8,Sunday,1,0,14,41,Auto-Order,2.8,5.13,100.0
2026-02-01,REST001,GreenBite Kitchen,P007,Bread,Bakery,32,102,53,53,0,7,74,1,1.2,3.0,159.0,-0.8,Sunday,1,0,12,0,No Action,8.4,11.67,100.0
2026-02-01,REST001,GreenBite Kitchen,P008,Salmon Fillet,Seafood,47,44,31,31,0,3,57,2,6.5,14.5,449.5,-0.8,Sunday,1,0,6,0,No Action,19.5,8.82,100.0
2026-02-01,REST001,GreenBite Kitchen,P009,Avocado,Vegetables,45,78,31,31,0,6,86,2,1.5,4.2,130.2,-0.8,Sunday,1,0,7,0,No Action,9.0,16.22,100.0
2026-02-01,REST001,GreenBite Kitchen,P010,Pasta,Dry Goods,263,0,65,65,0,4,194,4,0.9,3.0,195.0,-0.8,Sunday,1,0,14,0,No Action,3.6,5.8,100.0
2026-02-02,REST001,GreenBite Kitchen,P001,Chicken Breast,Meat,159,0,62,62,0,5,92,3,4.2,9.5,589.0,1.6,Monday,0,1,12,11,Auto-Order,21.0,7.46,100.0
2026-02-02,REST001,GreenBite Kitchen,P002,Tomatoes,Vegetables,104,148,60,60,0,14,178,2,1.1,3.2,192.0,1.6,Monday,0,0,16,0,No Action,15.4,18.92,100.0
2026-02-02,REST001,GreenBite Kitchen,P003,Rice,Dry Goods,254,0,68,68,0,2,184,4,0.8,2.8,190.4,1.6,Monday,0,0,18,0,No Action,1.6,2.86,100.0
2026-02-02,REST001,GreenBite Kitchen,P004,Milk,Dairy,68,106,38,38,0,6,130,2,1.0,2.4,91.2,1.6,Monday,0,0,10,0,No Action,6.0,13.64,100.0
2026-02-02,REST001,GreenBite Kitchen,P005,Cheese,Dairy,58,109,35,35,0,4,128,3,2.8,6.5,227.5,1.6,Monday,0,0,8,0,No Action,11.2,10.26,100.0
2026-02-02,REST001,GreenBite Kitchen,P006,Potatoes,Vegetables,66,170,64,64,0,7,165,2,0.7,2.5,160.0,1.6,Monday,0,0,14,0,No Action,4.9,9.86,100.0
2026-02-02,REST001,GreenBite Kitchen,P007,Bread,Bakery,74,0,42,42,0,5,27,1,1.2,3.0,126.0,1.6,Monday,0,0,12,45,Auto-Order,6.0,10.64,100.0
2026-02-02,REST001,GreenBite Kitchen,P008,Salmon Fillet,Seafood,57,0,24,24,0,1,32,2,6.5,14.5,348.0,1.6,Monday,0,0,6,12,Auto-Order,6.5,4.0,100.0
2026-02-02,REST001,GreenBite Kitchen,P009,Avocado,Vegetables,86,0,28,28,0,3,55,2,1.5,4.2,117.6,1.6,Monday,0,0,7,0,No Action,4.5,9.68,100.0
2026-02-02,REST001,GreenBite Kitchen,P010,Pasta,Dry Goods,194,0,51,51,0,1,142,4,0.9,3.0,153.0,1.6,Monday,0,0,14,0,No Action,0.9,1.92,100.0
2026-02-03,REST001,GreenBite Kitchen,P001,Chicken Breast,Meat,92,153,52,52,0,8,185,3,4.2,9.5,494.0,0.9,Tuesday,0,0,12,0,No Action,33.6,13.33,100.0
2026-02-03,REST001,GreenBite Kitchen,P002,Tomatoes,Vegetables,178,0,65,65,0,8,105,2,1.1,3.2,208.0,0.9,Tuesday,0,0,16,10,Auto-Order,8.8,10.96,100.0
2026-02-03,REST001,GreenBite Kitchen,P003,Rice,Dry Goods,184,253,70,70,0,3,364,4,0.8,2.8,196.0,0.9,Tuesday,0,0,18,0,No Action,2.4,4.11,100.0
2026-02-03,REST001,GreenBite Kitchen,P004,Milk,Dairy,130,0,46,46,0,6,78,2,1.0,2.4,110.4,0.9,Tuesday,0,0,10,0,No Action,6.0,11.54,100.0
2026-02-03,REST001,GreenBite Kitchen,P005,Cheese,Dairy,128,0,36,36,0,5,87,3,2.8,6.5,234.0,0.9,Tuesday,0,0,8,0,No Action,14.0,12.2,100.0
2026-02-03,REST001,GreenBite Kitchen,P006,Potatoes,Vegetables,165,0,84,84,0,6,75,2,0.7,2.5,210.0,0.9,Tuesday,0,1,14,32,Auto-Order,4.2,6.67,100.0
2026-02-03,REST001,GreenBite Kitchen,P007,Bread,Bakery,27,114,45,45,0,7,89,1,1.2,3.0,135.0,0.9,Tuesday,0,0,12,0,No Action,8.4,13.46,100.0
2026-02-03,REST001,GreenBite Kitchen,P008,Salmon Fillet,Seafood,32,59,26,26,0,2,63,2,6.5,14.5,377.0,0.9,Tuesday,0,0,6,0,No Action,13.0,7.14,100.0
2026-02-03,REST001,GreenBite Kitchen,P009,Avocado,Vegetables,55,58,29,29,0,7,77,2,1.5,4.2,121.8,0.9,Tuesday,0,0,7,0,No Action,10.5,19.44,100.0
2026-02-03,REST001,GreenBite Kitchen,P010,Pasta,Dry Goods,142,189,53,53,0,4,274,4,0.9,3.0,159.0,0.9,Tuesday,0,0,14,0,No Action,3.6,7.02,100.0
2026-02-04,REST001,GreenBite Kitchen,P001,Chicken Breast,Meat,185,0,48,48,0,6,131,3,4.2,9.5,456.0,1.1,Wednesday,0,0,12,0,No Action,25.2,11.11,100.0
2026-02-04,REST001,GreenBite Kitchen,P002,Tomatoes,Vegetables,105,149,55,55,0,13,186,2,1.1,3.2,176.0,1.1,Wednesday,0,0,16,0,No Action,14.3,19.12,100.0
2026-02-04,REST001,GreenBite Kitchen,P003,Rice,Dry Goods,364,0,68,68,0,3,293,4,0.8,2.8,190.4,1.1,Wednesday,0,0,18,0,No Action,2.4,4.23,100.0
2026-02-04,REST001,GreenBite Kitchen,P004,Milk,Dairy,78,85,52,52,0,5,106,2,1.0,2.4,124.8,1.1,Wednesday,0,0,10,0,No Action,5.0,8.77,100.0
2026-02-04,REST001,GreenBite Kitchen,P005,Cheese,Dairy,87,0,34,34,0,2,51,3,2.8,6.5,221.0,1.1,Wednesday,0,0,8,18,Auto-Order,5.6,5.56,100.0
2026-02-04,REST001,GreenBite Kitchen,P006,Potatoes,Vegetables,75,164,67,67,0,8,164,2,0.7,2.5,167.5,1.1,Wednesday,0,0,14,0,No Action,5.6,10.67,100.0
2026-02-04,REST001,GreenBite Kitchen,P007,Bread,Bakery,89,0,50,50,0,5,34,1,1.2,3.0,150.0,1.1,Wednesday,0,0,12,38,Auto-Order,6.0,9.09,100.0
2026-02-04,REST001,GreenBite Kitchen,P008,Salmon Fillet,Seafood,63,0,23,23,0,2,38,2,6.5,14.5,333.5,1.1,Wednesday,0,0,6,6,Auto-Order,13.0,8.0,100.0
2026-02-04,REST001,GreenBite Kitchen,P009,Avocado,Vegetables,77,0,29,29,0,3,45,2,1.5,4.2,121.8,1.1,Wednesday,0,0,7,8,Auto-Order,4.5,9.38,100.0
2026-02-04,REST001,GreenBite Kitchen,P010,Pasta,Dry Goods,274,29,56,56,0,2,245,4,0.9,3.0,168.0,1.1,Wednesday,0,0,14,0,No Action,1.8,3.45,100.0
2026-02-05,REST001,GreenBite Kitchen,P001,Chicken Breast,Meat,131,0,63,63,0,4,64,3,4.2,9.5,598.5,5.2,Thursday,0,1,12,39,Auto-Order,16.8,5.97,100.0
2026-02-05,REST001,GreenBite Kitchen,P002,Tomatoes,Vegetables,186,0,64,64,0,8,114,2,1.1,3.2,204.8,5.2,Thursday,0,0,16,1,Auto-Order,8.8,11.11,100.0
2026-02-05,REST001,GreenBite Kitchen,P003,Rice,Dry Goods,293,0,67,67,0,3,223,4,0.8,2.8,187.6,5.2,Thursday,0,0,18,0,No Action,2.4,4.29,100.0
2026-02-05,REST001,GreenBite Kitchen,P004,Milk,Dairy,106,0,42,42,0,4,60,2,1.0,2.4,100.8,5.2,Thursday,0,0,10,17,Auto-Order,4.0,8.7,100.0
2026-02-05,REST001,GreenBite Kitchen,P005,Cheese,Dairy,51,106,30,30,0,5,122,3,2.8,6.5,195.0,5.2,Thursday,0,0,8,0,No Action,14.0,14.29,100.0
2026-02-05,REST001,GreenBite Kitchen,P006,Potatoes,Vegetables,164,0,61,61,0,5,98,2,0.7,2.5,152.5,5.2,Thursday,0,0,14,9,Auto-Order,3.5,7.58,100.0
2026-02-05,REST001,GreenBite Kitchen,P007,Bread,Bakery,34,104,48,48,0,8,82,1,1.2,3.0,144.0,5.2,Thursday,0,0,12,0,No Action,9.6,14.29,100.0
2026-02-05,REST001,GreenBite Kitchen,P008,Salmon Fillet,Seafood,38,57,31,31,0,5,59,2,6.5,14.5,449.5,5.2,Thursday,0,1,6,0,No Action,32.5,13.89,100.0
2026-02-05,REST001,GreenBite Kitchen,P009,Avocado,Vegetables,45,76,26,26,0,6,89,2,1.5,4.2,109.2,5.2,Thursday,0,0,7,0,No Action,9.0,18.75,100.0
2026-02-05,REST001,GreenBite Kitchen,P010,Pasta,Dry Goods,245,0,57,57,0,3,185,4,0.9,3.0,171.0,5.2,Thursday,0,0,14,0,No Action,2.7,5.0,100.0
2026-02-06,REST001,GreenBite Kitchen,P001,Chicken Breast,Meat,64,181,46,46,0,8,191,3,4.2,9.5,437.0,-0.2,Friday,0,0,12,0,No Action,33.6,14.81,100.0
2026-02-06,REST001,GreenBite Kitchen,P002,Tomatoes,Vegetables,114,135,73,73,0,13,163,2,1.1,3.2,233.6,-0.2,Friday,0,0,16,0,No Action,14.3,15.12,100.0
2026-02-06,REST001,GreenBite Kitchen,P003,Rice,Dry Goods,223,212,78,78,0,3,354,4,0.8,2.8,218.4,-0.2,Friday,0,0,18,0,No Action,2.4,3.7,100.0
2026-02-06,REST001,GreenBite Kitchen,P004,Milk,Dairy,60,104,41,41,0,7,116,2,1.0,2.4,98.4,-0.2,Friday,0,0,10,0,No Action,7.0,14.58,100.0
2026-02-06,REST001,GreenBite Kitchen,P005,Cheese,Dairy,122,0,34,34,0,4,84,3,2.8,6.5,221.0,-0.2,Friday,0,0,8,0,No Action,11.2,10.53,100.0
2026-02-06,REST001,GreenBite Kitchen,P006,Potatoes,Vegetables,98,130,64,64,0,8,156,2,0.7,2.5,160.0,-0.2,Friday,0,0,14,0,No Action,5.6,11.11,100.0
2026-02-06,REST001,GreenBite Kitchen,P007,Bread,Bakery,82,0,52,52,0,5,25,1,1.2,3.0,156.0,-0.2,Friday,0,0,12,56,Manager Review,6.0,8.77,100.0
2026-02-06,REST001,GreenBite Kitchen,P008,Salmon Fillet,Seafood,59,0,31,31,0,2,26,2,6.5,14.5,449.5,-0.2,Friday,0,1,6,25,Auto-Order,13.0,6.06,100.0
2026-02-06,REST001,GreenBite Kitchen,P009,Avocado,Vegetables,89,0,30,30,0,4,55,2,1.5,4.2,126.0,-0.2,Friday,0,0,7,6,Auto-Order,6.0,11.76,100.0
2026-02-06,REST001,GreenBite Kitchen,P010,Pasta,Dry Goods,185,0,61,61,0,1,123,4,0.9,3.0,183.0,-0.2,Friday,0,0,14,11,Auto-Order,0.9,1.61,100.0
2026-02-07,REST001,GreenBite Kitchen,P001,Chicken Breast,Meat,191,0,53,53,0,6,132,3,4.2,9.5,503.5,0.7,Saturday,1,0,12,0,No Action,25.2,10.17,100.0
2026-02-07,REST001,GreenBite Kitchen,P002,Tomatoes,Vegetables,163,0,65,65,0,10,88,2,1.1,3.2,208.0,0.7,Saturday,1,0,16,43,Auto-Order,11.0,13.33,100.0
2026-02-07,REST001,GreenBite Kitchen,P003,Rice,Dry Goods,354,0,86,86,0,4,264,4,0.8,2.8,240.8,0.7,Saturday,1,0,18,0,No Action,3.2,4.44,100.0
2026-02-07,REST001,GreenBite Kitchen,P004,Milk,Dairy,116,0,59,59,0,4,53,2,1.0,2.4,141.6,0.7,Saturday,1,1,10,35,Auto-Order,4.0,6.35,100.0
2026-02-07,REST001,GreenBite Kitchen,P005,Cheese,Dairy,84,71,39,39,0,4,112,3,2.8,6.5,253.5,0.7,Saturday,1,0,8,0,No Action,11.2,9.3,100.0
2026-02-07,REST001,GreenBite Kitchen,P006,Potatoes,Vegetables,156,0,75,75,0,5,76,2,0.7,2.5,187.5,0.7,Saturday,1,0,14,45,Auto-Order,3.5,6.25,100.0
2026-02-07,REST001,GreenBite Kitchen,P007,Bread,Bakery,25,108,64,64,0,8,61,1,1.2,3.0,192.0,0.7,Saturday,1,0,12,20,Auto-Order,9.6,11.11,100.0
2026-02-07,REST001,GreenBite Kitchen,P008,Salmon Fillet,Seafood,26,77,29,29,0,5,69,2,6.5,14.5,420.5,0.7,Saturday,1,0,6,0,No Action,32.5,14.71,100.0
2026-02-07,REST001,GreenBite Kitchen,P009,Avocado,Vegetables,55,67,36,36,0,7,79,2,1.5,4.2,151.2,0.7,Saturday,1,0,7,0,No Action,10.5,16.28,100.0
2026-02-07,REST001,GreenBite Kitchen,P010,Pasta,Dry Goods,123,207,70,70,0,3,257,4,0.9,3.0,210.0,0.7,Saturday,1,0,14,0,No Action,2.7,4.11,100.0
2026-02-08,REST001,GreenBite Kitchen,P001,Chicken Breast,Meat,132,0,53,53,0,5,74,3,4.2,9.5,503.5,-0.5,Sunday,1,0,12,29,Auto-Order,21.0,8.62,100.0
2026-02-08,REST001,GreenBite Kitchen,P002,Tomatoes,Vegetables,88,156,65,65,0,13,166,2,1.1,3.2,208.0,-0.5,Sunday,1,0,16,0,No Action,14.3,16.67,100.0
2026-02-08,REST001,GreenBite Kitchen,P003,Rice,Dry Goods,264,0,84,84,0,3,177,4,0.8,2.8,235.2,-0.5,Sunday,1,0,18,0,No Action,2.4,3.45,100.0
2026-02-08,REST001,GreenBite Kitchen,P004,Milk,Dairy,53,118,47,47,0,7,117,2,1.0,2.4,112.8,-0.5,Sunday,1,0,10,0,No Action,7.0,12.96,100.0
2026-02-08,REST001,GreenBite Kitchen,P005,Cheese,Dairy,112,0,43,43,0,4,65,3,2.8,6.5,279.5,-0.5,Sunday,1,0,8,4,Auto-Order,11.2,8.51,100.0
2026-02-08,REST001,GreenBite Kitchen,P006,Potatoes,Vegetables,76,152,82,82,0,8,138,2,0.7,2.5,205.0,-0.5,Sunday,1,0,14,0,No Action,5.6,8.89,100.0
2026-02-08,REST001,GreenBite Kitchen,P007,Bread,Bakery,61,76,70,70,0,7,60,1,1.2,3.0,210.0,-0.5,Sunday,1,1,12,12,Auto-Order,8.4,9.09,100.0
2026-02-08,REST001,GreenBite Kitchen,P008,Salmon Fillet,Seafood,69,0,28,28,0,2,39,2,6.5,14.5,406.0,-0.5,Sunday,1,0,6,5,Auto-Order,13.0,6.67,100.0
2026-02-08,REST001,GreenBite Kitchen,P009,Avocado,Vegetables,79,14,40,40,0,4,49,2,1.5,4.2,168.0,-0.5,Sunday,1,1,7,4,Auto-Order,6.0,9.09,100.0
2026-02-08,REST001,GreenBite Kitchen,P010,Pasta,Dry Goods,257,0,65,65,0,1,191,4,0.9,3.0,195.0,-0.5,Sunday,1,0,14,0,No Action,0.9,1.52,100.0
2026-02-09,REST001,GreenBite Kitchen,P001,Chicken Breast,Meat,74,165,52,52,0,9,178,3,4.2,9.5,494.0,3.5,Monday,0,0,12,0,No Action,37.8,14.75,100.0
2026-02-09,REST001,GreenBite Kitchen,P002,Tomatoes,Vegetables,166,0,62,62,0,8,96,2,1.1,3.2,198.4,3.5,Monday,0,0,16,19,Auto-Order,8.8,11.43,100.0
2026-02-09,REST001,GreenBite Kitchen,P003,Rice,Dry Goods,177,257,71,71,0,4,359,4,0.8,2.8,198.8,3.5,Monday,0,0,18,0,No Action,3.2,5.33,100.0
2026-02-09,REST001,GreenBite Kitchen,P004,Milk,Dairy,117,0,44,44,0,4,69,2,1.0,2.4,105.6,3.5,Monday,0,0,10,8,Auto-Order,4.0,8.33,100.0
2026-02-09,REST001,GreenBite Kitchen,P005,Cheese,Dairy,65,96,35,35,0,5,121,3,2.8,6.5,227.5,3.5,Monday,0,0,8,0,No Action,14.0,12.5,100.0
2026-02-09,REST001,GreenBite Kitchen,P006,Potatoes,Vegetables,138,0,57,57,0,5,76,2,0.7,2.5,142.5,3.5,Monday,0,0,14,31,Auto-Order,3.5,8.06,100.0
2026-02-09,REST001,GreenBite Kitchen,P007,Bread,Bakery,60,74,39,39,0,8,87,1,1.2,3.0,117.0,3.5,Monday,0,0,12,0,No Action,9.6,17.02,100.0
2026-02-09,REST001,GreenBite Kitchen,P008,Salmon Fillet,Seafood,39,55,27,27,0,5,62,2,6.5,14.5,391.5,3.5,Monday,0,0,6,0,No Action,32.5,15.62,100.0
2026-02-09,REST001,GreenBite Kitchen,P009,Avocado,Vegetables,49,70,29,29,0,6,84,2,1.5,4.2,121.8,3.5,Monday,0,0,7,0,No Action,9.0,17.14,100.0
2026-02-09,REST001,GreenBite Kitchen,P010,Pasta,Dry Goods,191,0,60,60,0,2,129,4,0.9,3.0,180.0,3.5,Monday,0,0,14,0,No Action,1.8,3.23,100.0
2026-02-10,REST001,GreenBite Kitchen,P001,Chicken Breast,Meat,178,0,44,44,0,5,129,3,4.2,9.5,418.0,0.8,Tuesday,0,0,12,0,No Action,21.0,10.2,100.0
2026-02-10,REST001,GreenBite Kitchen,P002,Tomatoes,Vegetables,96,156,66,66,0,13,173,2,1.1,3.2,211.2,0.8,Tuesday,0,0,16,0,No Action,14.3,16.46,100.0
2026-02-10,REST001,GreenBite Kitchen,P003,Rice,Dry Goods,359,0,74,74,0,4,281,4,0.8,2.8,207.2,0.8,Tuesday,0,0,18,0,No Action,3.2,5.13,100.0
2026-02-10,REST001,GreenBite Kitchen,P004,Milk,Dairy,69,98,47,47,0,6,114,2,1.0,2.4,112.8,0.8,Tuesday,0,0,10,0,No Action,6.0,11.32,100.0
2026-02-10,REST001,GreenBite Kitchen,P005,Cheese,Dairy,121,0,37,37,0,4,80,3,2.8,6.5,240.5,0.8,Tuesday,0,0,8,0,No Action,11.2,9.76,100.0
2026-02-10,REST001,GreenBite Kitchen,P006,Potatoes,Vegetables,76,153,61,61,0,8,160,2,0.7,2.5,152.5,0.8,Tuesday,0,0,14,0,No Action,5.6,11.59,100.0
2026-02-10,REST001,GreenBite Kitchen,P007,Bread,Bakery,87,0,52,52,0,4,31,1,1.2,3.0,156.0,0.8,Tuesday,0,0,12,41,Auto-Order,4.8,7.14,100.0
2026-02-10,REST001,GreenBite Kitchen,P008,Salmon Fillet,Seafood,62,0,29,29,0,1,32,2,6.5,14.5,420.5,0.8,Tuesday,0,0,6,12,Auto-Order,6.5,3.33,100.0
2026-02-10,REST001,GreenBite Kitchen,P009,Avocado,Vegetables,84,0,28,28,0,4,52,2,1.5,4.2,117.6,0.8,Tuesday,0,0,7,1,Auto-Order,6.0,12.5,100.0
2026-02-10,REST001,GreenBite Kitchen,P010,Pasta,Dry Goods,129,196,63,63,0,2,260,4,0.9,3.0,189.0,0.8,Tuesday,0,0,14,0,No Action,1.8,3.08,100.0
2026-02-11,REST001,GreenBite Kitchen,P001,Chicken Breast,Meat,129,118,46,46,0,10,191,3,4.2,9.5,437.0,0.6,Wednesday,0,0,12,0,No Action,42.0,17.86,100.0
2026-02-11,REST001,GreenBite Kitchen,P002,Tomatoes,Vegetables,173,0,57,57,0,7,109,2,1.1,3.2,182.4,0.6,Wednesday,0,0,16,6,Auto-Order,7.7,10.94,100.0
2026-02-11,REST001,GreenBite Kitchen,P003,Rice,Dry Goods,281,0,69,69,0,2,210,4,0.8,2.8,193.2,0.6,Wednesday,0,0,18,0,No Action,1.6,2.82,100.0
2026-02-11,REST001,GreenBite Kitchen,P004,Milk,Dairy,114,0,37,37,0,3,74,2,1.0,2.4,88.8,0.6,Wednesday,0,0,10,3,Auto-Order,3.0,7.5,100.0
2026-02-11,REST001,GreenBite Kitchen,P005,Cheese,Dairy,80,75,35,35,0,5,115,3,2.8,6.5,227.5,0.6,Wednesday,0,0,8,0,No Action,14.0,12.5,100.0
2026-02-11,REST001,GreenBite Kitchen,P006,Potatoes,Vegetables,160,0,59,59,0,7,94,2,0.7,2.5,147.5,0.6,Wednesday,0,0,14,13,Auto-Order,4.9,10.61,100.0
2026-02-11,REST001,GreenBite Kitchen,P007,Bread,Bakery,31,104,49,49,0,8,78,1,1.2,3.0,147.0,0.6,Wednesday,0,0,12,0,No Action,9.6,14.04,100.0
2026-02-11,REST001,GreenBite Kitchen,P008,Salmon Fillet,Seafood,32,65,25,25,0,5,67,2,6.5,14.5,362.5,0.6,Wednesday,0,0,6,0,No Action,32.5,16.67,100.0
2026-02-11,REST001,GreenBite Kitchen,P009,Avocado,Vegetables,52,71,33,33,0,5,85,2,1.5,4.2,138.6,0.6,Wednesday,0,0,7,0,No Action,7.5,13.16,100.0
2026-02-11,REST001,GreenBite Kitchen,P010,Pasta,Dry Goods,260,0,59,59,0,1,200,4,0.9,3.0,177.0,0.6,Wednesday,0,0,14,0,No Action,0.9,1.67,100.0
2026-02-12,REST001,GreenBite Kitchen,P001,Chicken Breast,Meat,191,0,50,50,0,6,135,3,4.2,9.5,475.0,0.2,Thursday,0,0,12,0,No Action,25.2,10.71,100.0
2026-02-12,REST001,GreenBite Kitchen,P002,Tomatoes,Vegetables,109,140,64,64,0,12,173,2,1.1,3.2,204.8,0.2,Thursday,0,0,16,0,No Action,13.2,15.79,100.0
2026-02-12,REST001,GreenBite Kitchen,P003,Rice,Dry Goods,210,228,72,72,0,3,363,4,0.8,2.8,201.6,0.2,Thursday,0,0,18,0,No Action,2.4,4.0,100.0
2026-02-12,REST001,GreenBite Kitchen,P004,Milk,Dairy,74,95,46,46,0,6,117,2,1.0,2.4,110.4,0.2,Thursday,0,0,10,0,No Action,6.0,11.54,100.0
2026-02-12,REST001,GreenBite Kitchen,P005,Cheese,Dairy,115,0,35,35,0,5,75,3,2.8,6.5,227.5,0.2,Thursday,0,0,8,0,No Action,14.0,12.5,100.0
2026-02-12,REST001,GreenBite Kitchen,P006,Potatoes,Vegetables,94,135,69,69,0,7,153,2,0.7,2.5,172.5,0.2,Thursday,0,0,14,0,No Action,4.9,9.21,100.0
2026-02-12,REST001,GreenBite Kitchen,P007,Bread,Bakery,78,0,49,49,0,6,23,1,1.2,3.0,147.0,0.2,Thursday,0,0,12,49,Auto-Order,7.2,10.91,100.0
2026-02-12,REST001,GreenBite Kitchen,P008,Salmon Fillet,Seafood,67,0,24,24,0,4,39,2,6.5,14.5,348.0,0.2,Thursday,0,0,6,5,Auto-Order,26.0,14.29,100.0
2026-02-12,REST001,GreenBite Kitchen,P009,Avocado,Vegetables,85,0,29,29,0,4,52,2,1.5,4.2,121.8,0.2,Thursday,0,0,7,1,Auto-Order,6.0,12.12,100.0
2026-02-12,REST001,GreenBite Kitchen,P010,Pasta,Dry Goods,200,0,58,58,0,2,140,4,0.9,3.0,174.0,0.2,Thursday,0,0,14,0,No Action,1.8,3.33,100.0
2026-02-13,REST001,GreenBite Kitchen,P001,Chicken Breast,Meat,135,0,51,51,0,5,79,3,4.2,9.5,484.5,3.8,Friday,0,0,12,39,Auto-Order,21.0,8.93,100.0
2026-02-13,REST001,GreenBite Kitchen,P002,Tomatoes,Vegetables,173,0,68,68,0,9,96,2,1.1,3.2,217.6,3.8,Friday,0,0,16,35,Auto-Order,9.9,11.69,100.0
2026-02-13,REST001,GreenBite Kitchen,P003,Rice,Dry Goods,363,0,75,75,0,3,285,4,0.8,2.8,210.0,3.8,Friday,0,0,18,0,No Action,2.4,3.85,100.0
2026-02-13,REST001,GreenBite Kitchen,P004,Milk,Dairy,117,0,61,61,0,4,52,2,1.0,2.4,146.4,3.8,Friday,0,1,10,36,Auto-Order,4.0,6.15,100.0
2026-02-13,REST001,GreenBite Kitchen,P005,Cheese,Dairy,75,83,35,35,0,3,120,3,2.8,6.5,227.5,3.8,Friday,0,0,8,0,No Action,8.4,7.89,100.0
2026-02-13,REST001,GreenBite Kitchen,P006,Potatoes,Vegetables,153,0,56,56,0,5,92,2,0.7,2.5,140.0,3.8,Friday,0,0,14,29,Auto-Order,3.5,8.2,100.0
2026-02-13,REST001,GreenBite Kitchen,P007,Bread,Bakery,23,118,45,45,0,7,89,1,1.2,3.0,135.0,3.8,Friday,0,0,12,0,No Action,8.4,13.46,100.0
2026-02-13,REST001,GreenBite Kitchen,P008,Salmon Fillet,Seafood,39,64,25,25,0,3,75,2,6.5,14.5,362.5,3.8,Friday,0,0,6,0,No Action,19.5,10.71,100.0
2026-02-13,REST001,GreenBite Kitchen,P009,Avocado,Vegetables,52,71,31,31,0,6,86,2,1.5,4.2,130.2,3.8,Friday,0,0,7,0,No Action,9.0,16.22,100.0
2026-02-13,REST001,GreenBite Kitchen,P010,Pasta,Dry Goods,140,191,57,57,0,3,271,4,0.9,3.0,171.0,3.8,Friday,0,0,14,0,No Action,2.7,5.0,100.0
2026-02-14,REST001,GreenBite Kitchen,P001,Chicken Breast,Meat,79,161,66,66,0,10,164,3,4.2,9.5,627.0,5.4,Saturday,1,0,12,0,No Action,42.0,13.16,100.0
2026-02-14,REST001,GreenBite Kitchen,P002,Tomatoes,Vegetables,96,154,74,74,0,14,162,2,1.1,3.2,236.8,5.4,Saturday,1,0,16,0,No Action,15.4,15.91,100.0
2026-02-14,REST001,GreenBite Kitchen,P003,Rice,Dry Goods,285,0,88,88,0,4,193,4,0.8,2.8,246.4,5.4,Saturday,1,0,18,0,No Action,3.2,4.35,100.0
2026-02-14,REST001,GreenBite Kitchen,P004,Milk,Dairy,52,112,47,47,0,5,112,2,1.0,2.4,112.8,5.4,Saturday,1,0,10,0,No Action,5.0,9.62,100.0
2026-02-14,REST001,GreenBite Kitchen,P005,Cheese,Dairy,120,0,36,36,0,4,80,3,2.8,6.5,234.0,5.4,Saturday,1,0,8,0,No Action,11.2,10.0,100.0
2026-02-14,REST001,GreenBite Kitchen,P006,Potatoes,Vegetables,92,146,70,70,0,9,159,2,0.7,2.5,175.0,5.4,Saturday,1,0,14,0,No Action,6.3,11.39,100.0
2026-02-14,REST001,GreenBite Kitchen,P007,Bread,Bakery,89,0,51,51,0,6,32,1,1.2,3.0,153.0,5.4,Saturday,1,0,12,49,Auto-Order,7.2,10.53,100.0
2026-02-14,REST001,GreenBite Kitchen,P008,Salmon Fillet,Seafood,75,0,26,26,0,5,44,2,6.5,14.5,377.0,5.4,Saturday,1,0,6,7,Auto-Order,32.5,16.13,100.0
2026-02-14,REST001,GreenBite Kitchen,P009,Avocado,Vegetables,86,0,31,31,0,2,53,2,1.5,4.2,130.2,5.4,Saturday,1,0,7,8,Auto-Order,3.0,6.06,100.0
2026-02-14,REST001,GreenBite Kitchen,P010,Pasta,Dry Goods,271,0,56,56,0,1,214,4,0.9,3.0,168.0,5.4,Saturday,1,0,14,0,No Action,0.9,1.75,100.0
2026-02-15,REST001,GreenBite Kitchen,P001,Chicken Breast,Meat,164,0,59,59,0,6,99,3,4.2,9.5,560.5,3.3,Sunday,1,0,12,4,Auto-Order,25.2,9.23,100.0
2026-02-15,REST001,GreenBite Kitchen,P002,Tomatoes,Vegetables,162,0,77,77,0,8,77,2,1.1,3.2,246.4,3.3,Sunday,1,0,16,38,Auto-Order,8.8,9.41,100.0
2026-02-15,REST001,GreenBite Kitchen,P003,Rice,Dry Goods,193,242,84,84,0,4,347,4,0.8,2.8,235.2,3.3,Sunday,1,0,18,0,No Action,3.2,4.55,100.0
2026-02-15,REST001,GreenBite Kitchen,P004,Milk,Dairy,112,0,50,50,0,5,57,2,1.0,2.4,120.0,3.3,Sunday,1,0,10,20,Auto-Order,5.0,9.09,100.0
2026-02-15,REST001,GreenBite Kitchen,P005,Cheese,Dairy,80,77,42,42,0,6,109,3,2.8,6.5,273.0,3.3,Sunday,1,0,8,0,No Action,16.8,12.5,100.0
2026-02-15,REST001,GreenBite Kitchen,P006,Potatoes,Vegetables,159,0,75,75,0,8,76,2,0.7,2.5,187.5,3.3,Sunday,1,0,14,31,Auto-Order,5.6,9.64,100.0
2026-02-15,REST001,GreenBite Kitchen,P007,Bread,Bakery,32,106,51,51,0,8,79,1,1.2,3.0,153.0,3.3,Sunday,1,0,12,0,No Action,9.6,13.56,100.0
2026-02-15,REST001,GreenBite Kitchen,P008,Salmon Fillet,Seafood,44,52,36,36,0,4,56,2,6.5,14.5,522.0,3.3,Sunday,1,1,6,0,No Action,26.0,10.0,100.0
2026-02-15,REST001,GreenBite Kitchen,P009,Avocado,Vegetables,53,58,35,35,0,7,69,2,1.5,4.2,147.0,3.3,Sunday,1,0,7,0,No Action,10.5,16.67,100.0
2026-02-15,REST001,GreenBite Kitchen,P010,Pasta,Dry Goods,214,17,65,65,0,3,163,4,0.9,3.0,195.0,3.3,Sunday,1,0,14,0,No Action,2.7,4.41,100.0
2026-02-16,REST001,GreenBite Kitchen,P001,Chicken Breast,Meat,99,146,48,48,0,8,189,3,4.2,9.5,456.0,1.2,Monday,0,0,12,0,No Action,33.6,14.29,100.0
2026-02-16,REST001,GreenBite Kitchen,P002,Tomatoes,Vegetables,77,173,66,66,0,12,172,2,1.1,3.2,211.2,1.2,Monday,0,0,16,0,No Action,13.2,15.38,100.0
2026-02-16,REST001,GreenBite Kitchen,P003,Rice,Dry Goods,347,0,73,73,0,2,272,4,0.8,2.8,204.4,1.2,Monday,0,0,18,0,No Action,1.6,2.67,100.0
2026-02-16,REST001,GreenBite Kitchen,P004,Milk,Dairy,57,107,46,46,0,7,111,2,1.0,2.4,110.4,1.2,Monday,0,0,10,0,No Action,7.0,13.21,100.0
2026-02-16,REST001,GreenBite Kitchen,P005,Cheese,Dairy,109,0,33,33,0,3,73,3,2.8,6.5,214.5,1.2,Monday,0,0,8,0,No Action,8.4,8.33,100.0
2026-02-16,REST001,GreenBite Kitchen,P006,Potatoes,Vegetables,76,162,67,67,0,7,164,2,0.7,2.5,167.5,1.2,Monday,0,0,14,0,No Action,4.9,9.46,100.0
2026-02-16,REST001,GreenBite Kitchen,P007,Bread,Bakery,79,0,48,48,0,5,26,1,1.2,3.0,144.0,1.2,Monday,0,0,12,46,Auto-Order,6.0,9.43,100.0
2026-02-16,REST001,GreenBite Kitchen,P008,Salmon Fillet,Seafood,56,0,25,25,0,3,28,2,6.5,14.5,362.5,1.2,Monday,0,0,6,16,Auto-Order,19.5,10.71,100.0
2026-02-16,REST001,GreenBite Kitchen,P009,Avocado,Vegetables,69,0,26,26,0,4,39,2,1.5,4.2,109.2,1.2,Monday,0,0,7,14,Auto-Order,6.0,13.33,100.0
2026-02-16,REST001,GreenBite Kitchen,P010,Pasta,Dry Goods,163,164,54,54,0,4,269,4,0.9,3.0,162.0,1.2,Monday,0,0,14,0,No Action,3.6,6.9,100.0
2026-02-17,REST001,GreenBite Kitchen,P001,Chicken Breast,Meat,189,0,53,53,0,6,130,3,4.2,9.5,503.5,4.1,Tuesday,0,0,12,0,No Action,25.2,10.17,100.0
2026-02-17,REST001,GreenBite Kitchen,P002,Tomatoes,Vegetables,172,0,61,61,0,8,103,2,1.1,3.2,195.2,4.1,Tuesday,0,0,16,12,Auto-Order,8.8,11.59,100.0
2026-02-17,REST001,GreenBite Kitchen,P003,Rice,Dry Goods,272,0,81,81,0,3,188,4,0.8,2.8,226.8,4.1,Tuesday,0,0,18,0,No Action,2.4,3.57,100.0
2026-02-17,REST001,GreenBite Kitchen,P004,Milk,Dairy,111,0,45,45,0,3,63,2,1.0,2.4,108.0,4.1,Tuesday,0,0,10,14,Auto-Order,3.0,6.25,100.0
2026-02-17,REST001,GreenBite Kitchen,P005,Cheese,Dairy,73,82,35,35,0,5,115,3,2.8,6.5,227.5,4.1,Tuesday,0,0,8,0,No Action,14.0,12.5,100.0
2026-02-17,REST001,GreenBite Kitchen,P006,Potatoes,Vegetables,164,0,63,63,0,6,95,2,0.7,2.5,157.5,4.1,Tuesday,0,0,14,12,Auto-Order,4.2,8.7,100.0
2026-02-17,REST001,GreenBite Kitchen,P007,Bread,Bakery,26,116,46,46,0,8,88,1,1.2,3.0,138.0,4.1,Tuesday,0,0,12,0,No Action,9.6,14.81,100.0
2026-02-17,REST001,GreenBite Kitchen,P008,Salmon Fillet,Seafood,28,67,22,22,0,4,69,2,6.5,14.5,319.0,4.1,Tuesday,0,0,6,0,No Action,26.0,15.38,100.0
2026-02-17,REST001,GreenBite Kitchen,P009,Avocado,Vegetables,39,76,31,31,0,6,78,2,1.5,4.2,130.2,4.1,Tuesday,0,0,7,0,No Action,9.0,16.22,100.0
2026-02-17,REST001,GreenBite Kitchen,P010,Pasta,Dry Goods,269,0,70,70,0,2,197,4,0.9,3.0,210.0,4.1,Tuesday,0,0,14,0,No Action,1.8,2.78,100.0
2026-02-18,REST001,GreenBite Kitchen,P001,Chicken Breast,Meat,130,0,45,45,0,6,79,3,4.2,9.5,427.5,2.9,Wednesday,0,0,12,24,Auto-Order,25.2,11.76,100.0
2026-02-18,REST001,GreenBite Kitchen,P002,Tomatoes,Vegetables,103,140,59,59,0,12,172,2,1.1,3.2,188.8,2.9,Wednesday,0,0,16,0,No Action,13.2,16.9,100.0
2026-02-18,REST001,GreenBite Kitchen,P003,Rice,Dry Goods,188,250,77,77,0,4,357,4,0.8,2.8,215.6,2.9,Wednesday,0,0,18,0,No Action,3.2,4.94,100.0
2026-02-18,REST001,GreenBite Kitchen,P004,Milk,Dairy,63,104,46,46,0,6,115,2,1.0,2.4,110.4,2.9,Wednesday,0,0,10,0,No Action,6.0,11.54,100.0
2026-02-18,REST001,GreenBite Kitchen,P005,Cheese,Dairy,115,0,39,39,0,3,73,3,2.8,6.5,253.5,2.9,Wednesday,0,0,8,0,No Action,8.4,7.14,100.0
2026-02-18,REST001,GreenBite Kitchen,P006,Potatoes,Vegetables,95,143,66,66,0,9,163,2,0.7,2.5,165.0,2.9,Wednesday,0,0,14,0,No Action,6.3,12.0,100.0
2026-02-18,REST001,GreenBite Kitchen,P007,Bread,Bakery,88,0,52,52,0,5,31,1,1.2,3.0,156.0,2.9,Wednesday,0,0,12,41,Auto-Order,6.0,8.77,100.0
2026-02-18,REST001,GreenBite Kitchen,P008,Salmon Fillet,Seafood,69,0,23,23,0,2,44,2,6.5,14.5,333.5,2.9,Wednesday,0,0,6,0,No Action,13.0,8.0,100.0
2026-02-18,REST001,GreenBite Kitchen,P009,Avocado,Vegetables,78,0,32,32,0,4,42,2,1.5,4.2,134.4,2.9,Wednesday,0,0,7,11,Auto-Order,6.0,11.11,100.0
2026-02-18,REST001,GreenBite Kitchen,P010,Pasta,Dry Goods,197,0,55,55,0,2,140,4,0.9,3.0,165.0,2.9,Wednesday,0,0,14,0,No Action,1.8,3.51,100.0
2026-02-19,REST001,GreenBite Kitchen,P001,Chicken Breast,Meat,79,168,53,53,0,10,184,3,4.2,9.5,503.5,3.5,Thursday,0,0,12,0,No Action,42.0,15.87,100.0
2026-02-19,REST001,GreenBite Kitchen,P002,Tomatoes,Vegetables,172,0,60,60,0,9,103,2,1.1,3.2,192.0,3.5,Thursday,0,0,16,12,Auto-Order,9.9,13.04,100.0
2026-02-19,REST001,GreenBite Kitchen,P003,Rice,Dry Goods,357,0,73,73,0,4,280,4,0.8,2.8,204.4,3.5,Thursday,0,0,18,0,No Action,3.2,5.19,100.0
2026-02-19,REST001,GreenBite Kitchen,P004,Milk,Dairy,115,0,48,48,0,4,63,2,1.0,2.4,115.2,3.5,Thursday,0,0,10,14,Auto-Order,4.0,7.69,100.0
2026-02-19,REST001,GreenBite Kitchen,P005,Cheese,Dairy,73,84,35,35,0,7,115,3,2.8,6.5,227.5,3.5,Thursday,0,0,8,0,No Action,19.6,16.67,100.0
2026-02-19,REST001,GreenBite Kitchen,P006,Potatoes,Vegetables,163,0,63,63,0,7,93,2,0.7,2.5,157.5,3.5,Thursday,0,0,14,14,Auto-Order,4.9,10.0,100.0
2026-02-19,REST001,GreenBite Kitchen,P007,Bread,Bakery,31,109,44,44,0,8,88,1,1.2,3.0,132.0,3.5,Thursday,0,0,12,0,No Action,9.6,15.38,100.0
2026-02-19,REST001,GreenBite Kitchen,P008,Salmon Fillet,Seafood,44,53,24,24,0,3,70,2,6.5,14.5,348.0,3.5,Thursday,0,0,6,0,No Action,19.5,11.11,100.0
2026-02-19,REST001,GreenBite Kitchen,P009,Avocado,Vegetables,42,74,28,28,0,5,83,2,1.5,4.2,117.6,3.5,Thursday,0,0,7,0,No Action,7.5,15.15,100.0
2026-02-19,REST001,GreenBite Kitchen,P010,Pasta,Dry Goods,140,184,64,64,0,1,259,4,0.9,3.0,192.0,3.5,Thursday,0,0,14,0,No Action,0.9,1.54,100.0
2026-02-20,REST001,GreenBite Kitchen,P001,Chicken Breast,Meat,184,0,47,47,0,6,131,3,4.2,9.5,446.5,4.3,Friday,0,0,12,0,No Action,25.2,11.32,100.0
2026-02-20,REST001,GreenBite Kitchen,P002,Tomatoes,Vegetables,103,144,84,84,0,12,151,2,1.1,3.2,268.8,4.3,Friday,0,1,16,0,No Action,13.2,12.5,100.0
2026-02-20,REST001,GreenBite Kitchen,P003,Rice,Dry Goods,280,0,69,69,0,2,209,4,0.8,2.8,193.2,4.3,Friday,0,0,18,0,No Action,1.6,2.82,100.0
2026-02-20,REST001,GreenBite Kitchen,P004,Milk,Dairy,63,100,45,45,0,6,112,2,1.0,2.4,108.0,4.3,Friday,0,0,10,0,No Action,6.0,11.76,100.0
2026-02-20,REST001,GreenBite Kitchen,P005,Cheese,Dairy,115,0,34,34,0,3,78,3,2.8,6.5,221.0,4.3,Friday,0,0,8,0,No Action,8.4,8.11,100.0
2026-02-20,REST001,GreenBite Kitchen,P006,Potatoes,Vegetables,93,144,83,83,0,8,146,2,0.7,2.5,207.5,4.3,Friday,0,1,14,0,No Action,5.6,8.79,100.0
2026-02-20,REST001,GreenBite Kitchen,P007,Bread,Bakery,88,0,43,43,0,5,40,1,1.2,3.0,129.0,4.3,Friday,0,0,12,41,Auto-Order,6.0,10.42,100.0
2026-02-20,REST001,GreenBite Kitchen,P008,Salmon Fillet,Seafood,70,0,30,30,0,3,37,2,6.5,14.5,435.0,4.3,Friday,0,1,6,14,Auto-Order,19.5,9.09,100.0
2026-02-20,REST001,GreenBite Kitchen,P009,Avocado,Vegetables,83,0,28,28,0,3,52,2,1.5,4.2,117.6,4.3,Friday,0,0,7,9,Auto-Order,4.5,9.68,100.0
2026-02-20,REST001,GreenBite Kitchen,P010,Pasta,Dry Goods,259,0,65,65,0,1,193,4,0.9,3.0,195.0,4.3,Friday,0,0,14,0,No Action,0.9,1.52,100.0
2026-02-21,REST001,GreenBite Kitchen,P001,Chicken Breast,Meat,131,0,54,54,0,5,72,3,4.2,9.5,513.0,3.1,Saturday,1,0,12,46,Auto-Order,21.0,8.47,100.0
2026-02-21,REST001,GreenBite Kitchen,P002,Tomatoes,Vegetables,151,0,71,71,0,8,72,2,1.1,3.2,227.2,3.1,Saturday,1,0,16,59,Auto-Order,8.8,10.13,100.0
2026-02-21,REST001,GreenBite Kitchen,P003,Rice,Dry Goods,209,227,82,82,0,3,351,4,0.8,2.8,229.6,3.1,Saturday,1,0,18,0,No Action,2.4,3.53,100.0
2026-02-21,REST001,GreenBite Kitchen,P004,Milk,Dairy,112,0,49,49,0,4,59,2,1.0,2.4,117.6,3.1,Saturday,1,0,10,29,Auto-Order,4.0,7.55,100.0
2026-02-21,REST001,GreenBite Kitchen,P005,Cheese,Dairy,78,80,43,43,0,5,110,3,2.8,6.5,279.5,3.1,Saturday,1,0,8,0,No Action,14.0,10.42,100.0
2026-02-21,REST001,GreenBite Kitchen,P006,Potatoes,Vegetables,146,0,79,79,0,5,62,2,0.7,2.5,197.5,3.1,Saturday,1,0,14,59,Auto-Order,3.5,5.95,100.0
2026-02-21,REST001,GreenBite Kitchen,P007,Bread,Bakery,40,101,58,58,0,8,75,1,1.2,3.0,174.0,3.1,Saturday,1,0,12,6,Auto-Order,9.6,12.12,100.0
2026-02-21,REST001,GreenBite Kitchen,P008,Salmon Fillet,Seafood,37,58,30,30,0,4,61,2,6.5,14.5,435.0,3.1,Saturday,1,0,6,0,No Action,26.0,11.76,100.0
2026-02-21,REST001,GreenBite Kitchen,P009,Avocado,Vegetables,52,67,33,33,0,6,80,2,1.5,4.2,138.6,3.1,Saturday,1,0,7,0,No Action,9.0,15.38,100.0
2026-02-21,REST001,GreenBite Kitchen,P010,Pasta,Dry Goods,193,0,78,78,0,2,113,4,0.9,3.0,234.0,3.1,Saturday,1,0,14,21,Auto-Order,1.8,2.5,100.0
2026-02-22,REST001,GreenBite Kitchen,P001,Chicken Breast,Meat,72,169,54,54,0,7,180,3,4.2,9.5,513.0,4.4,Sunday,1,0,12,0,No Action,29.4,11.48,100.0
2026-02-22,REST001,GreenBite Kitchen,P002,Tomatoes,Vegetables,72,171,84,84,0,13,146,2,1.1,3.2,268.8,4.4,Sunday,1,0,16,0,No Action,14.3,13.4,100.0
2026-02-22,REST001,GreenBite Kitchen,P003,Rice,Dry Goods,351,0,82,82,0,5,264,4,0.8,2.8,229.6,4.4,Sunday,1,0,18,0,No Action,4.0,5.75,100.0
2026-02-22,REST001,GreenBite Kitchen,P004,Milk,Dairy,59,106,46,46,0,5,114,2,1.0,2.4,110.4,4.4,Sunday,1,0,10,0,No Action,5.0,9.8,100.0
2026-02-22,REST001,GreenBite Kitchen,P005,Cheese,Dairy,110,0,41,41,0,2,67,3,2.8,6.5,266.5,4.4,Sunday,1,0,8,2,Auto-Order,5.6,4.65,100.0
2026-02-22,REST001,GreenBite Kitchen,P006,Potatoes,Vegetables,62,169,68,68,0,8,155,2,0.7,2.5,170.0,4.4,Sunday,1,0,14,0,No Action,5.6,10.53,100.0
2026-02-22,REST001,GreenBite Kitchen,P007,Bread,Bakery,75,0,68,68,0,4,3,1,1.2,3.0,204.0,4.4,Sunday,1,1,12,69,Manager Review,4.8,5.56,100.0
2026-02-22,REST001,GreenBite Kitchen,P008,Salmon Fillet,Seafood,61,0,28,28,0,1,32,2,6.5,14.5,406.0,4.4,Sunday,1,0,6,12,Auto-Order,6.5,3.45,100.0
2026-02-22,REST001,GreenBite Kitchen,P009,Avocado,Vegetables,80,0,34,34,0,5,41,2,1.5,4.2,142.8,4.4,Sunday,1,0,7,12,Auto-Order,7.5,12.82,100.0
2026-02-22,REST001,GreenBite Kitchen,P010,Pasta,Dry Goods,113,207,74,74,0,3,243,4,0.9,3.0,222.0,4.4,Sunday,1,0,14,0,No Action,2.7,3.9,100.0
2026-02-23,REST001,GreenBite Kitchen,P001,Chicken Breast,Meat,180,0,51,51,0,6,123,3,4.2,9.5,484.5,4.1,Monday,0,0,12,0,No Action,25.2,10.53,100.0
2026-02-23,REST001,GreenBite Kitchen,P002,Tomatoes,Vegetables,146,0,63,63,0,8,75,2,1.1,3.2,201.6,4.1,Monday,0,0,16,40,Auto-Order,8.8,11.27,100.0
2026-02-23,REST001,GreenBite Kitchen,P003,Rice,Dry Goods,264,0,76,76,0,2,186,4,0.8,2.8,212.8,4.1,Monday,0,0,18,0,No Action,1.6,2.56,100.0
2026-02-23,REST001,GreenBite Kitchen,P004,Milk,Dairy,114,0,46,46,0,3,65,2,1.0,2.4,110.4,4.1,Monday,0,0,10,12,Auto-Order,3.0,6.12,100.0
2026-02-23,REST001,GreenBite Kitchen,P005,Cheese,Dairy,67,88,39,39,0,5,111,3,2.8,6.5,253.5,4.1,Monday,0,0,8,0,No Action,14.0,11.36,100.0
2026-02-23,REST001,GreenBite Kitchen,P006,Potatoes,Vegetables,155,0,63,63,0,6,86,2,0.7,2.5,157.5,4.1,Monday,0,0,14,21,Auto-Order,4.2,8.7,100.0
2026-02-23,REST001,GreenBite Kitchen,P007,Bread,Bakery,3,135,47,47,0,7,84,1,1.2,3.0,141.0,4.1,Monday,0,0,12,0,No Action,8.4,12.96,100.0
2026-02-23,REST001,GreenBite Kitchen,P008,Salmon Fillet,Seafood,32,71,26,26,0,3,74,2,6.5,14.5,377.0,4.1,Monday,0,0,6,0,No Action,19.5,10.34,100.0
2026-02-23,REST001,GreenBite Kitchen,P009,Avocado,Vegetables,41,76,27,27,0,6,84,2,1.5,4.2,113.4,4.1,Monday,0,0,7,0,No Action,9.0,18.18,100.0
2026-02-23,REST001,GreenBite Kitchen,P010,Pasta,Dry Goods,243,0,65,65,0,1,177,4,0.9,3.0,195.0,4.1,Monday,0,0,14,0,No Action,0.9,1.52,100.0
2026-02-24,REST001,GreenBite Kitchen,P001,Chicken Breast,Meat,123,124,47,47,0,9,191,3,4.2,9.5,446.5,5.6,Tuesday,0,0,12,0,No Action,37.8,16.07,100.0
2026-02-24,REST001,GreenBite Kitchen,P002,Tomatoes,Vegetables,75,179,64,64,0,12,178,2,1.1,3.2,204.8,5.6,Tuesday,0,0,16,0,No Action,13.2,15.79,100.0
2026-02-24,REST001,GreenBite Kitchen,P003,Rice,Dry Goods,186,250,78,78,0,3,355,4,0.8,2.8,218.4,5.6,Tuesday,0,0,18,0,No Action,2.4,3.7,100.0
2026-02-24,REST001,GreenBite Kitchen,P004,Milk,Dairy,65,98,39,39,0,6,118,2,1.0,2.4,93.6,5.6,Tuesday,0,0,10,0,No Action,6.0,13.33,100.0
2026-02-24,REST001,GreenBite Kitchen,P005,Cheese,Dairy,111,0,33,33,0,3,75,3,2.8,6.5,214.5,5.6,Tuesday,0,0,8,0,No Action,8.4,8.33,100.0
2026-02-24,REST001,GreenBite Kitchen,P006,Potatoes,Vegetables,86,150,59,59,0,7,170,2,0.7,2.5,147.5,5.6,Tuesday,0,0,14,0,No Action,4.9,10.61,100.0
2026-02-24,REST001,GreenBite Kitchen,P007,Bread,Bakery,84,0,44,44,0,6,34,1,1.2,3.0,132.0,5.6,Tuesday,0,0,12,38,Auto-Order,7.2,12.0,100.0
2026-02-24,REST001,GreenBite Kitchen,P008,Salmon Fillet,Seafood,74,0,24,24,0,4,46,2,6.5,14.5,348.0,5.6,Tuesday,0,0,6,0,No Action,26.0,14.29,100.0
2026-02-24,REST001,GreenBite Kitchen,P009,Avocado,Vegetables,84,0,36,36,0,4,44,2,1.5,4.2,151.2,5.6,Tuesday,0,1,7,9,Auto-Order,6.0,10.0,100.0
2026-02-24,REST001,GreenBite Kitchen,P010,Pasta,Dry Goods,177,146,52,52,0,3,268,4,0.9,3.0,156.0,5.6,Tuesday,0,0,14,0,No Action,2.7,5.45,100.0
2026-02-25,REST001,GreenBite Kitchen,P001,Chicken Breast,Meat,191,0,50,50,0,6,135,3,4.2,9.5,475.0,9.1,Wednesday,0,0,12,0,No Action,25.2,10.71,100.0
2026-02-25,REST001,GreenBite Kitchen,P002,Tomatoes,Vegetables,178,0,60,60,0,8,110,2,1.1,3.2,192.0,9.1,Wednesday,0,0,16,5,Auto-Order,8.8,11.76,100.0
2026-02-25,REST001,GreenBite Kitchen,P003,Rice,Dry Goods,355,0,68,68,0,2,285,4,0.8,2.8,190.4,9.1,Wednesday,0,0,18,0,No Action,1.6,2.86,100.0
2026-02-25,REST001,GreenBite Kitchen,P004,Milk,Dairy,118,0,44,44,0,4,70,2,1.0,2.4,105.6,9.1,Wednesday,0,0,10,7,Auto-Order,4.0,8.33,100.0
2026-02-25,REST001,GreenBite Kitchen,P005,Cheese,Dairy,75,82,34,34,0,5,118,3,2.8,6.5,221.0,9.1,Wednesday,0,0,8,0,No Action,14.0,12.82,100.0
2026-02-25,REST001,GreenBite Kitchen,P006,Potatoes,Vegetables,170,0,57,57,0,7,106,2,0.7,2.5,142.5,9.1,Wednesday,0,0,14,1,Auto-Order,4.9,10.94,100.0
2026-02-25,REST001,GreenBite Kitchen,P007,Bread,Bakery,34,103,47,47,0,6,84,1,1.2,3.0,141.0,9.1,Wednesday,0,0,12,0,No Action,7.2,11.32,100.0
2026-02-25,REST001,GreenBite Kitchen,P008,Salmon Fillet,Seafood,46,49,24,24,0,2,69,2,6.5,14.5,348.0,9.1,Wednesday,0,0,6,0,No Action,13.0,7.69,100.0
2026-02-25,REST001,GreenBite Kitchen,P009,Avocado,Vegetables,44,67,29,29,0,6,76,2,1.5,4.2,121.8,9.1,Wednesday,0,0,7,0,No Action,9.0,17.14,100.0
2026-02-25,REST001,GreenBite Kitchen,P010,Pasta,Dry Goods,268,0,65,65,0,2,201,4,0.9,3.0,195.0,9.1,Wednesday,0,0,14,0,No Action,1.8,2.99,100.0
2026-02-26,REST001,GreenBite Kitchen,P001,Chicken Breast,Meat,135,0,44,44,0,4,87,3,4.2,9.5,418.0,6.3,Thursday,0,0,12,16,Auto-Order,16.8,8.33,100.0
2026-02-26,REST001,GreenBite Kitchen,P002,Tomatoes,Vegetables,110,142,65,65,0,13,174,2,1.1,3.2,208.0,6.3,Thursday,0,0,16,0,No Action,14.3,16.67,100.0
2026-02-26,REST001,GreenBite Kitchen,P003,Rice,Dry Goods,285,0,69,69,0,3,213,4,0.8,2.8,193.2,6.3,Thursday,0,0,18,0,No Action,2.4,4.17,100.0
2026-02-26,REST001,GreenBite Kitchen,P004,Milk,Dairy,70,103,35,35,0,5,133,2,1.0,2.4,84.0,6.3,Thursday,0,0,10,0,No Action,5.0,12.5,100.0
2026-02-26,REST001,GreenBite Kitchen,P005,Cheese,Dairy,118,0,31,31,0,3,84,3,2.8,6.5,201.5,6.3,Thursday,0,0,8,0,No Action,8.4,8.82,100.0
2026-02-26,REST001,GreenBite Kitchen,P006,Potatoes,Vegetables,106,122,61,61,0,8,159,2,0.7,2.5,152.5,6.3,Thursday,0,0,14,0,No Action,5.6,11.59,100.0
2026-02-26,REST001,GreenBite Kitchen,P007,Bread,Bakery,84,0,46,46,0,4,34,1,1.2,3.0,138.0,6.3,Thursday,0,0,12,38,Auto-Order,4.8,8.0,100.0
2026-02-26,REST001,GreenBite Kitchen,P008,Salmon Fillet,Seafood,69,0,27,27,0,4,38,2,6.5,14.5,391.5,6.3,Thursday,0,0,6,6,Auto-Order,26.0,12.9,100.0
2026-02-26,REST001,GreenBite Kitchen,P009,Avocado,Vegetables,76,0,30,30,0,3,43,2,1.5,4.2,126.0,6.3,Thursday,0,0,7,10,Auto-Order,4.5,9.09,100.0
2026-02-26,REST001,GreenBite Kitchen,P010,Pasta,Dry Goods,201,0,55,55,0,1,145,4,0.9,3.0,165.0,6.3,Thursday,0,0,14,0,No Action,0.9,1.79,100.0
2026-02-27,REST001,GreenBite Kitchen,P001,Chicken Breast,Meat,87,154,48,48,0,8,185,3,4.2,9.5,456.0,6.3,Friday,0,0,12,0,No Action,33.6,14.29,100.0
2026-02-27,REST001,GreenBite Kitchen,P002,Tomatoes,Vegetables,174,0,68,68,0,9,97,2,1.1,3.2,217.6,6.3,Friday,0,0,16,34,Auto-Order,9.9,11.69,100.0
2026-02-27,REST001,GreenBite Kitchen,P003,Rice,Dry Goods,213,220,78,78,0,4,351,4,0.8,2.8,218.4,6.3,Friday,0,0,18,0,No Action,3.2,4.88,100.0
2026-02-27,REST001,GreenBite Kitchen,P004,Milk,Dairy,133,0,40,40,0,5,88,2,1.0,2.4,96.0,6.3,Friday,0,0,10,0,No Action,5.0,11.11,100.0
2026-02-27,REST001,GreenBite Kitchen,P005,Cheese,Dairy,84,71,32,32,0,5,118,3,2.8,6.5,208.0,6.3,Friday,0,0,8,0,No Action,14.0,13.51,100.0
2026-02-27,REST001,GreenBite Kitchen,P006,Potatoes,Vegetables,159,0,52,52,0,5,102,2,0.7,2.5,130.0,6.3,Friday,0,0,14,19,Auto-Order,3.5,8.77,100.0
2026-02-27,REST001,GreenBite Kitchen,P007,Bread,Bakery,34,99,48,48,0,7,78,1,1.2,3.0,144.0,6.3,Friday,0,0,12,3,Auto-Order,8.4,12.73,100.0
2026-02-27,REST001,GreenBite Kitchen,P008,Salmon Fillet,Seafood,38,64,28,28,0,5,69,2,6.5,14.5,406.0,6.3,Friday,0,0,6,0,No Action,32.5,15.15,100.0
2026-02-27,REST001,GreenBite Kitchen,P009,Avocado,Vegetables,43,71,34,34,0,4,76,2,1.5,4.2,142.8,6.3,Friday,0,0,7,0,No Action,6.0,10.53,100.0
2026-02-27,REST001,GreenBite Kitchen,P010,Pasta,Dry Goods,145,177,54,54,0,2,266,4,0.9,3.0,162.0,6.3,Friday,0,0,14,0,No Action,1.8,3.57,100.0
2026-02-28,REST001,GreenBite Kitchen,P001,Chicken Breast,Meat,185,0,55,55,0,7,123,3,4.2,9.5,522.5,2.8,Saturday,1,0,12,0,No Action,29.4,11.29,100.0
2026-02-28,REST001,GreenBite Kitchen,P002,Tomatoes,Vegetables,97,152,71,71,0,14,164,2,1.1,3.2,227.2,2.8,Saturday,1,0,16,0,No Action,15.4,16.47,100.0
2026-02-28,REST001,GreenBite Kitchen,P003,Rice,Dry Goods,351,0,81,81,0,3,267,4,0.8,2.8,226.8,2.8,Saturday,1,0,18,0,No Action,2.4,3.57,100.0
2026-02-28,REST001,GreenBite Kitchen,P004,Milk,Dairy,88,0,49,49,0,4,35,2,1.0,2.4,117.6,2.8,Saturday,1,0,10,53,Manager Review,4.0,7.55,100.0
2026-02-28,REST001,GreenBite Kitchen,P005,Cheese,Dairy,118,0,44,44,0,4,70,3,2.8,6.5,286.0,2.8,Saturday,1,0,8,8,Auto-Order,11.2,8.33,100.0
2026-02-28,REST001,GreenBite Kitchen,P006,Potatoes,Vegetables,102,135,73,73,0,9,155,2,0.7,2.5,182.5,2.8,Saturday,1,0,14,0,No Action,6.3,10.98,100.0
2026-02-28,REST001,GreenBite Kitchen,P007,Bread,Bakery,78,0,58,58,0,6,14,1,1.2,3.0,174.0,2.8,Saturday,1,0,12,67,Manager Review,7.2,9.38,100.0
2026-02-28,REST001,GreenBite Kitchen,P008,Salmon Fillet,Seafood,69,0,29,29,0,1,39,2,6.5,14.5,420.5,2.8,Saturday,1,0,6,12,Auto-Order,6.5,3.33,100.0
2026-02-28,REST001,GreenBite Kitchen,P009,Avocado,Vegetables,76,0,39,39,0,3,34,2,1.5,4.2,163.8,2.8,Saturday,1,0,7,27,Auto-Order,4.5,7.14,100.0
2026-02-28,REST001,GreenBite Kitchen,P010,Pasta,Dry Goods,266,0,74,74,0,2,190,4,0.9,3.0,222.0,2.8,Saturday,1,0,14,0,No Action,1.8,2.63,100.0
2026-03-01,REST001,GreenBite Kitchen,P001,Chicken Breast,Meat,123,120,58,58,0,10,175,3,4.2,9.5,551.0,5.6,Sunday,1,0,12,0,No Action,42.0,14.71,100.0
2026-03-01,REST001,GreenBite Kitchen,P002,Tomatoes,Vegetables,164,25,69,69,0,8,112,2,1.1,3.2,220.8,5.6,Sunday,1,0,16,3,Auto-Order,8.8,10.39,100.0
2026-03-01,REST001,GreenBite Kitchen,P003,Rice,Dry Goods,267,0,78,78,0,3,186,4,0.8,2.8,218.4,5.6,Sunday,1,0,18,0,No Action,2.4,3.7,100.0
2026-03-01,REST001,GreenBite Kitchen,P004,Milk,Dairy,35,131,46,46,0,7,113,2,1.0,2.4,110.4,5.6,Sunday,1,0,10,0,No Action,7.0,13.21,100.0
2026-03-01,REST001,GreenBite Kitchen,P005,Cheese,Dairy,70,97,37,37,0,5,125,3,2.8,6.5,240.5,5.6,Sunday,1,0,8,0,No Action,14.0,11.9,100.0
2026-03-01,REST001,GreenBite Kitchen,P006,Potatoes,Vegetables,155,0,73,73,0,4,78,2,0.7,2.5,182.5,5.6,Sunday,1,0,14,29,Auto-Order,2.8,5.19,100.0
2026-03-01,REST001,GreenBite Kitchen,P007,Bread,Bakery,14,124,71,71,0,6,61,1,1.2,3.0,213.0,5.6,Sunday,1,1,12,11,Auto-Order,7.2,7.79,100.0
2026-03-01,REST001,GreenBite Kitchen,P008,Salmon Fillet,Seafood,39,62,27,27,0,4,70,2,6.5,14.5,391.5,5.6,Sunday,1,0,6,0,No Action,26.0,12.9,100.0
2026-03-01,REST001,GreenBite Kitchen,P009,Avocado,Vegetables,34,78,35,35,0,5,72,2,1.5,4.2,147.0,5.6,Sunday,1,0,7,0,No Action,7.5,12.5,100.0
2026-03-01,REST001,GreenBite Kitchen,P010,Pasta,Dry Goods,190,0,63,63,0,3,124,4,0.9,3.0,189.0,5.6,Sunday,1,0,14,0,No Action,2.7,4.55,100.0
2026-03-02,REST001,GreenBite Kitchen,P001,Chicken Breast,Meat,175,0,48,48,0,5,122,3,4.2,9.5,456.0,8.5,Monday,0,0,12,0,No Action,21.0,9.43,100.0
2026-03-02,REST001,GreenBite Kitchen,P002,Tomatoes,Vegetables,112,135,71,71,0,11,165,2,1.1,3.2,227.2,8.5,Monday,0,0,16,0,No Action,12.1,13.41,100.0
2026-03-02,REST001,GreenBite Kitchen,P003,Rice,Dry Goods,186,244,75,75,0,4,351,4,0.8,2.8,210.0,8.5,Monday,0,0,18,0,No Action,3.2,5.06,100.0
2026-03-02,REST001,GreenBite Kitchen,P004,Milk,Dairy,113,0,40,40,0,3,70,2,1.0,2.4,96.0,8.5,Monday,0,0,10,7,Auto-Order,3.0,6.98,100.0
2026-03-02,REST001,GreenBite Kitchen,P005,Cheese,Dairy,125,0,29,29,0,2,94,3,2.8,6.5,188.5,8.5,Monday,0,0,8,0,No Action,5.6,6.45,100.0
2026-03-02,REST001,GreenBite Kitchen,P006,Potatoes,Vegetables,78,159,66,66,0,8,163,2,0.7,2.5,165.0,8.5,Monday,0,0,14,0,No Action,5.6,10.81,100.0
2026-03-02,REST001,GreenBite Kitchen,P007,Bread,Bakery,61,83,49,49,0,7,88,1,1.2,3.0,147.0,8.5,Monday,0,0,12,0,No Action,8.4,12.5,100.0
2026-03-02,REST001,GreenBite Kitchen,P008,Salmon Fillet,Seafood,70,0,24,24,0,4,42,2,6.5,14.5,348.0,8.5,Monday,0,0,6,2,Auto-Order,26.0,14.29,100.0
2026-03-02,REST001,GreenBite Kitchen,P009,Avocado,Vegetables,72,0,29,29,0,3,40,2,1.5,4.2,121.8,8.5,Monday,0,0,7,13,Auto-Order,4.5,9.38,100.0
2026-03-02,REST001,GreenBite Kitchen,P010,Pasta,Dry Goods,124,196,63,63,0,2,255,4,0.9,3.0,189.0,8.5,Monday,0,0,14,0,No Action,1.8,3.08,100.0
2026-03-03,REST001,GreenBite Kitchen,P001,Chicken Breast,Meat,122,123,53,53,0,10,182,3,4.2,9.5,503.5,6.5,Tuesday,0,0,12,0,No Action,42.0,15.87,100.0
2026-03-03,REST001,GreenBite Kitchen,P002,Tomatoes,Vegetables,165,0,59,59,0,9,97,2,1.1,3.2,188.8,6.5,Tuesday,0,0,16,18,Auto-Order,9.9,13.24,100.0
2026-03-03,REST001,GreenBite Kitchen,P003,Rice,Dry Goods,351,0,72,72,0,2,277,4,0.8,2.8,201.6,6.5,Tuesday,0,0,18,0,No Action,1.6,2.7,100.0
2026-03-03,REST001,GreenBite Kitchen,P004,Milk,Dairy,70,95,41,41,0,6,118,2,1.0,2.4,98.4,6.5,Tuesday,0,0,10,0,No Action,6.0,12.77,100.0
2026-03-03,REST001,GreenBite Kitchen,P005,Cheese,Dairy,94,14,37,37,0,4,67,3,2.8,6.5,240.5,6.5,Tuesday,0,0,8,2,Auto-Order,11.2,9.76,100.0
2026-03-03,REST001,GreenBite Kitchen,P006,Potatoes,Vegetables,163,0,57,57,0,5,101,2,0.7,2.5,142.5,6.5,Tuesday,0,0,14,6,Auto-Order,3.5,8.06,100.0
2026-03-03,REST001,GreenBite Kitchen,P007,Bread,Bakery,88,0,50,50,0,5,33,1,1.2,3.0,150.0,6.5,Tuesday,0,0,12,39,Auto-Order,6.0,9.09,100.0
2026-03-03,REST001,GreenBite Kitchen,P008,Salmon Fillet,Seafood,42,59,25,25,0,4,72,2,6.5,14.5,362.5,6.5,Tuesday,0,0,6,0,No Action,26.0,13.79,100.0
2026-03-03,REST001,GreenBite Kitchen,P009,Avocado,Vegetables,40,76,24,24,0,5,87,2,1.5,4.2,100.8,6.5,Tuesday,0,0,7,0,No Action,7.5,17.24,100.0
2026-03-03,REST001,GreenBite Kitchen,P010,Pasta,Dry Goods,255,0,53,53,0,2,200,4,0.9,3.0,159.0,6.5,Tuesday,0,0,14,0,No Action,1.8,3.64,100.0
2026-03-04,REST001,GreenBite Kitchen,P001,Chicken Breast,Meat,182,0,54,54,0,7,121,3,4.2,9.5,513.0,7.5,Wednesday,0,0,12,0,No Action,29.4,11.48,100.0
2026-03-04,REST001,GreenBite Kitchen,P002,Tomatoes,Vegetables,97,156,60,60,0,13,180,2,1.1,3.2,192.0,7.5,Wednesday,0,0,16,0,No Action,14.3,17.81,100.0
2026-03-04,REST001,GreenBite Kitchen,P003,Rice,Dry Goods,277,0,74,74,0,2,201,4,0.8,2.8,207.2,7.5,Wednesday,0,0,18,0,No Action,1.6,2.63,100.0
2026-03-04,REST001,GreenBite Kitchen,P004,Milk,Dairy,118,0,48,48,0,3,67,2,1.0,2.4,115.2,7.5,Wednesday,0,0,10,10,Auto-Order,3.0,5.88,100.0
2026-03-04,REST001,GreenBite Kitchen,P005,Cheese,Dairy,67,95,31,31,0,4,127,3,2.8,6.5,201.5,7.5,Wednesday,0,0,8,0,No Action,11.2,11.43,100.0
2026-03-04,REST001,GreenBite Kitchen,P006,Potatoes,Vegetables,101,135,56,56,0,8,172,2,0.7,2.5,140.0,7.5,Wednesday,0,0,14,0,No Action,5.6,12.5,100.0
2026-03-04,REST001,GreenBite Kitchen,P007,Bread,Bakery,33,111,46,46,0,7,91,1,1.2,3.0,138.0,7.5,Wednesday,0,0,12,0,No Action,8.4,13.21,100.0
2026-03-04,REST001,GreenBite Kitchen,P008,Salmon Fillet,Seafood,72,0,27,27,0,3,42,2,6.5,14.5,391.5,7.5,Wednesday,0,0,6,2,Auto-Order,19.5,10.0,100.0
2026-03-04,REST001,GreenBite Kitchen,P009,Avocado,Vegetables,87,0,29,29,0,5,53,2,1.5,4.2,121.8,7.5,Wednesday,0,0,7,0,No Action,7.5,14.71,100.0
2026-03-04,REST001,GreenBite Kitchen,P010,Pasta,Dry Goods,200,0,55,55,0,2,143,4,0.9,3.0,165.0,7.5,Wednesday,0,0,14,0,No Action,1.8,3.51,100.0
2026-03-05,REST001,GreenBite Kitchen,P001,Chicken Breast,Meat,121,117,50,50,0,9,179,3,4.2,9.5,475.0,7.9,Thursday,0,0,12,0,No Action,37.8,15.25,100.0
2026-03-05,REST001,GreenBite Kitchen,P002,Tomatoes,Vegetables,180,0,79,79,0,9,92,2,1.1,3.2,252.8,7.9,Thursday,0,1,16,23,Auto-Order,9.9,10.23,100.0
2026-03-05,REST001,GreenBite Kitchen,P003,Rice,Dry Goods,201,230,73,73,0,3,355,4,0.8,2.8,204.4,7.9,Thursday,0,0,18,0,No Action,2.4,3.95,100.0
2026-03-05,REST001,GreenBite Kitchen,P004,Milk,Dairy,67,103,46,46,0,7,117,2,1.0,2.4,110.4,7.9,Thursday,0,0,10,0,No Action,7.0,13.21,100.0
2026-03-05,REST001,GreenBite Kitchen,P005,Cheese,Dairy,127,0,33,33,0,5,89,3,2.8,6.5,214.5,7.9,Thursday,0,0,8,0,No Action,14.0,13.16,100.0
2026-03-05,REST001,GreenBite Kitchen,P006,Potatoes,Vegetables,172,0,57,57,0,6,109,2,0.7,2.5,142.5,7.9,Thursday,0,0,14,0,No Action,4.2,9.52,100.0
2026-03-05,REST001,GreenBite Kitchen,P007,Bread,Bakery,91,0,47,47,0,4,40,1,1.2,3.0,141.0,7.9,Thursday,0,0,12,32,Auto-Order,4.8,7.84,100.0
2026-03-05,REST001,GreenBite Kitchen,P008,Salmon Fillet,Seafood,42,49,21,21,0,3,67,2,6.5,14.5,304.5,7.9,Thursday,0,0,6,0,No Action,19.5,12.5,100.0
2026-03-05,REST001,GreenBite Kitchen,P009,Avocado,Vegetables,53,62,29,29,0,5,81,2,1.5,4.2,121.8,7.9,Thursday,0,0,7,0,No Action,7.5,14.71,100.0
2026-03-05,REST001,GreenBite Kitchen,P010,Pasta,Dry Goods,143,181,64,64,0,3,257,4,0.9,3.0,192.0,7.9,Thursday,0,0,14,0,No Action,2.7,4.48,100.0
2026-03-06,REST001,GreenBite Kitchen,P001,Chicken Breast,Meat,179,0,50,50,0,5,124,3,4.2,9.5,475.0,8.7,Friday,0,0,12,0,No Action,21.0,9.09,100.0
2026-03-06,REST001,GreenBite Kitchen,P002,Tomatoes,Vegetables,92,154,60,60,0,13,173,2,1.1,3.2,192.0,8.7,Friday,0,0,16,0,No Action,14.3,17.81,100.0
2026-03-06,REST001,GreenBite Kitchen,P003,Rice,Dry Goods,355,0,82,82,0,4,269,4,0.8,2.8,229.6,8.7,Friday,0,1,18,0,No Action,3.2,4.65,100.0
2026-03-06,REST001,GreenBite Kitchen,P004,Milk,Dairy,117,0,44,44,0,4,69,2,1.0,2.4,105.6,8.7,Friday,0,0,10,19,Auto-Order,4.0,8.33,100.0
2026-03-06,REST001,GreenBite Kitchen,P005,Cheese,Dairy,89,0,34,34,0,3,52,3,2.8,6.5,221.0,8.7,Friday,0,0,8,26,Auto-Order,8.4,8.11,100.0
2026-03-06,REST001,GreenBite Kitchen,P006,Potatoes,Vegetables,109,125,62,62,0,8,164,2,0.7,2.5,155.0,8.7,Friday,0,0,14,0,No Action,5.6,11.43,100.0
2026-03-06,REST001,GreenBite Kitchen,P007,Bread,Bakery,40,94,51,51,0,7,76,1,1.2,3.0,153.0,8.7,Friday,0,0,12,5,Auto-Order,8.4,12.07,100.0
2026-03-06,REST001,GreenBite Kitchen,P008,Salmon Fillet,Seafood,67,0,29,29,0,2,36,2,6.5,14.5,420.5,8.7,Friday,0,0,6,15,Auto-Order,13.0,6.45,100.0
2026-03-06,REST001,GreenBite Kitchen,P009,Avocado,Vegetables,81,0,31,31,0,6,44,2,1.5,4.2,130.2,8.7,Friday,0,0,7,17,Auto-Order,9.0,16.22,100.0
2026-03-06,REST001,GreenBite Kitchen,P010,Pasta,Dry Goods,257,0,53,53,0,2,202,4,0.9,3.0,159.0,8.7,Friday,0,0,14,0,No Action,1.8,3.64,100.0
2026-03-07,REST001,GreenBite Kitchen,P001,Chicken Breast,Meat,124,117,58,58,0,9,174,3,4.2,9.5,551.0,6.0,Saturday,1,0,12,0,No Action,37.8,13.43,100.0
2026-03-07,REST001,GreenBite Kitchen,P002,Tomatoes,Vegetables,173,0,78,78,0,8,87,2,1.1,3.2,249.6,6.0,Saturday,1,0,16,44,Auto-Order,8.8,9.3,100.0
2026-03-07,REST001,GreenBite Kitchen,P003,Rice,Dry Goods,269,0,101,101,0,2,166,4,0.8,2.8,282.8,6.0,Saturday,1,0,18,12,Auto-Order,1.6,1.94,100.0
2026-03-07,REST001,GreenBite Kitchen,P004,Milk,Dairy,69,105,51,51,0,5,118,2,1.0,2.4,122.4,6.0,Saturday,1,0,10,0,No Action,5.0,8.93,100.0
2026-03-07,REST001,GreenBite Kitchen,P005,Cheese,Dairy,52,105,36,36,0,5,116,3,2.8,6.5,234.0,6.0,Saturday,1,0,8,0,No Action,14.0,12.2,100.0
2026-03-07,REST001,GreenBite Kitchen,P006,Potatoes,Vegetables,164,0,71,71,0,5,88,2,0.7,2.5,177.5,6.0,Saturday,1,0,14,33,Auto-Order,3.5,6.58,100.0
2026-03-07,REST001,GreenBite Kitchen,P007,Bread,Bakery,76,0,62,62,0,5,9,1,1.2,3.0,186.0,6.0,Saturday,1,0,12,72,Manager Review,6.0,7.46,100.0
2026-03-07,REST001,GreenBite Kitchen,P008,Salmon Fillet,Seafood,36,56,31,31,0,4,57,2,6.5,14.5,449.5,6.0,Saturday,1,0,6,0,No Action,26.0,11.43,100.0
2026-03-07,REST001,GreenBite Kitchen,P009,Avocado,Vegetables,44,79,34,34,0,6,83,2,1.5,4.2,142.8,6.0,Saturday,1,0,7,0,No Action,9.0,15.0,100.0
2026-03-07,REST001,GreenBite Kitchen,P010,Pasta,Dry Goods,202,0,58,58,0,3,141,4,0.9,3.0,174.0,6.0,Saturday,1,0,14,0,No Action,2.7,4.92,100.0
2026-03-08,REST001,GreenBite Kitchen,P001,Chicken Breast,Meat,174,0,57,57,0,6,111,3,4.2,9.5,541.5,7.3,Sunday,1,0,12,0,No Action,25.2,9.52,100.0
2026-03-08,REST001,GreenBite Kitchen,P002,Tomatoes,Vegetables,87,167,93,93,0,12,149,2,1.1,3.2,297.6,7.3,Sunday,1,1,16,0,No Action,13.2,11.43,100.0
2026-03-08,REST001,GreenBite Kitchen,P003,Rice,Dry Goods,166,271,82,82,0,2,353,4,0.8,2.8,229.6,7.3,Sunday,1,0,18,0,No Action,1.6,2.38,100.0
2026-03-08,REST001,GreenBite Kitchen,P004,Milk,Dairy,118,0,53,53,0,5,60,2,1.0,2.4,127.2,7.3,Sunday,1,0,10,17,Auto-Order,5.0,8.62,100.0
2026-03-08,REST001,GreenBite Kitchen,P005,Cheese,Dairy,116,0,38,38,0,4,74,3,2.8,6.5,247.0,7.3,Sunday,1,0,8,0,No Action,11.2,9.52,100.0
2026-03-08,REST001,GreenBite Kitchen,P006,Potatoes,Vegetables,88,149,74,74,0,7,156,2,0.7,2.5,185.0,7.3,Sunday,1,0,14,0,No Action,4.9,8.64,100.0
2026-03-08,REST001,GreenBite Kitchen,P007,Bread,Bakery,9,133,58,58,0,7,77,1,1.2,3.0,174.0,7.3,Sunday,1,0,12,0,No Action,8.4,10.77,100.0
2026-03-08,REST001,GreenBite Kitchen,P008,Salmon Fillet,Seafood,57,11,30,30,0,3,35,2,6.5,14.5,435.0,7.3,Sunday,1,0,6,9,Auto-Order,19.5,9.09,100.0
2026-03-08,REST001,GreenBite Kitchen,P009,Avocado,Vegetables,83,0,35,35,0,3,45,2,1.5,4.2,147.0,7.3,Sunday,1,0,7,8,Auto-Order,4.5,7.89,100.0
2026-03-08,REST001,GreenBite Kitchen,P010,Pasta,Dry Goods,141,183,70,70,0,3,251,4,0.9,3.0,210.0,7.3,Sunday,1,0,14,0,No Action,2.7,4.11,100.0
2026-03-09,REST001,GreenBite Kitchen,P001,Chicken Breast,Meat,111,136,54,54,0,8,185,3,4.2,9.5,513.0,3.9,Monday,0,0,12,0,No Action,33.6,12.9,100.0
2026-03-09,REST001,GreenBite Kitchen,P002,Tomatoes,Vegetables,149,0,86,86,0,8,55,2,1.1,3.2,275.2,3.9,Monday,0,1,16,60,Auto-Order,8.8,8.51,100.0
2026-03-09,REST001,GreenBite Kitchen,P003,Rice,Dry Goods,353,0,70,70,0,5,278,4,0.8,2.8,196.0,3.9,Monday,0,0,18,0,No Action,4.0,6.67,100.0
2026-03-09,REST001,GreenBite Kitchen,P004,Milk,Dairy,60,104,37,37,0,6,121,2,1.0,2.4,88.8,3.9,Monday,0,0,10,0,No Action,6.0,13.95,100.0
2026-03-09,REST001,GreenBite Kitchen,P005,Cheese,Dairy,74,81,36,36,0,4,115,3,2.8,6.5,234.0,3.9,Monday,0,0,8,0,No Action,11.2,10.0,100.0
2026-03-09,REST001,GreenBite Kitchen,P006,Potatoes,Vegetables,156,0,58,58,0,6,92,2,0.7,2.5,145.0,3.9,Monday,0,0,14,15,Auto-Order,4.2,9.38,100.0
2026-03-09,REST001,GreenBite Kitchen,P007,Bread,Bakery,77,0,54,54,0,4,19,1,1.2,3.0,162.0,3.9,Monday,0,0,12,53,Manager Review,4.8,6.9,100.0
2026-03-09,REST001,GreenBite Kitchen,P008,Salmon Fillet,Seafood,35,59,22,22,0,4,68,2,6.5,14.5,319.0,3.9,Monday,0,0,6,0,No Action,26.0,15.38,100.0
2026-03-09,REST001,GreenBite Kitchen,P009,Avocado,Vegetables,45,71,30,30,0,6,80,2,1.5,4.2,126.0,3.9,Monday,0,0,7,0,No Action,9.0,16.67,100.0
2026-03-09,REST001,GreenBite Kitchen,P010,Pasta,Dry Goods,251,0,63,63,0,2,186,4,0.9,3.0,189.0,3.9,Monday,0,0,14,0,No Action,1.8,3.08,100.0
2026-03-10,REST001,GreenBite Kitchen,P001,Chicken Breast,Meat,185,0,51,51,0,7,127,3,4.2,9.5,484.5,10.1,Tuesday,0,0,12,0,No Action,29.4,12.07,100.0
2026-03-10,REST001,GreenBite Kitchen,P002,Tomatoes,Vegetables,55,194,57,57,0,13,179,2,1.1,3.2,182.4,10.1,Tuesday,0,0,16,0,No Action,14.3,18.57,100.0
2026-03-10,REST001,GreenBite Kitchen,P003,Rice,Dry Goods,278,0,68,68,0,2,208,4,0.8,2.8,190.4,10.1,Tuesday,0,0,18,0,No Action,1.6,2.86,100.0
2026-03-10,REST001,GreenBite Kitchen,P004,Milk,Dairy,121,0,41,41,0,3,77,2,1.0,2.4,98.4,10.1,Tuesday,0,0,10,0,No Action,3.0,6.82,100.0
2026-03-10,REST001,GreenBite Kitchen,P005,Cheese,Dairy,115,0,34,34,0,4,77,3,2.8,6.5,221.0,10.1,Tuesday,0,0,8,0,No Action,11.2,10.53,100.0
2026-03-10,REST001,GreenBite Kitchen,P006,Potatoes,Vegetables,92,146,62,62,0,8,168,2,0.7,2.5,155.0,10.1,Tuesday,0,0,14,0,No Action,5.6,11.43,100.0
2026-03-10,REST001,GreenBite Kitchen,P007,Bread,Bakery,19,119,50,50,0,7,81,1,1.2,3.0,150.0,10.1,Tuesday,0,0,12,0,No Action,8.4,12.28,100.0
2026-03-10,REST001,GreenBite Kitchen,P008,Salmon Fillet,Seafood,68,0,26,26,0,2,40,2,6.5,14.5,377.0,10.1,Tuesday,0,0,6,4,Auto-Order,13.0,7.14,100.0
2026-03-10,REST001,GreenBite Kitchen,P009,Avocado,Vegetables,80,0,29,29,0,4,47,2,1.5,4.2,121.8,10.1,Tuesday,0,0,7,6,Auto-Order,6.0,12.12,100.0
2026-03-10,REST001,GreenBite Kitchen,P010,Pasta,Dry Goods,186,0,57,57,0,0,129,4,0.9,3.0,171.0,10.1,Tuesday,0,0,14,0,No Action,0.0,0.0,100.0
2026-03-11,REST001,GreenBite Kitchen,P001,Chicken Breast,Meat,127,108,52,52,0,9,174,3,4.2,9.5,494.0,10.4,Wednesday,0,0,12,0,No Action,37.8,14.75,100.0
2026-03-11,REST001,GreenBite Kitchen,P002,Tomatoes,Vegetables,179,0,62,62,0,7,110,2,1.1,3.2,198.4,10.4,Wednesday,0,0,16,5,Auto-Order,7.7,10.14,100.0
2026-03-11,REST001,GreenBite Kitchen,P003,Rice,Dry Goods,208,219,72,72,0,2,353,4,0.8,2.8,201.6,10.4,Wednesday,0,0,18,0,No Action,1.6,2.7,100.0
2026-03-11,REST001,GreenBite Kitchen,P004,Milk,Dairy,77,87,46,46,0,6,112,2,1.0,2.4,110.4,10.4,Wednesday,0,0,10,0,No Action,6.0,11.54,100.0
2026-03-11,REST001,GreenBite Kitchen,P005,Cheese,Dairy,77,79,33,33,0,5,118,3,2.8,6.5,214.5,10.4,Wednesday,0,0,8,0,No Action,14.0,13.16,100.0
2026-03-11,REST001,GreenBite Kitchen,P006,Potatoes,Vegetables,168,0,71,71,0,4,93,2,0.7,2.5,177.5,10.4,Wednesday,0,1,14,14,Auto-Order,2.8,5.33,100.0
2026-03-11,REST001,GreenBite Kitchen,P007,Bread,Bakery,81,0,55,55,0,4,22,1,1.2,3.0,165.0,10.4,Wednesday,0,1,12,50,Auto-Order,4.8,6.78,100.0
2026-03-11,REST001,GreenBite Kitchen,P008,Salmon Fillet,Seafood,40,60,25,25,0,3,72,2,6.5,14.5,362.5,10.4,Wednesday,0,0,6,0,No Action,19.5,10.71,100.0
2026-03-11,REST001,GreenBite Kitchen,P009,Avocado,Vegetables,47,75,35,35,0,5,82,2,1.5,4.2,147.0,10.4,Wednesday,0,0,7,0,No Action,7.5,12.5,100.0
2026-03-11,REST001,GreenBite Kitchen,P010,Pasta,Dry Goods,129,201,56,56,0,3,271,4,0.9,3.0,168.0,10.4,Wednesday,0,0,14,0,No Action,2.7,5.08,100.0
2026-03-12,REST001,GreenBite Kitchen,P001,Chicken Breast,Meat,174,0,57,57,0,6,111,3,4.2,9.5,541.5,8.4,Thursday,0,0,12,0,No Action,25.2,9.52,100.0
2026-03-12,REST001,GreenBite Kitchen,P002,Tomatoes,Vegetables,110,144,68,68,0,14,172,2,1.1,3.2,217.6,8.4,Thursday,0,0,16,0,No Action,15.4,17.07,100.0
2026-03-12,REST001,GreenBite Kitchen,P003,Rice,Dry Goods,353,0,71,71,0,2,280,4,0.8,2.8,198.8,8.4,Thursday,0,0,18,0,No Action,1.6,2.74,100.0
2026-03-12,REST001,GreenBite Kitchen,P004,Milk,Dairy,112,0,57,57,0,4,51,2,1.0,2.4,136.8,8.4,Thursday,0,1,10,26,Auto-Order,4.0,6.56,100.0
2026-03-12,REST001,GreenBite Kitchen,P005,Cheese,Dairy,118,0,34,34,0,4,80,3,2.8,6.5,221.0,8.4,Thursday,0,0,8,0,No Action,11.2,10.53,100.0
2026-03-12,REST001,GreenBite Kitchen,P006,Potatoes,Vegetables,93,136,57,57,0,8,164,2,0.7,2.5,142.5,8.4,Thursday,0,0,14,0,No Action,5.6,12.31,100.0
2026-03-12,REST001,GreenBite Kitchen,P007,Bread,Bakery,22,120,46,46,0,8,88,1,1.2,3.0,138.0,8.4,Thursday,0,0,12,0,No Action,9.6,14.81,100.0
2026-03-12,REST001,GreenBite Kitchen,P008,Salmon Fillet,Seafood,72,0,25,25,0,4,43,2,6.5,14.5,362.5,8.4,Thursday,0,0,6,1,Auto-Order,26.0,13.79,100.0
2026-03-12,REST001,GreenBite Kitchen,P009,Avocado,Vegetables,82,0,28,28,0,3,51,2,1.5,4.2,117.6,8.4,Thursday,0,0,7,2,Auto-Order,4.5,9.68,100.0
2026-03-12,REST001,GreenBite Kitchen,P010,Pasta,Dry Goods,271,18,58,58,0,3,228,4,0.9,3.0,174.0,8.4,Thursday,0,0,14,0,No Action,2.7,4.92,100.0
2026-03-13,REST001,GreenBite Kitchen,P001,Chicken Breast,Meat,111,125,53,53,0,9,174,3,4.2,9.5,503.5,7.0,Friday,0,0,12,0,No Action,37.8,14.52,100.0
2026-03-13,REST001,GreenBite Kitchen,P002,Tomatoes,Vegetables,172,0,70,70,0,9,93,2,1.1,3.2,224.0,7.0,Friday,0,0,16,38,Auto-Order,9.9,11.39,100.0
2026-03-13,REST001,GreenBite Kitchen,P003,Rice,Dry Goods,280,0,87,87,0,2,191,4,0.8,2.8,243.6,7.0,Friday,0,1,18,0,No Action,1.6,2.25,100.0
2026-03-13,REST001,GreenBite Kitchen,P004,Milk,Dairy,51,120,42,42,0,6,123,2,1.0,2.4,100.8,7.0,Friday,0,0,10,0,No Action,6.0,12.5,100.0
2026-03-13,REST001,GreenBite Kitchen,P005,Cheese,Dairy,80,87,44,44,0,5,118,3,2.8,6.5,286.0,7.0,Friday,0,1,8,0,No Action,14.0,10.2,100.0
2026-03-13,REST001,GreenBite Kitchen,P006,Potatoes,Vegetables,164,0,56,56,0,5,103,2,0.7,2.5,140.0,7.0,Friday,0,0,14,18,Auto-Order,3.5,8.2,100.0
2026-03-13,REST001,GreenBite Kitchen,P007,Bread,Bakery,88,0,38,38,0,5,45,1,1.2,3.0,114.0,7.0,Friday,0,0,12,36,Auto-Order,6.0,11.63,100.0
2026-03-13,REST001,GreenBite Kitchen,P008,Salmon Fillet,Seafood,43,53,25,25,0,3,68,2,6.5,14.5,362.5,7.0,Friday,0,0,6,0,No Action,19.5,10.71,100.0
2026-03-13,REST001,GreenBite Kitchen,P009,Avocado,Vegetables,51,65,28,28,0,6,82,2,1.5,4.2,117.6,7.0,Friday,0,0,7,0,No Action,9.0,17.65,100.0
2026-03-13,REST001,GreenBite Kitchen,P010,Pasta,Dry Goods,228,0,56,56,0,1,171,4,0.9,3.0,168.0,7.0,Friday,0,0,14,0,No Action,0.9,1.75,100.0
2026-03-14,REST001,GreenBite Kitchen,P001,Chicken Breast,Meat,174,0,59,59,0,6,109,3,4.2,9.5,560.5,6.3,Saturday,1,0,12,9,Auto-Order,25.2,9.23,100.0
2026-03-14,REST001,GreenBite Kitchen,P002,Tomatoes,Vegetables,93,157,70,70,0,11,169,2,1.1,3.2,224.0,6.3,Saturday,1,0,16,0,No Action,12.1,13.58,100.0
2026-03-14,REST001,GreenBite Kitchen,P003,Rice,Dry Goods,191,236,92,92,0,3,332,4,0.8,2.8,257.6,6.3,Saturday,1,0,18,0,No Action,2.4,3.16,100.0
2026-03-14,REST001,GreenBite Kitchen,P004,Milk,Dairy,123,0,51,51,0,6,66,2,1.0,2.4,122.4,6.3,Saturday,1,0,10,22,Auto-Order,6.0,10.53,100.0
2026-03-14,REST001,GreenBite Kitchen,P005,Cheese,Dairy,118,0,36,36,0,4,78,3,2.8,6.5,234.0,6.3,Saturday,1,0,8,0,No Action,11.2,10.0,100.0
2026-03-14,REST001,GreenBite Kitchen,P006,Potatoes,Vegetables,103,128,70,70,0,8,153,2,0.7,2.5,175.0,6.3,Saturday,1,0,14,0,No Action,5.6,10.26,100.0
2026-03-14,REST001,GreenBite Kitchen,P007,Bread,Bakery,45,98,61,61,0,8,74,1,1.2,3.0,183.0,6.3,Saturday,1,0,12,7,Auto-Order,9.6,11.59,100.0
2026-03-14,REST001,GreenBite Kitchen,P008,Salmon Fillet,Seafood,68,0,32,32,0,3,33,2,6.5,14.5,464.0,6.3,Saturday,1,0,6,18,Auto-Order,19.5,8.57,100.0
2026-03-14,REST001,GreenBite Kitchen,P009,Avocado,Vegetables,82,0,35,35,0,2,45,2,1.5,4.2,147.0,6.3,Saturday,1,0,7,16,Auto-Order,3.0,5.41,100.0
2026-03-14,REST001,GreenBite Kitchen,P010,Pasta,Dry Goods,171,149,63,63,0,2,255,4,0.9,3.0,189.0,6.3,Saturday,1,0,14,0,No Action,1.8,3.08,100.0
2026-03-15,REST001,GreenBite Kitchen,P001,Chicken Breast,Meat,109,131,51,51,0,9,180,3,4.2,9.5,484.5,3.7,Sunday,1,0,12,0,No Action,37.8,15.0,100.0
2026-03-15,REST001,GreenBite Kitchen,P002,Tomatoes,Vegetables,169,0,81,81,0,8,80,2,1.1,3.2,259.2,3.7,Sunday,1,0,16,35,Auto-Order,8.8,8.99,100.0
2026-03-15,REST001,GreenBite Kitchen,P003,Rice,Dry Goods,332,0,88,88,0,2,242,4,0.8,2.8,246.4,3.7,Sunday,1,0,18,0,No Action,1.6,2.22,100.0
2026-03-15,REST001,GreenBite Kitchen,P004,Milk,Dairy,66,104,48,48,0,7,115,2,1.0,2.4,115.2,3.7,Sunday,1,0,10,0,No Action,7.0,12.73,100.0
2026-03-15,REST001,GreenBite Kitchen,P005,Cheese,Dairy,78,83,42,42,0,5,114,3,2.8,6.5,273.0,3.7,Sunday,1,0,8,0,No Action,14.0,10.64,100.0
2026-03-15,REST001,GreenBite Kitchen,P006,Potatoes,Vegetables,153,0,73,73,0,6,74,2,0.7,2.5,182.5,3.7,Sunday,1,0,14,33,Auto-Order,4.2,7.59,100.0
2026-03-15,REST001,GreenBite Kitchen,P007,Bread,Bakery,74,0,75,70,5,4,0,1,1.2,3.0,210.0,3.7,Sunday,1,1,12,72,Manager Review,4.8,5.41,93.33
2026-03-15,REST001,GreenBite Kitchen,P008,Salmon Fillet,Seafood,33,69,41,41,0,2,59,2,6.5,14.5,594.5,3.7,Sunday,1,1,6,0,No Action,13.0,4.65,100.0
2026-03-15,REST001,GreenBite Kitchen,P009,Avocado,Vegetables,45,71,47,47,0,5,64,2,1.5,4.2,197.4,3.7,Sunday,1,1,7,0,No Action,7.5,9.62,100.0
2026-03-15,REST001,GreenBite Kitchen,P010,Pasta,Dry Goods,255,0,71,71,0,2,182,4,0.9,3.0,213.0,3.7,Sunday,1,0,14,0,No Action,1.8,2.74,100.0
2026-03-16,REST001,GreenBite Kitchen,P001,Chicken Breast,Meat,180,0,51,51,0,7,122,3,4.2,9.5,484.5,5.7,Monday,0,0,12,0,No Action,29.4,12.07,100.0
2026-03-16,REST001,GreenBite Kitchen,P002,Tomatoes,Vegetables,80,174,68,68,0,11,175,2,1.1,3.2,217.6,5.7,Monday,0,0,16,0,No Action,12.1,13.92,100.0
2026-03-16,REST001,GreenBite Kitchen,P003,Rice,Dry Goods,242,0,74,74,0,3,165,4,0.8,2.8,207.2,5.7,Monday,0,0,18,0,No Action,2.4,3.9,100.0
2026-03-16,REST001,GreenBite Kitchen,P004,Milk,Dairy,115,0,43,43,0,5,67,2,1.0,2.4,103.2,5.7,Monday,0,0,10,10,Auto-Order,5.0,10.42,100.0
2026-03-16,REST001,GreenBite Kitchen,P005,Cheese,Dairy,114,0,38,38,0,3,73,3,2.8,6.5,247.0,5.7,Monday,0,0,8,0,No Action,8.4,7.32,100.0
2026-03-16,REST001,GreenBite Kitchen,P006,Potatoes,Vegetables,74,164,61,61,0,7,170,2,0.7,2.5,152.5,5.7,Monday,0,0,14,0,No Action,4.9,10.29,100.0
2026-03-16,REST001,GreenBite Kitchen,P007,Bread,Bakery,0,136,45,45,0,7,84,1,1.2,3.0,135.0,5.7,Monday,0,0,12,0,No Action,8.4,13.46,100.0
2026-03-16,REST001,GreenBite Kitchen,P008,Salmon Fillet,Seafood,59,0,22,22,0,2,35,2,6.5,14.5,319.0,5.7,Monday,0,0,6,9,Auto-Order,13.0,8.33,100.0
2026-03-16,REST001,GreenBite Kitchen,P009,Avocado,Vegetables,64,8,31,31,0,2,39,2,1.5,4.2,130.2,5.7,Monday,0,0,7,14,Auto-Order,3.0,6.06,100.0
2026-03-16,REST001,GreenBite Kitchen,P010,Pasta,Dry Goods,182,17,68,68,0,1,130,4,0.9,3.0,204.0,5.7,Monday,0,1,14,0,No Action,0.9,1.45,100.0
2026-03-17,REST001,GreenBite Kitchen,P001,Chicken Breast,Meat,122,122,50,50,0,9,185,3,4.2,9.5,475.0,7.9,Tuesday,0,0,12,0,No Action,37.8,15.25,100.0
2026-03-17,REST001,GreenBite Kitchen,P002,Tomatoes,Vegetables,175,0,72,72,0,9,94,2,1.1,3.2,230.4,7.9,Tuesday,0,0,16,21,Auto-Order,9.9,11.11,100.0
2026-03-17,REST001,GreenBite Kitchen,P003,Rice,Dry Goods,165,262,75,75,0,5,347,4,0.8,2.8,210.0,7.9,Tuesday,0,0,18,0,No Action,4.0,6.25,100.0
2026-03-17,REST001,GreenBite Kitchen,P004,Milk,Dairy,67,96,48,48,0,7,108,2,1.0,2.4,115.2,7.9,Tuesday,0,0,10,0,No Action,7.0,12.73,100.0
2026-03-17,REST001,GreenBite Kitchen,P005,Cheese,Dairy,73,94,42,42,0,6,119,3,2.8,6.5,273.0,7.9,Tuesday,0,1,8,0,No Action,16.8,12.5,100.0
2026-03-17,REST001,GreenBite Kitchen,P006,Potatoes,Vegetables,170,0,57,57,0,6,107,2,0.7,2.5,142.5,7.9,Tuesday,0,0,14,0,No Action,4.2,9.52,100.0
2026-03-17,REST001,GreenBite Kitchen,P007,Bread,Bakery,84,0,52,52,0,3,29,1,1.2,3.0,156.0,7.9,Tuesday,0,0,12,43,Auto-Order,3.6,5.45,100.0
2026-03-17,REST001,GreenBite Kitchen,P008,Salmon Fillet,Seafood,35,59,23,23,0,4,67,2,6.5,14.5,333.5,7.9,Tuesday,0,0,6,0,No Action,26.0,14.81,100.0
2026-03-17,REST001,GreenBite Kitchen,P009,Avocado,Vegetables,39,84,29,29,0,6,88,2,1.5,4.2,121.8,7.9,Tuesday,0,0,7,0,No Action,9.0,17.14,100.0
2026-03-17,REST001,GreenBite Kitchen,P010,Pasta,Dry Goods,130,192,53,53,0,1,268,4,0.9,3.0,159.0,7.9,Tuesday,0,0,14,0,No Action,0.9,1.85,100.0
2026-03-18,REST001,GreenBite Kitchen,P001,Chicken Breast,Meat,185,0,48,48,0,6,131,3,4.2,9.5,456.0,12.0,Wednesday,0,0,12,0,No Action,25.2,11.11,100.0
2026-03-18,REST001,GreenBite Kitchen,P002,Tomatoes,Vegetables,94,154,62,62,0,12,174,2,1.1,3.2,198.4,12.0,Wednesday,0,0,16,0,No Action,13.2,16.22,100.0
2026-03-18,REST001,GreenBite Kitchen,P003,Rice,Dry Goods,347,0,85,85,0,4,258,4,0.8,2.8,238.0,12.0,Wednesday,0,0,18,0,No Action,3.2,4.49,100.0
2026-03-18,REST001,GreenBite Kitchen,P004,Milk,Dairy,108,0,47,47,0,4,57,2,1.0,2.4,112.8,12.0,Wednesday,0,0,10,20,Auto-Order,4.0,7.84,100.0
2026-03-18,REST001,GreenBite Kitchen,P005,Cheese,Dairy,119,14,31,31,0,4,98,3,2.8,6.5,201.5,12.0,Wednesday,0,0,8,0,No Action,11.2,11.43,100.0
2026-03-18,REST001,GreenBite Kitchen,P006,Potatoes,Vegetables,107,129,60,60,0,10,166,2,0.7,2.5,150.0,12.0,Wednesday,0,0,14,0,No Action,7.0,14.29,100.0
2026-03-18,REST001,GreenBite Kitchen,P007,Bread,Bakery,29,109,43,43,0,9,86,1,1.2,3.0,129.0,12.0,Wednesday,0,0,12,0,No Action,10.8,17.31,100.0
2026-03-18,REST001,GreenBite Kitchen,P008,Salmon Fillet,Seafood,67,13,26,26,0,4,50,2,6.5,14.5,377.0,12.0,Wednesday,0,0,6,0,No Action,26.0,13.33,100.0
2026-03-18,REST001,GreenBite Kitchen,P009,Avocado,Vegetables,88,0,30,30,0,3,55,2,1.5,4.2,126.0,12.0,Wednesday,0,0,7,0,No Action,4.5,9.09,100.0
2026-03-18,REST001,GreenBite Kitchen,P010,Pasta,Dry Goods,268,0,57,57,0,3,208,4,0.9,3.0,171.0,12.0,Wednesday,0,0,14,0,No Action,2.7,5.0,100.0
2026-03-19,REST001,GreenBite Kitchen,P001,Chicken Breast,Meat,131,0,53,53,0,5,73,3,4.2,9.5,503.5,5.7,Thursday,0,1,12,30,Auto-Order,21.0,8.62,100.0
2026-03-19,REST001,GreenBite Kitchen,P002,Tomatoes,Vegetables,174,0,64,64,0,9,101,2,1.1,3.2,204.8,5.7,Thursday,0,0,16,14,Auto-Order,9.9,12.33,100.0
2026-03-19,REST001,GreenBite Kitchen,P003,Rice,Dry Goods,258,0,75,75,0,2,181,4,0.8,2.8,210.0,5.7,Thursday,0,0,18,0,No Action,1.6,2.6,100.0
2026-03-19,REST001,GreenBite Kitchen,P004,Milk,Dairy,57,107,44,44,0,5,115,2,1.0,2.4,105.6,5.7,Thursday,0,0,10,0,No Action,5.0,10.2,100.0
2026-03-19,REST001,GreenBite Kitchen,P005,Cheese,Dairy,98,0,34,34,0,3,61,3,2.8,6.5,221.0,5.7,Thursday,0,0,8,8,Auto-Order,8.4,8.11,100.0
2026-03-19,REST001,GreenBite Kitchen,P006,Potatoes,Vegetables,166,30,56,56,0,8,132,2,0.7,2.5,140.0,5.7,Thursday,0,0,14,0,No Action,5.6,12.5,100.0
2026-03-19,REST001,GreenBite Kitchen,P007,Bread,Bakery,86,0,48,48,0,5,33,1,1.2,3.0,144.0,5.7,Thursday,0,0,12,39,Auto-Order,6.0,9.43,100.0
2026-03-19,REST001,GreenBite Kitchen,P008,Salmon Fillet,Seafood,50,8,21,21,0,1,36,2,6.5,14.5,304.5,5.7,Thursday,0,0,6,8,Auto-Order,6.5,4.55,100.0
2026-03-19,REST001,GreenBite Kitchen,P009,Avocado,Vegetables,55,64,29,29,0,5,85,2,1.5,4.2,121.8,5.7,Thursday,0,0,7,0,No Action,7.5,14.71,100.0
2026-03-19,REST001,GreenBite Kitchen,P010,Pasta,Dry Goods,208,0,51,51,0,2,155,4,0.9,3.0,153.0,5.7,Thursday,0,0,14,0,No Action,1.8,3.77,100.0
2026-03-20,REST001,GreenBite Kitchen,P001,Chicken Breast,Meat,73,167,64,64,0,10,166,3,4.2,9.5,608.0,11.2,Friday,0,1,12,0,No Action,42.0,13.51,100.0
2026-03-20,REST001,GreenBite Kitchen,P002,Tomatoes,Vegetables,101,148,62,62,0,12,175,2,1.1,3.2,198.4,11.2,Friday,0,0,16,0,No Action,13.2,16.22,100.0
2026-03-20,REST001,GreenBite Kitchen,P003,Rice,Dry Goods,181,249,70,70,0,3,357,4,0.8,2.8,196.0,11.2,Friday,0,0,18,0,No Action,2.4,4.11,100.0
2026-03-20,REST001,GreenBite Kitchen,P004,Milk,Dairy,115,0,57,57,0,5,53,2,1.0,2.4,136.8,11.2,Friday,0,1,10,35,Auto-Order,5.0,8.06,100.0
2026-03-20,REST001,GreenBite Kitchen,P005,Cheese,Dairy,61,100,31,31,0,4,126,3,2.8,6.5,201.5,11.2,Friday,0,0,8,0,No Action,11.2,11.43,100.0
2026-03-20,REST001,GreenBite Kitchen,P006,Potatoes,Vegetables,132,0,65,65,0,6,61,2,0.7,2.5,162.5,11.2,Friday,0,0,14,60,Auto-Order,4.2,8.45,100.0
2026-03-20,REST001,GreenBite Kitchen,P007,Bread,Bakery,33,101,47,47,0,7,80,1,1.2,3.0,141.0,11.2,Friday,0,0,12,1,Auto-Order,8.4,12.96,100.0
2026-03-20,REST001,GreenBite Kitchen,P008,Salmon Fillet,Seafood,36,57,26,26,0,3,64,2,6.5,14.5,377.0,11.2,Friday,0,0,6,0,No Action,19.5,10.34,100.0
2026-03-20,REST001,GreenBite Kitchen,P009,Avocado,Vegetables,85,11,31,31,0,5,60,2,1.5,4.2,130.2,11.2,Friday,0,0,7,1,Auto-Order,7.5,13.89,100.0
2026-03-20,REST001,GreenBite Kitchen,P010,Pasta,Dry Goods,155,171,55,55,0,2,269,4,0.9,3.0,165.0,11.2,Friday,0,0,14,0,No Action,1.8,3.51,100.0
2026-03-21,REST001,GreenBite Kitchen,P001,Chicken Breast,Meat,166,0,56,56,0,5,105,3,4.2,9.5,532.0,9.1,Saturday,1,0,12,13,Auto-Order,21.0,8.2,100.0
2026-03-21,REST001,GreenBite Kitchen,P002,Tomatoes,Vegetables,175,0,74,74,0,9,92,2,1.1,3.2,236.8,9.1,Saturday,1,0,16,39,Auto-Order,9.9,10.84,100.0
2026-03-21,REST001,GreenBite Kitchen,P003,Rice,Dry Goods,357,0,89,89,0,2,266,4,0.8,2.8,249.2,9.1,Saturday,1,0,18,0,No Action,1.6,2.2,100.0
2026-03-21,REST001,GreenBite Kitchen,P004,Milk,Dairy,53,122,49,49,0,7,119,2,1.0,2.4,117.6,9.1,Saturday,1,0,10,0,No Action,7.0,12.5,100.0
2026-03-21,REST001,GreenBite Kitchen,P005,Cheese,Dairy,126,11,38,38,0,4,95,3,2.8,6.5,247.0,9.1,Saturday,1,0,8,0,No Action,11.2,9.52,100.0
2026-03-21,REST001,GreenBite Kitchen,P006,Potatoes,Vegetables,61,171,67,67,0,10,155,2,0.7,2.5,167.5,9.1,Saturday,1,0,14,0,No Action,7.0,12.99,100.0
2026-03-21,REST001,GreenBite Kitchen,P007,Bread,Bakery,80,0,55,55,0,4,21,1,1.2,3.0,165.0,9.1,Saturday,1,0,12,60,Manager Review,4.8,6.78,100.0
2026-03-21,REST001,GreenBite Kitchen,P008,Salmon Fillet,Seafood,64,0,31,31,0,4,29,2,6.5,14.5,449.5,9.1,Saturday,1,0,6,22,Auto-Order,26.0,11.43,100.0
2026-03-21,REST001,GreenBite Kitchen,P009,Avocado,Vegetables,60,0,38,38,0,3,19,2,1.5,4.2,159.6,9.1,Saturday,1,0,7,42,Auto-Order,4.5,7.32,100.0
2026-03-21,REST001,GreenBite Kitchen,P010,Pasta,Dry Goods,269,0,63,63,0,3,203,4,0.9,3.0,189.0,9.1,Saturday,1,0,14,0,No Action,2.7,4.55,100.0
2026-03-22,REST001,GreenBite Kitchen,P001,Chicken Breast,Meat,105,130,55,55,0,7,173,3,4.2,9.5,522.5,11.7,Sunday,1,0,12,0,No Action,29.4,11.29,100.0
2026-03-22,REST001,GreenBite Kitchen,P002,Tomatoes,Vegetables,92,163,72,72,0,13,170,2,1.1,3.2,230.4,11.7,Sunday,1,0,16,0,No Action,14.3,15.29,100.0
2026-03-22,REST001,GreenBite Kitchen,P003,Rice,Dry Goods,266,0,88,88,0,2,176,4,0.8,2.8,246.4,11.7,Sunday,1,0,18,0,No Action,1.6,2.22,100.0
2026-03-22,REST001,GreenBite Kitchen,P004,Milk,Dairy,119,0,47,47,0,4,68,2,1.0,2.4,112.8,11.7,Sunday,1,0,10,9,Auto-Order,4.0,7.84,100.0
2026-03-22,REST001,GreenBite Kitchen,P005,Cheese,Dairy,95,0,33,33,0,3,59,3,2.8,6.5,214.5,11.7,Sunday,1,0,8,10,Auto-Order,8.4,8.33,100.0
2026-03-22,REST001,GreenBite Kitchen,P006,Potatoes,Vegetables,155,0,66,66,0,5,84,2,0.7,2.5,165.0,11.7,Sunday,1,0,14,23,Auto-Order,3.5,7.04,100.0
2026-03-22,REST001,GreenBite Kitchen,P007,Bread,Bakery,21,116,51,51,0,7,79,1,1.2,3.0,153.0,11.7,Sunday,1,0,12,0,No Action,8.4,12.07,100.0
2026-03-22,REST001,GreenBite Kitchen,P008,Salmon Fillet,Seafood,29,68,29,29,0,4,64,2,6.5,14.5,420.5,11.7,Sunday,1,0,6,0,No Action,26.0,12.12,100.0
2026-03-22,REST001,GreenBite Kitchen,P009,Avocado,Vegetables,19,95,51,51,0,6,57,2,1.5,4.2,214.2,11.7,Sunday,1,1,7,0,No Action,9.0,10.53,100.0
2026-03-22,REST001,GreenBite Kitchen,P010,Pasta,Dry Goods,203,0,56,56,0,2,145,4,0.9,3.0,168.0,11.7,Sunday,1,0,14,0,No Action,1.8,3.45,100.0
2026-03-23,REST001,GreenBite Kitchen,P001,Chicken Breast,Meat,173,0,53,53,0,7,113,3,4.2,9.5,503.5,9.3,Monday,0,0,12,0,No Action,29.4,11.67,100.0
2026-03-23,REST001,GreenBite Kitchen,P002,Tomatoes,Vegetables,170,0,66,66,0,10,94,2,1.1,3.2,211.2,9.3,Monday,0,0,16,21,Auto-Order,11.0,13.16,100.0
2026-03-23,REST001,GreenBite Kitchen,P003,Rice,Dry Goods,176,257,77,77,0,2,354,4,0.8,2.8,215.6,9.3,Monday,0,0,18,0,No Action,1.6,2.53,100.0
2026-03-23,REST001,GreenBite Kitchen,P004,Milk,Dairy,68,98,44,44,0,7,115,2,1.0,2.4,105.6,9.3,Monday,0,0,10,0,No Action,7.0,13.73,100.0
2026-03-23,REST001,GreenBite Kitchen,P005,Cheese,Dairy,59,108,34,34,0,5,128,3,2.8,6.5,221.0,9.3,Monday,0,0,8,0,No Action,14.0,12.82,100.0
2026-03-23,REST001,GreenBite Kitchen,P006,Potatoes,Vegetables,84,151,56,56,0,7,172,2,0.7,2.5,140.0,9.3,Monday,0,0,14,0,No Action,4.9,11.11,100.0
2026-03-23,REST001,GreenBite Kitchen,P007,Bread,Bakery,79,0,50,50,0,5,24,1,1.2,3.0,150.0,9.3,Monday,0,0,12,48,Auto-Order,6.0,9.09,100.0
2026-03-23,REST001,GreenBite Kitchen,P008,Salmon Fillet,Seafood,64,0,24,24,0,3,37,2,6.5,14.5,348.0,9.3,Monday,0,0,6,7,Auto-Order,19.5,11.11,100.0
2026-03-23,REST001,GreenBite Kitchen,P009,Avocado,Vegetables,57,55,29,29,0,4,79,2,1.5,4.2,121.8,9.3,Monday,0,0,7,0,No Action,6.0,12.12,100.0
2026-03-23,REST001,GreenBite Kitchen,P010,Pasta,Dry Goods,145,175,58,58,0,3,259,4,0.9,3.0,174.0,9.3,Monday,0,0,14,0,No Action,2.7,4.92,100.0
2026-03-24,REST001,GreenBite Kitchen,P001,Chicken Breast,Meat,113,128,44,44,0,8,189,3,4.2,9.5,418.0,10.6,Tuesday,0,0,12,0,No Action,33.6,15.38,100.0
2026-03-24,REST001,GreenBite Kitchen,P002,Tomatoes,Vegetables,94,157,59,59,0,13,179,2,1.1,3.2,188.8,10.6,Tuesday,0,0,16,0,No Action,14.3,18.06,100.0
2026-03-24,REST001,GreenBite Kitchen,P003,Rice,Dry Goods,354,0,74,74,0,3,277,4,0.8,2.8,207.2,10.6,Tuesday,0,0,18,0,No Action,2.4,3.9,100.0
2026-03-24,REST001,GreenBite Kitchen,P004,Milk,Dairy,115,0,43,43,0,3,69,2,1.0,2.4,103.2,10.6,Tuesday,0,0,10,8,Auto-Order,3.0,6.52,100.0
2026-03-24,REST001,GreenBite Kitchen,P005,Cheese,Dairy,128,0,29,29,0,4,95,3,2.8,6.5,188.5,10.6,Tuesday,0,0,8,0,No Action,11.2,12.12,100.0
2026-03-24,REST001,GreenBite Kitchen,P006,Potatoes,Vegetables,172,0,63,63,0,6,103,2,0.7,2.5,157.5,10.6,Tuesday,0,0,14,4,Auto-Order,4.2,8.7,100.0
2026-03-24,REST001,GreenBite Kitchen,P007,Bread,Bakery,24,121,46,46,0,9,90,1,1.2,3.0,138.0,10.6,Tuesday,0,0,12,0,No Action,10.8,16.36,100.0
2026-03-24,REST001,GreenBite Kitchen,P008,Salmon Fillet,Seafood,37,58,33,33,0,3,59,2,6.5,14.5,478.5,10.6,Tuesday,0,1,6,0,No Action,19.5,8.33,100.0
2026-03-24,REST001,GreenBite Kitchen,P009,Avocado,Vegetables,79,0,28,28,0,5,46,2,1.5,4.2,117.6,10.6,Tuesday,0,0,7,7,Auto-Order,7.5,15.15,100.0
2026-03-24,REST001,GreenBite Kitchen,P010,Pasta,Dry Goods,259,0,56,56,0,2,201,4,0.9,3.0,168.0,10.6,Tuesday,0,0,14,0,No Action,1.8,3.45,100.0
2026-03-25,REST001,GreenBite Kitchen,P001,Chicken Breast,Meat,189,0,51,51,0,6,132,3,4.2,9.5,484.5,8.6,Wednesday,0,0,12,0,No Action,25.2,10.53,100.0
2026-03-25,REST001,GreenBite Kitchen,P002,Tomatoes,Vegetables,179,0,59,59,0,9,111,2,1.1,3.2,188.8,8.6,Wednesday,0,0,16,4,Auto-Order,9.9,13.24,100.0
2026-03-25,REST001,GreenBite Kitchen,P003,Rice,Dry Goods,277,0,73,73,0,3,201,4,0.8,2.8,204.4,8.6,Wednesday,0,0,18,0,No Action,2.4,3.95,100.0
2026-03-25,REST001,GreenBite Kitchen,P004,Milk,Dairy,69,97,41,41,0,6,119,2,1.0,2.4,98.4,8.6,Wednesday,0,0,10,0,No Action,6.0,12.77,100.0
2026-03-25,REST001,GreenBite Kitchen,P005,Cheese,Dairy,95,0,34,34,0,2,59,3,2.8,6.5,221.0,8.6,Wednesday,0,0,8,10,Auto-Order,5.6,5.56,100.0
2026-03-25,REST001,GreenBite Kitchen,P006,Potatoes,Vegetables,103,135,76,76,0,8,154,2,0.7,2.5,190.0,8.6,Wednesday,0,1,14,0,No Action,5.6,9.52,100.0
2026-03-25,REST001,GreenBite Kitchen,P007,Bread,Bakery,90,0,50,50,0,6,34,1,1.2,3.0,150.0,8.6,Wednesday,0,0,12,38,Auto-Order,7.2,10.71,100.0
2026-03-25,REST001,GreenBite Kitchen,P008,Salmon Fillet,Seafood,59,0,24,24,0,2,33,2,6.5,14.5,348.0,8.6,Wednesday,0,0,6,11,Auto-Order,13.0,7.69,100.0
2026-03-25,REST001,GreenBite Kitchen,P009,Avocado,Vegetables,46,76,39,39,0,7,76,2,1.5,4.2,163.8,8.6,Wednesday,0,1,7,0,No Action,10.5,15.22,100.0
2026-03-25,REST001,GreenBite Kitchen,P010,Pasta,Dry Goods,201,0,58,58,0,1,142,4,0.9,3.0,174.0,8.6,Wednesday,0,1,14,0,No Action,0.9,1.69,100.0
2026-03-26,REST001,GreenBite Kitchen,P001,Chicken Breast,Meat,132,0,53,53,0,6,73,3,4.2,9.5,503.5,12.6,Thursday,0,0,12,30,Auto-Order,25.2,10.17,100.0
2026-03-26,REST001,GreenBite Kitchen,P002,Tomatoes,Vegetables,111,134,63,63,0,12,170,2,1.1,3.2,201.6,12.6,Thursday,0,0,16,0,No Action,13.2,16.0,100.0
2026-03-26,REST001,GreenBite Kitchen,P003,Rice,Dry Goods,201,227,91,91,0,3,334,4,0.8,2.8,254.8,12.6,Thursday,0,1,18,0,No Action,2.4,3.19,100.0
2026-03-26,REST001,GreenBite Kitchen,P004,Milk,Dairy,119,14,38,38,0,6,89,2,1.0,2.4,91.2,12.6,Thursday,0,0,10,0,No Action,6.0,13.64,100.0
2026-03-26,REST001,GreenBite Kitchen,P005,Cheese,Dairy,59,98,34,34,0,4,119,3,2.8,6.5,221.0,12.6,Thursday,0,0,8,0,No Action,11.2,10.53,100.0
2026-03-26,REST001,GreenBite Kitchen,P006,Potatoes,Vegetables,154,0,60,60,0,7,87,2,0.7,2.5,150.0,12.6,Thursday,0,0,14,20,Auto-Order,4.9,10.45,100.0
2026-03-26,REST001,GreenBite Kitchen,P007,Bread,Bakery,34,110,47,47,0,8,89,1,1.2,3.0,141.0,12.6,Thursday,0,0,12,0,No Action,9.6,14.55,100.0
2026-03-26,REST001,GreenBite Kitchen,P008,Salmon Fillet,Seafood,33,63,29,29,0,3,64,2,6.5,14.5,420.5,12.6,Thursday,0,0,6,0,No Action,19.5,9.38,100.0
2026-03-26,REST001,GreenBite Kitchen,P009,Avocado,Vegetables,76,0,32,32,0,3,41,2,1.5,4.2,134.4,12.6,Thursday,0,0,7,12,Auto-Order,4.5,8.57,100.0
2026-03-26,REST001,GreenBite Kitchen,P010,Pasta,Dry Goods,142,177,60,60,0,3,256,4,0.9,3.0,180.0,12.6,Thursday,0,0,14,0,No Action,2.7,4.76,100.0
2026-03-27,REST001,GreenBite Kitchen,P001,Chicken Breast,Meat,73,173,50,50,0,7,189,3,4.2,9.5,475.0,10.5,Friday,0,0,12,0,No Action,29.4,12.28,100.0
2026-03-27,REST001,GreenBite Kitchen,P002,Tomatoes,Vegetables,170,0,69,69,0,10,91,2,1.1,3.2,220.8,10.5,Friday,0,0,16,40,Auto-Order,11.0,12.66,100.0
2026-03-27,REST001,GreenBite Kitchen,P003,Rice,Dry Goods,334,0,74,74,0,3,257,4,0.8,2.8,207.2,10.5,Friday,0,0,18,0,No Action,2.4,3.9,100.0
2026-03-27,REST001,GreenBite Kitchen,P004,Milk,Dairy,89,0,41,41,0,3,45,2,1.0,2.4,98.4,10.5,Friday,0,0,10,43,Auto-Order,3.0,6.82,100.0
2026-03-27,REST001,GreenBite Kitchen,P005,Cheese,Dairy,119,0,30,30,0,4,85,3,2.8,6.5,195.0,10.5,Friday,0,0,8,0,No Action,11.2,11.76,100.0
2026-03-27,REST001,GreenBite Kitchen,P006,Potatoes,Vegetables,87,140,54,54,0,7,166,2,0.7,2.5,135.0,10.5,Friday,0,0,14,0,No Action,4.9,11.48,100.0
2026-03-27,REST001,GreenBite Kitchen,P007,Bread,Bakery,89,0,47,47,0,5,37,1,1.2,3.0,141.0,10.5,Friday,0,0,12,44,Auto-Order,6.0,9.62,100.0
2026-03-27,REST001,GreenBite Kitchen,P008,Salmon Fillet,Seafood,64,0,22,22,0,3,39,2,6.5,14.5,319.0,10.5,Friday,0,0,6,12,Auto-Order,19.5,12.0,100.0
2026-03-27,REST001,GreenBite Kitchen,P009,Avocado,Vegetables,41,72,29,29,0,5,79,2,1.5,4.2,121.8,10.5,Friday,0,0,7,0,No Action,7.5,14.71,100.0
2026-03-27,REST001,GreenBite Kitchen,P010,Pasta,Dry Goods,256,21,59,59,0,3,215,4,0.9,3.0,177.0,10.5,Friday,0,0,14,0,No Action,2.7,4.84,100.0
2026-03-28,REST001,GreenBite Kitchen,P001,Chicken Breast,Meat,189,0,56,56,0,6,127,3,4.2,9.5,532.0,9.8,Saturday,1,0,12,0,No Action,25.2,9.68,100.0
2026-03-28,REST001,GreenBite Kitchen,P002,Tomatoes,Vegetables,91,164,71,71,0,13,171,2,1.1,3.2,227.2,9.8,Saturday,1,0,16,0,No Action,14.3,15.48,100.0
2026-03-28,REST001,GreenBite Kitchen,P003,Rice,Dry Goods,257,0,76,76,0,3,178,4,0.8,2.8,212.8,9.8,Saturday,1,0,18,0,No Action,2.4,3.8,100.0
2026-03-28,REST001,GreenBite Kitchen,P004,Milk,Dairy,45,125,49,49,0,5,116,2,1.0,2.4,117.6,9.8,Saturday,1,0,10,0,No Action,5.0,9.26,100.0
2026-03-28,REST001,GreenBite Kitchen,P005,Cheese,Dairy,85,76,40,40,0,5,116,3,2.8,6.5,260.0,9.8,Saturday,1,0,8,0,No Action,14.0,11.11,100.0
2026-03-28,REST001,GreenBite Kitchen,P006,Potatoes,Vegetables,166,0,69,69,0,5,92,2,0.7,2.5,172.5,9.8,Saturday,1,0,14,29,Auto-Order,3.5,6.76,100.0
2026-03-28,REST001,GreenBite Kitchen,P007,Bread,Bakery,37,101,78,78,0,8,52,1,1.2,3.0,234.0,9.8,Saturday,1,1,12,29,Auto-Order,9.6,9.3,100.0
2026-03-28,REST001,GreenBite Kitchen,P008,Salmon Fillet,Seafood,39,55,26,26,0,4,64,2,6.5,14.5,377.0,9.8,Saturday,1,0,6,0,No Action,26.0,13.33,100.0
2026-03-28,REST001,GreenBite Kitchen,P009,Avocado,Vegetables,79,0,34,34,0,3,42,2,1.5,4.2,142.8,9.8,Saturday,1,0,7,19,Auto-Order,4.5,8.11,100.0
2026-03-28,REST001,GreenBite Kitchen,P010,Pasta,Dry Goods,215,0,68,68,0,1,146,4,0.9,3.0,204.0,9.8,Saturday,1,0,14,0,No Action,0.9,1.45,100.0
2026-03-29,REST001,GreenBite Kitchen,P001,Chicken Breast,Meat,127,111,57,57,0,8,173,3,4.2,9.5,541.5,10.0,Sunday,1,0,12,0,No Action,33.6,12.31,100.0
2026-03-29,REST001,GreenBite Kitchen,P002,Tomatoes,Vegetables,171,0,100,100,0,8,63,2,1.1,3.2,320.0,10.0,Sunday,1,1,16,52,Auto-Order,8.8,7.41,100.0
2026-03-29,REST001,GreenBite Kitchen,P003,Rice,Dry Goods,178,249,95,95,0,3,329,4,0.8,2.8,266.0,10.0,Sunday,1,0,18,0,No Action,2.4,3.06,100.0
2026-03-29,REST001,GreenBite Kitchen,P004,Milk,Dairy,116,0,52,52,0,6,58,2,1.0,2.4,124.8,10.0,Sunday,1,0,10,19,Auto-Order,6.0,10.34,100.0
2026-03-29,REST001,GreenBite Kitchen,P005,Cheese,Dairy,116,0,36,36,0,2,78,3,2.8,6.5,234.0,10.0,Sunday,1,0,8,0,No Action,5.6,5.26,100.0
2026-03-29,REST001,GreenBite Kitchen,P006,Potatoes,Vegetables,92,137,94,94,0,8,127,2,0.7,2.5,235.0,10.0,Sunday,1,1,14,0,No Action,5.6,7.84,100.0
2026-03-29,REST001,GreenBite Kitchen,P007,Bread,Bakery,52,85,55,55,0,7,75,1,1.2,3.0,165.0,10.0,Sunday,1,0,12,0,No Action,8.4,11.29,100.0
2026-03-29,REST001,GreenBite Kitchen,P008,Salmon Fillet,Seafood,64,0,25,25,0,1,38,2,6.5,14.5,362.5,10.0,Sunday,1,0,6,6,Auto-Order,6.5,3.85,100.0
2026-03-29,REST001,GreenBite Kitchen,P009,Avocado,Vegetables,42,80,38,38,0,6,78,2,1.5,4.2,159.6,10.0,Sunday,1,0,7,0,No Action,9.0,13.64,100.0
2026-03-29,REST001,GreenBite Kitchen,P010,Pasta,Dry Goods,146,185,62,62,0,2,267,4,0.9,3.0,186.0,10.0,Sunday,1,0,14,0,No Action,1.8,3.12,100.0
2026-03-30,REST001,GreenBite Kitchen,P001,Chicken Breast,Meat,173,0,65,65,0,6,102,3,4.2,9.5,617.5,13.0,Monday,0,1,12,1,Auto-Order,25.2,8.45,100.0
2026-03-30,REST001,GreenBite Kitchen,P002,Tomatoes,Vegetables,63,189,60,60,0,14,178,2,1.1,3.2,192.0,13.0,Monday,0,0,16,0,No Action,15.4,18.92,100.0
2026-03-30,REST001,GreenBite Kitchen,P003,Rice,Dry Goods,329,0,74,74,0,4,251,4,0.8,2.8,207.2,13.0,Monday,0,0,18,0,No Action,3.2,5.13,100.0
2026-03-30,REST001,GreenBite Kitchen,P004,Milk,Dairy,58,113,46,46,0,6,119,2,1.0,2.4,110.4,13.0,Monday,0,0,10,0,No Action,6.0,11.54,100.0
2026-03-30,REST001,GreenBite Kitchen,P005,Cheese,Dairy,78,84,35,35,0,5,122,3,2.8,6.5,227.5,13.0,Monday,0,0,8,0,No Action,14.0,12.5,100.0
2026-03-30,REST001,GreenBite Kitchen,P006,Potatoes,Vegetables,127,0,64,64,0,5,58,2,0.7,2.5,160.0,13.0,Monday,0,0,14,49,Auto-Order,3.5,7.25,100.0
2026-03-30,REST001,GreenBite Kitchen,P007,Bread,Bakery,75,0,49,49,0,4,22,1,1.2,3.0,147.0,13.0,Monday,0,0,12,50,Auto-Order,4.8,7.55,100.0
2026-03-30,REST001,GreenBite Kitchen,P008,Salmon Fillet,Seafood,38,60,28,28,0,4,66,2,6.5,14.5,406.0,13.0,Monday,0,0,6,0,No Action,26.0,12.5,100.0
2026-03-30,REST001,GreenBite Kitchen,P009,Avocado,Vegetables,78,0,28,28,0,3,47,2,1.5,4.2,117.6,13.0,Monday,0,0,7,6,Auto-Order,4.5,9.68,100.0
2026-03-30,REST001,GreenBite Kitchen,P010,Pasta,Dry Goods,267,0,59,59,0,2,206,4,0.9,3.0,177.0,13.0,Monday,0,0,14,0,No Action,1.8,3.28,100.0
2026-03-31,REST001,GreenBite Kitchen,P001,Chicken Breast,Meat,102,141,50,50,0,9,184,3,4.2,9.5,475.0,10.5,Tuesday,0,0,12,0,No Action,37.8,15.25,100.0
2026-03-31,REST001,GreenBite Kitchen,P002,Tomatoes,Vegetables,178,0,71,71,0,9,98,2,1.1,3.2,227.2,10.5,Tuesday,0,0,16,17,Auto-Order,9.9,11.25,100.0
2026-03-31,REST001,GreenBite Kitchen,P003,Rice,Dry Goods,251,0,82,82,0,3,166,4,0.8,2.8,229.6,10.5,Tuesday,0,0,18,0,No Action,2.4,3.53,100.0
2026-03-31,REST001,GreenBite Kitchen,P004,Milk,Dairy,119,0,39,39,0,4,76,2,1.0,2.4,93.6,10.5,Tuesday,0,0,10,1,Auto-Order,4.0,9.3,100.0
2026-03-31,REST001,GreenBite Kitchen,P005,Cheese,Dairy,122,0,35,35,0,3,84,3,2.8,6.5,227.5,10.5,Tuesday,0,0,8,0,No Action,8.4,7.89,100.0
2026-03-31,REST001,GreenBite Kitchen,P006,Potatoes,Vegetables,58,178,68,68,0,9,159,2,0.7,2.5,170.0,10.5,Tuesday,0,0,14,0,No Action,6.3,11.69,100.0
2026-03-31,REST001,GreenBite Kitchen,P007,Bread,Bakery,22,119,52,52,0,8,81,1,1.2,3.0,156.0,10.5,Tuesday,0,0,12,0,No Action,9.6,13.33,100.0
2026-03-31,REST001,GreenBite Kitchen,P008,Salmon Fillet,Seafood,66,0,27,27,0,2,37,2,6.5,14.5,391.5,10.5,Tuesday,0,0,6,7,Auto-Order,13.0,6.9,100.0
2026-03-31,REST001,GreenBite Kitchen,P009,Avocado,Vegetables,47,72,36,36,0,5,78,2,1.5,4.2,151.2,10.5,Tuesday,0,0,7,0,No Action,7.5,12.2,100.0
2026-03-31,REST001,GreenBite Kitchen,P010,Pasta,Dry Goods,206,0,57,57,0,1,148,4,0.9,3.0,171.0,10.5,Tuesday,0,0,14,0,No Action,0.9,1.72,100.0
2026-04-01,REST001,GreenBite Kitchen,P001,Chicken Breast,Meat,184,0,54,54,0,6,124,3,4.2,9.5,513.0,6.9,Wednesday,0,0,12,0,No Action,25.2,10.0,100.0
2026-04-01,REST001,GreenBite Kitchen,P002,Tomatoes,Vegetables,98,150,65,65,0,12,171,2,1.1,3.2,208.0,6.9,Wednesday,0,0,16,0,No Action,13.2,15.58,100.0
2026-04-01,REST001,GreenBite Kitchen,P003,Rice,Dry Goods,166,265,73,73,0,2,356,4,0.8,2.8,204.4,6.9,Wednesday,0,0,18,0,No Action,1.6,2.67,100.0
2026-04-01,REST001,GreenBite Kitchen,P004,Milk,Dairy,76,96,44,44,0,4,124,2,1.0,2.4,105.6,6.9,Wednesday,0,0,10,0,No Action,4.0,8.33,100.0
2026-04-01,REST001,GreenBite Kitchen,P005,Cheese,Dairy,84,77,33,33,0,5,123,3,2.8,6.5,214.5,6.9,Wednesday,0,0,8,0,No Action,14.0,13.16,100.0
2026-04-01,REST001,GreenBite Kitchen,P006,Potatoes,Vegetables,159,0,54,54,0,6,99,2,0.7,2.5,135.0,6.9,Wednesday,0,0,14,8,Auto-Order,4.2,10.0,100.0
2026-04-01,REST001,GreenBite Kitchen,P007,Bread,Bakery,81,0,50,50,0,4,27,1,1.2,3.0,150.0,6.9,Wednesday,0,0,12,45,Auto-Order,4.8,7.41,100.0
2026-04-01,REST001,GreenBite Kitchen,P008,Salmon Fillet,Seafood,37,55,23,23,0,4,65,2,6.5,14.5,333.5,6.9,Wednesday,0,0,6,0,No Action,26.0,14.81,100.0
2026-04-01,REST001,GreenBite Kitchen,P009,Avocado,Vegetables,78,0,33,33,0,3,42,2,1.5,4.2,138.6,6.9,Wednesday,0,1,7,11,Auto-Order,4.5,8.33,100.0
2026-04-01,REST001,GreenBite Kitchen,P010,Pasta,Dry Goods,148,175,58,58,0,3,262,4,0.9,3.0,174.0,6.9,Wednesday,0,0,14,0,No Action,2.7,4.92,100.0
2026-04-02,REST001,GreenBite Kitchen,P001,Chicken Breast,Meat,124,118,53,53,0,8,181,3,4.2,9.5,503.5,11.4,Thursday,0,0,12,0,No Action,33.6,13.11,100.0
2026-04-02,REST001,GreenBite Kitchen,P002,Tomatoes,Vegetables,171,0,73,73,0,9,89,2,1.1,3.2,233.6,11.4,Thursday,0,0,16,26,Auto-Order,9.9,10.98,100.0
2026-04-02,REST001,GreenBite Kitchen,P003,Rice,Dry Goods,356,0,74,74,0,3,279,4,0.8,2.8,207.2,11.4,Thursday,0,0,18,0,No Action,2.4,3.9,100.0
2026-04-02,REST001,GreenBite Kitchen,P004,Milk,Dairy,124,0,48,48,0,4,72,2,1.0,2.4,115.2,11.4,Thursday,0,0,10,5,Auto-Order,4.0,7.69,100.0
2026-04-02,REST001,GreenBite Kitchen,P005,Cheese,Dairy,123,0,33,33,0,3,87,3,2.8,6.5,214.5,11.4,Thursday,0,0,8,0,No Action,8.4,8.33,100.0
2026-04-02,REST001,GreenBite Kitchen,P006,Potatoes,Vegetables,99,139,56,56,0,8,174,2,0.7,2.5,140.0,11.4,Thursday,0,0,14,0,No Action,5.6,12.5,100.0
2026-04-02,REST001,GreenBite Kitchen,P007,Bread,Bakery,27,113,50,50,0,8,82,1,1.2,3.0,150.0,11.4,Thursday,0,0,12,0,No Action,9.6,13.79,100.0
2026-04-02,REST001,GreenBite Kitchen,P008,Salmon Fillet,Seafood,65,0,25,25,0,2,38,2,6.5,14.5,362.5,11.4,Thursday,0,0,6,6,Auto-Order,13.0,7.41,100.0
2026-04-02,REST001,GreenBite Kitchen,P009,Avocado,Vegetables,42,72,35,35,0,5,74,2,1.5,4.2,147.0,11.4,Thursday,0,0,7,0,No Action,7.5,12.5,100.0
2026-04-02,REST001,GreenBite Kitchen,P010,Pasta,Dry Goods,262,0,57,57,0,2,203,4,0.9,3.0,171.0,11.4,Thursday,0,0,14,0,No Action,1.8,3.39,100.0
2026-04-03,REST001,GreenBite Kitchen,P001,Chicken Breast,Meat,181,0,46,46,0,7,128,3,4.2,9.5,437.0,10.4,Friday,0,0,12,0,No Action,29.4,13.21,100.0
2026-04-03,REST001,GreenBite Kitchen,P002,Tomatoes,Vegetables,89,161,67,67,0,14,169,2,1.1,3.2,214.4,10.4,Friday,0,0,16,0,No Action,15.4,17.28,100.0
2026-04-03,REST001,GreenBite Kitchen,P003,Rice,Dry Goods,279,0,72,72,0,1,206,4,0.8,2.8,201.6,10.4,Friday,0,0,18,0,No Action,0.8,1.37,100.0
2026-04-03,REST001,GreenBite Kitchen,P004,Milk,Dairy,72,102,44,44,0,7,123,2,1.0,2.4,105.6,10.4,Friday,0,0,10,0,No Action,7.0,13.73,100.0
2026-04-03,REST001,GreenBite Kitchen,P005,Cheese,Dairy,87,0,34,34,0,2,51,3,2.8,6.5,221.0,10.4,Friday,0,0,8,27,Auto-Order,5.6,5.56,100.0
2026-04-03,REST001,GreenBite Kitchen,P006,Potatoes,Vegetables,174,0,57,57,0,6,111,2,0.7,2.5,142.5,10.4,Friday,0,0,14,10,Auto-Order,4.2,9.52,100.0
2026-04-03,REST001,GreenBite Kitchen,P007,Bread,Bakery,82,0,49,49,0,5,28,1,1.2,3.0,147.0,10.4,Friday,0,0,12,53,Manager Review,6.0,9.26,100.0
2026-04-03,REST001,GreenBite Kitchen,P008,Salmon Fillet,Seafood,38,63,23,23,0,5,73,2,6.5,14.5,333.5,10.4,Friday,0,0,6,0,No Action,32.5,17.86,100.0
2026-04-03,REST001,GreenBite Kitchen,P009,Avocado,Vegetables,74,0,29,29,0,4,41,2,1.5,4.2,121.8,10.4,Friday,0,0,7,20,Auto-Order,6.0,12.12,100.0
2026-04-03,REST001,GreenBite Kitchen,P010,Pasta,Dry Goods,203,0,54,54,0,0,149,4,0.9,3.0,162.0,10.4,Friday,0,0,14,0,No Action,0.0,0.0,100.0
2026-04-04,REST001,GreenBite Kitchen,P001,Chicken Breast,Meat,128,115,56,56,0,9,178,3,4.2,9.5,532.0,9.9,Saturday,1,0,12,0,No Action,37.8,13.85,100.0
2026-04-04,REST001,GreenBite Kitchen,P002,Tomatoes,Vegetables,169,0,70,70,0,10,89,2,1.1,3.2,224.0,9.9,Saturday,1,0,16,42,Auto-Order,11.0,12.5,100.0
2026-04-04,REST001,GreenBite Kitchen,P003,Rice,Dry Goods,206,229,87,87,0,4,344,4,0.8,2.8,243.6,9.9,Saturday,1,0,18,0,No Action,3.2,4.4,100.0
2026-04-04,REST001,GreenBite Kitchen,P004,Milk,Dairy,123,0,52,52,0,3,68,2,1.0,2.4,124.8,9.9,Saturday,1,0,10,20,Auto-Order,3.0,5.45,100.0
2026-04-04,REST001,GreenBite Kitchen,P005,Cheese,Dairy,51,108,41,41,0,5,113,3,2.8,6.5,266.5,9.9,Saturday,1,0,8,0,No Action,14.0,10.87,100.0
2026-04-04,REST001,GreenBite Kitchen,P006,Potatoes,Vegetables,111,123,82,82,0,9,143,2,0.7,2.5,205.0,9.9,Saturday,1,0,14,0,No Action,6.3,9.89,100.0
2026-04-04,REST001,GreenBite Kitchen,P007,Bread,Bakery,28,117,54,54,0,8,83,1,1.2,3.0,162.0,9.9,Saturday,1,0,12,0,No Action,9.6,12.9,100.0
2026-04-04,REST001,GreenBite Kitchen,P008,Salmon Fillet,Seafood,73,0,27,27,0,3,43,2,6.5,14.5,391.5,9.9,Saturday,1,0,6,8,Auto-Order,19.5,10.0,100.0
2026-04-04,REST001,GreenBite Kitchen,P009,Avocado,Vegetables,41,76,36,36,0,7,74,2,1.5,4.2,151.2,9.9,Saturday,1,0,7,0,No Action,10.5,16.28,100.0
2026-04-04,REST001,GreenBite Kitchen,P010,Pasta,Dry Goods,149,176,64,64,0,5,256,4,0.9,3.0,192.0,9.9,Saturday,1,0,14,0,No Action,4.5,7.25,100.0
2026-04-05,REST001,GreenBite Kitchen,P001,Chicken Breast,Meat,178,0,59,59,0,7,112,3,4.2,9.5,560.5,10.4,Sunday,1,0,12,0,No Action,29.4,10.61,100.0
2026-04-05,REST001,GreenBite Kitchen,P002,Tomatoes,Vegetables,89,156,68,68,0,12,165,2,1.1,3.2,217.6,10.4,Sunday,1,0,16,0,No Action,13.2,15.0,100.0
2026-04-05,REST001,GreenBite Kitchen,P003,Rice,Dry Goods,344,0,84,84,0,2,258,4,0.8,2.8,235.2,10.4,Sunday,1,0,18,0,No Action,1.6,2.33,100.0
2026-04-05,REST001,GreenBite Kitchen,P004,Milk,Dairy,68,107,50,50,0,6,119,2,1.0,2.4,120.0,10.4,Sunday,1,0,10,0,No Action,6.0,10.71,100.0
2026-04-05,REST001,GreenBite Kitchen,P005,Cheese,Dairy,113,14,38,38,0,4,85,3,2.8,6.5,247.0,10.4,Sunday,1,0,8,0,No Action,11.2,9.52,100.0
2026-04-05,REST001,GreenBite Kitchen,P006,Potatoes,Vegetables,143,0,69,69,0,4,70,2,0.7,2.5,172.5,10.4,Sunday,1,0,14,37,Auto-Order,2.8,5.48,100.0
2026-04-05,REST001,GreenBite Kitchen,P007,Bread,Bakery,83,0,54,54,0,5,24,1,1.2,3.0,162.0,10.4,Sunday,1,0,12,48,Auto-Order,6.0,8.47,100.0
2026-04-05,REST001,GreenBite Kitchen,P008,Salmon Fillet,Seafood,43,49,31,31,0,2,59,2,6.5,14.5,449.5,10.4,Sunday,1,0,6,0,No Action,13.0,6.06,100.0
2026-04-05,REST001,GreenBite Kitchen,P009,Avocado,Vegetables,74,0,29,29,0,3,42,2,1.5,4.2,121.8,10.4,Sunday,1,0,7,11,Auto-Order,4.5,9.38,100.0
2026-04-05,REST001,GreenBite Kitchen,P010,Pasta,Dry Goods,256,0,61,61,0,3,192,4,0.9,3.0,183.0,10.4,Sunday,1,0,14,0,No Action,2.7,4.69,100.0
2026-04-06,REST001,GreenBite Kitchen,P001,Chicken Breast,Meat,112,127,50,50,0,8,181,3,4.2,9.5,475.0,14.2,Monday,0,0,12,0,No Action,33.6,13.79,100.0
2026-04-06,REST001,GreenBite Kitchen,P002,Tomatoes,Vegetables,165,24,61,61,0,9,119,2,1.1,3.2,195.2,14.2,Monday,0,0,16,0,No Action,9.9,12.86,100.0
2026-04-06,REST001,GreenBite Kitchen,P003,Rice,Dry Goods,258,0,73,73,0,3,182,4,0.8,2.8,204.4,14.2,Monday,0,0,18,0,No Action,2.4,3.95,100.0
2026-04-06,REST001,GreenBite Kitchen,P004,Milk,Dairy,119,0,43,43,0,4,72,2,1.0,2.4,103.2,14.2,Monday,0,0,10,5,Auto-Order,4.0,8.51,100.0
2026-04-06,REST001,GreenBite Kitchen,P005,Cheese,Dairy,85,79,35,35,0,5,124,3,2.8,6.5,227.5,14.2,Monday,0,0,8,0,No Action,14.0,12.5,100.0
2026-04-06,REST001,GreenBite Kitchen,P006,Potatoes,Vegetables,70,163,66,66,0,9,158,2,0.7,2.5,165.0,14.2,Monday,0,0,14,0,No Action,6.3,12.0,100.0
2026-04-06,REST001,GreenBite Kitchen,P007,Bread,Bakery,24,118,45,45,0,7,90,1,1.2,3.0,135.0,14.2,Monday,0,0,12,0,No Action,8.4,13.46,100.0
2026-04-06,REST001,GreenBite Kitchen,P008,Salmon Fillet,Seafood,59,0,26,26,0,3,30,2,6.5,14.5,377.0,14.2,Monday,0,0,6,14,Auto-Order,19.5,10.34,100.0
2026-04-06,REST001,GreenBite Kitchen,P009,Avocado,Vegetables,42,80,29,29,0,6,87,2,1.5,4.2,121.8,14.2,Monday,0,0,7,0,No Action,9.0,17.14,100.0
2026-04-06,REST001,GreenBite Kitchen,P010,Pasta,Dry Goods,192,0,59,59,0,1,132,4,0.9,3.0,177.0,14.2,Monday,0,0,14,0,No Action,0.9,1.67,100.0
2026-04-07,REST001,GreenBite Kitchen,P001,Chicken Breast,Meat,181,0,48,48,0,7,126,3,4.2,9.5,456.0,10.7,Tuesday,0,0,12,0,No Action,29.4,12.73,100.0
2026-04-07,REST001,GreenBite Kitchen,P002,Tomatoes,Vegetables,119,124,70,70,0,12,161,2,1.1,3.2,224.0,10.7,Tuesday,0,0,16,0,No Action,13.2,14.63,100.0
2026-04-07,REST001,GreenBite Kitchen,P003,Rice,Dry Goods,182,247,73,73,0,4,352,4,0.8,2.8,204.4,10.7,Tuesday,0,0,18,0,No Action,3.2,5.19,100.0
2026-04-07,REST001,GreenBite Kitchen,P004,Milk,Dairy,72,98,44,44,0,5,121,2,1.0,2.4,105.6,10.7,Tuesday,0,0,10,0,No Action,5.0,10.2,100.0
2026-04-07,REST001,GreenBite Kitchen,P005,Cheese,Dairy,124,0,32,32,0,3,89,3,2.8,6.5,208.0,10.7,Tuesday,0,0,8,0,No Action,8.4,8.57,100.0
2026-04-07,REST001,GreenBite Kitchen,P006,Potatoes,Vegetables,158,0,60,60,0,6,92,2,0.7,2.5,150.0,10.7,Tuesday,0,0,14,15,Auto-Order,4.2,9.09,100.0
2026-04-07,REST001,GreenBite Kitchen,P007,Bread,Bakery,90,0,46,46,0,5,39,1,1.2,3.0,138.0,10.7,Tuesday,0,0,12,33,Auto-Order,6.0,9.8,100.0
2026-04-07,REST001,GreenBite Kitchen,P008,Salmon Fillet,Seafood,30,62,22,22,0,4,66,2,6.5,14.5,319.0,10.7,Tuesday,0,0,6,0,No Action,26.0,15.38,100.0
2026-04-07,REST001,GreenBite Kitchen,P009,Avocado,Vegetables,87,0,31,31,0,6,50,2,1.5,4.2,130.2,10.7,Tuesday,0,0,7,3,Auto-Order,9.0,16.22,100.0
2026-04-07,REST001,GreenBite Kitchen,P010,Pasta,Dry Goods,132,193,61,61,0,1,263,4,0.9,3.0,183.0,10.7,Tuesday,0,0,14,0,No Action,0.9,1.61,100.0
2026-04-08,REST001,GreenBite Kitchen,P001,Chicken Breast,Meat,126,112,56,56,0,7,175,3,4.2,9.5,532.0,13.4,Wednesday,0,0,12,0,No Action,29.4,11.11,100.0
2026-04-08,REST001,GreenBite Kitchen,P002,Tomatoes,Vegetables,161,0,62,62,0,7,92,2,1.1,3.2,198.4,13.4,Wednesday,0,0,16,23,Auto-Order,7.7,10.14,100.0
2026-04-08,REST001,GreenBite Kitchen,P003,Rice,Dry Goods,352,0,77,77,0,4,271,4,0.8,2.8,215.6,13.4,Wednesday,0,0,18,0,No Action,3.2,4.94,100.0
2026-04-08,REST001,GreenBite Kitchen,P004,Milk,Dairy,121,0,42,42,0,6,73,2,1.0,2.4,100.8,13.4,Wednesday,0,0,10,4,Auto-Order,6.0,12.5,100.0
2026-04-08,REST001,GreenBite Kitchen,P005,Cheese,Dairy,89,0,32,32,0,3,54,3,2.8,6.5,208.0,13.4,Wednesday,0,0,8,15,Auto-Order,8.4,8.57,100.0
2026-04-08,REST001,GreenBite Kitchen,P006,Potatoes,Vegetables,92,142,59,59,0,7,168,2,0.7,2.5,147.5,13.4,Wednesday,0,0,14,0,No Action,4.9,10.61,100.0
2026-04-08,REST001,GreenBite Kitchen,P007,Bread,Bakery,39,102,46,46,0,8,87,1,1.2,3.0,138.0,13.4,Wednesday,0,0,12,0,No Action,9.6,14.81,100.0
2026-04-08,REST001,GreenBite Kitchen,P008,Salmon Fillet,Seafood,66,0,26,26,0,2,38,2,6.5,14.5,377.0,13.4,Wednesday,0,0,6,6,Auto-Order,13.0,7.14,100.0
2026-04-08,REST001,GreenBite Kitchen,P009,Avocado,Vegetables,50,61,32,32,0,5,74,2,1.5,4.2,134.4,13.4,Wednesday,0,0,7,0,No Action,7.5,13.51,100.0
2026-04-08,REST001,GreenBite Kitchen,P010,Pasta,Dry Goods,263,0,53,53,0,2,208,4,0.9,3.0,159.0,13.4,Wednesday,0,0,14,0,No Action,1.8,3.64,100.0
2026-04-09,REST001,GreenBite Kitchen,P001,Chicken Breast,Meat,175,0,55,55,0,6,114,3,4.2,9.5,522.5,12.4,Thursday,0,0,12,0,No Action,25.2,9.84,100.0
2026-04-09,REST001,GreenBite Kitchen,P002,Tomatoes,Vegetables,92,161,69,69,0,12,172,2,1.1,3.2,220.8,12.4,Thursday,0,0,16,0,No Action,13.2,14.81,100.0
2026-04-09,REST001,GreenBite Kitchen,P003,Rice,Dry Goods,271,0,72,72,0,3,196,4,0.8,2.8,201.6,12.4,Thursday,0,0,18,0,No Action,2.4,4.0,100.0
2026-04-09,REST001,GreenBite Kitchen,P004,Milk,Dairy,73,94,44,44,0,6,117,2,1.0,2.4,105.6,12.4,Thursday,0,0,10,0,No Action,6.0,12.0,100.0
2026-04-09,REST001,GreenBite Kitchen,P005,Cheese,Dairy,54,112,34,34,0,7,125,3,2.8,6.5,221.0,12.4,Thursday,0,0,8,0,No Action,19.6,17.07,100.0
2026-04-09,REST001,GreenBite Kitchen,P006,Potatoes,Vegetables,168,0,61,61,0,5,102,2,0.7,2.5,152.5,12.4,Thursday,0,0,14,5,Auto-Order,3.5,7.58,100.0
2026-04-09,REST001,GreenBite Kitchen,P007,Bread,Bakery,87,0,53,53,0,5,29,1,1.2,3.0,159.0,12.4,Thursday,0,0,12,43,Auto-Order,6.0,8.62,100.0
2026-04-09,REST001,GreenBite Kitchen,P008,Salmon Fillet,Seafood,38,55,22,22,0,3,68,2,6.5,14.5,319.0,12.4,Thursday,0,0,6,0,No Action,19.5,12.0,100.0
2026-04-09,REST001,GreenBite Kitchen,P009,Avocado,Vegetables,74,0,28,28,0,5,41,2,1.5,4.2,117.6,12.4,Thursday,0,0,7,12,Auto-Order,7.5,15.15,100.0
2026-04-09,REST001,GreenBite Kitchen,P010,Pasta,Dry Goods,208,0,77,77,0,3,128,4,0.9,3.0,231.0,12.4,Thursday,0,1,14,0,No Action,2.7,3.75,100.0
2026-04-10,REST001,GreenBite Kitchen,P001,Chicken Breast,Meat,114,125,52,52,0,9,178,3,4.2,9.5,494.0,15.1,Friday,0,0,12,0,No Action,37.8,14.75,100.0
2026-04-10,REST001,GreenBite Kitchen,P002,Tomatoes,Vegetables,172,19,63,63,0,11,117,2,1.1,3.2,201.6,15.1,Friday,0,0,16,14,Auto-Order,12.1,14.86,100.0
2026-04-10,REST001,GreenBite Kitchen,P003,Rice,Dry Goods,196,232,74,74,0,4,350,4,0.8,2.8,207.2,15.1,Friday,0,0,18,0,No Action,3.2,5.13,100.0
2026-04-10,REST001,GreenBite Kitchen,P004,Milk,Dairy,117,0,49,49,0,3,65,2,1.0,2.4,117.6,15.1,Friday,0,0,10,23,Auto-Order,3.0,5.77,100.0
2026-04-10,REST001,GreenBite Kitchen,P005,Cheese,Dairy,125,0,34,34,0,3,88,3,2.8,6.5,221.0,15.1,Friday,0,0,8,0,No Action,8.4,8.11,100.0
2026-04-10,REST001,GreenBite Kitchen,P006,Potatoes,Vegetables,102,130,58,58,0,8,166,2,0.7,2.5,145.0,15.1,Friday,0,0,14,0,No Action,5.6,12.12,100.0
2026-04-10,REST001,GreenBite Kitchen,P007,Bread,Bakery,29,115,45,45,0,8,91,1,1.2,3.0,135.0,15.1,Friday,0,0,12,0,No Action,9.6,15.09,100.0
2026-04-10,REST001,GreenBite Kitchen,P008,Salmon Fillet,Seafood,68,0,23,23,0,3,42,2,6.5,14.5,333.5,15.1,Friday,0,0,6,9,Auto-Order,19.5,11.54,100.0
2026-04-10,REST001,GreenBite Kitchen,P009,Avocado,Vegetables,41,73,31,31,0,5,78,2,1.5,4.2,130.2,15.1,Friday,0,0,7,0,No Action,7.5,13.89,100.0
2026-04-10,REST001,GreenBite Kitchen,P010,Pasta,Dry Goods,128,196,56,56,0,3,265,4,0.9,3.0,168.0,15.1,Friday,0,0,14,0,No Action,2.7,5.08,100.0
2026-04-11,REST001,GreenBite Kitchen,P001,Chicken Breast,Meat,178,0,64,64,0,7,107,3,4.2,9.5,608.0,10.7,Saturday,1,0,12,11,Auto-Order,29.4,9.86,100.0
2026-04-11,REST001,GreenBite Kitchen,P002,Tomatoes,Vegetables,117,131,59,59,0,13,176,2,1.1,3.2,188.8,10.7,Saturday,1,0,16,0,No Action,14.3,18.06,100.0
2026-04-11,REST001,GreenBite Kitchen,P003,Rice,Dry Goods,350,0,87,87,0,3,260,4,0.8,2.8,243.6,10.7,Saturday,1,0,18,0,No Action,2.4,3.33,100.0
2026-04-11,REST001,GreenBite Kitchen,P004,Milk,Dairy,65,102,54,54,0,5,108,2,1.0,2.4,129.6,10.7,Saturday,1,0,10,0,No Action,5.0,8.47,100.0
2026-04-11,REST001,GreenBite Kitchen,P005,Cheese,Dairy,88,0,44,44,0,2,42,3,2.8,6.5,286.0,10.7,Saturday,1,0,8,36,Auto-Order,5.6,4.35,100.0
2026-04-11,REST001,GreenBite Kitchen,P006,Potatoes,Vegetables,166,0,71,71,0,6,89,2,0.7,2.5,177.5,10.7,Saturday,1,0,14,32,Auto-Order,4.2,7.79,100.0
2026-04-11,REST001,GreenBite Kitchen,P007,Bread,Bakery,91,0,61,61,0,3,27,1,1.2,3.0,183.0,10.7,Saturday,1,0,12,54,Manager Review,3.6,4.69,100.0
2026-04-11,REST001,GreenBite Kitchen,P008,Salmon Fillet,Seafood,42,57,30,30,0,4,65,2,6.5,14.5,435.0,10.7,Saturday,1,0,6,0,No Action,26.0,11.76,100.0
2026-04-11,REST001,GreenBite Kitchen,P009,Avocado,Vegetables,78,0,38,38,0,4,36,2,1.5,4.2,159.6,10.7,Saturday,1,0,7,25,Auto-Order,6.0,9.52,100.0
2026-04-11,REST001,GreenBite Kitchen,P010,Pasta,Dry Goods,265,0,65,65,0,2,198,4,0.9,3.0,195.0,10.7,Saturday,1,0,14,0,No Action,1.8,2.99,100.0
2026-04-12,REST001,GreenBite Kitchen,P001,Chicken Breast,Meat,107,135,55,55,0,9,178,3,4.2,9.5,522.5,13.1,Sunday,1,0,12,0,No Action,37.8,14.06,100.0
2026-04-12,REST001,GreenBite Kitchen,P002,Tomatoes,Vegetables,176,0,80,80,0,10,86,2,1.1,3.2,256.0,13.1,Sunday,1,0,16,29,Auto-Order,11.0,11.11,100.0
2026-04-12,REST001,GreenBite Kitchen,P003,Rice,Dry Goods,260,0,93,93,0,3,164,4,0.8,2.8,260.4,13.1,Sunday,1,0,18,0,No Action,2.4,3.12,100.0
2026-04-12,REST001,GreenBite Kitchen,P004,Milk,Dairy,108,0,48,48,0,3,57,2,1.0,2.4,115.2,13.1,Sunday,1,0,10,20,Auto-Order,3.0,5.88,100.0
2026-04-12,REST001,GreenBite Kitchen,P005,Cheese,Dairy,42,117,41,41,0,4,114,3,2.8,6.5,266.5,13.1,Sunday,1,0,8,0,No Action,11.2,8.89,100.0
2026-04-12,REST001,GreenBite Kitchen,P006,Potatoes,Vegetables,89,147,72,72,0,9,155,2,0.7,2.5,180.0,13.1,Sunday,1,0,14,0,No Action,6.3,11.11,100.0
2026-04-12,REST001,GreenBite Kitchen,P007,Bread,Bakery,27,117,51,51,0,8,85,1,1.2,3.0,153.0,13.1,Sunday,1,0,12,0,No Action,9.6,13.56,100.0
2026-04-12,REST001,GreenBite Kitchen,P008,Salmon Fillet,Seafood,65,0,33,33,0,2,30,2,6.5,14.5,478.5,13.1,Sunday,1,0,6,14,Auto-Order,13.0,5.71,100.0
2026-04-12,REST001,GreenBite Kitchen,P009,Avocado,Vegetables,36,84,40,40,0,5,75,2,1.5,4.2,168.0,13.1,Sunday,1,0,7,0,No Action,7.5,11.11,100.0
2026-04-12,REST001,GreenBite Kitchen,P010,Pasta,Dry Goods,198,0,66,66,0,2,130,4,0.9,3.0,198.0,13.1,Sunday,1,0,14,0,No Action,1.8,2.94,100.0
2026-04-13,REST001,GreenBite Kitchen,P001,Chicken Breast,Meat,178,0,62,62,0,7,109,3,4.2,9.5,589.0,9.0,Monday,0,1,12,0,No Action,29.4,10.14,100.0
2026-04-13,REST001,GreenBite Kitchen,P002,Tomatoes,Vegetables,86,163,76,76,0,12,161,2,1.1,3.2,243.2,9.0,Monday,0,0,16,0,No Action,13.2,13.64,100.0
2026-04-13,REST001,GreenBite Kitchen,P003,Rice,Dry Goods,164,265,82,82,0,2,345,4,0.8,2.8,229.6,9.0,Monday,0,0,18,0,No Action,1.6,2.38,100.0
2026-04-13,REST001,GreenBite Kitchen,P004,Milk,Dairy,57,116,38,38,0,6,129,2,1.0,2.4,91.2,9.0,Monday,0,0,10,0,No Action,6.0,13.64,100.0
2026-04-13,REST001,GreenBite Kitchen,P005,Cheese,Dairy,114,0,43,43,0,4,67,3,2.8,6.5,279.5,9.0,Monday,0,1,8,2,Auto-Order,11.2,8.51,100.0
2026-04-13,REST001,GreenBite Kitchen,P006,Potatoes,Vegetables,155,0,78,78,0,6,71,2,0.7,2.5,195.0,9.0,Monday,0,1,14,36,Auto-Order,4.2,7.14,100.0
2026-04-13,REST001,GreenBite Kitchen,P007,Bread,Bakery,85,0,52,52,0,4,29,1,1.2,3.0,156.0,9.0,Monday,0,0,12,43,Auto-Order,4.8,7.14,100.0
2026-04-13,REST001,GreenBite Kitchen,P008,Salmon Fillet,Seafood,30,68,23,23,0,4,71,2,6.5,14.5,333.5,9.0,Monday,0,0,6,0,No Action,26.0,14.81,100.0
2026-04-13,REST001,GreenBite Kitchen,P009,Avocado,Vegetables,75,0,29,29,0,3,43,2,1.5,4.2,121.8,9.0,Monday,0,0,7,10,Auto-Order,4.5,9.38,100.0
2026-04-13,REST001,GreenBite Kitchen,P010,Pasta,Dry Goods,130,196,49,49,0,3,274,4,0.9,3.0,147.0,9.0,Monday,0,0,14,0,No Action,2.7,5.77,100.0
2026-04-14,REST001,GreenBite Kitchen,P001,Chicken Breast,Meat,109,129,47,47,0,9,182,3,4.2,9.5,446.5,12.8,Tuesday,0,0,12,0,No Action,37.8,16.07,100.0
2026-04-14,REST001,GreenBite Kitchen,P002,Tomatoes,Vegetables,161,0,58,58,0,8,95,2,1.1,3.2,185.6,12.8,Tuesday,0,0,16,20,Auto-Order,8.8,12.12,100.0
2026-04-14,REST001,GreenBite Kitchen,P003,Rice,Dry Goods,345,0,72,72,0,2,271,4,0.8,2.8,201.6,12.8,Tuesday,0,0,18,0,No Action,1.6,2.7,100.0
2026-04-14,REST001,GreenBite Kitchen,P004,Milk,Dairy,129,0,41,41,0,4,84,2,1.0,2.4,98.4,12.8,Tuesday,0,0,10,0,No Action,4.0,8.89,100.0
2026-04-14,REST001,GreenBite Kitchen,P005,Cheese,Dairy,67,95,32,32,0,5,125,3,2.8,6.5,208.0,12.8,Tuesday,0,0,8,0,No Action,14.0,13.51,100.0
2026-04-14,REST001,GreenBite Kitchen,P006,Potatoes,Vegetables,71,165,61,61,0,7,168,2,0.7,2.5,152.5,12.8,Tuesday,0,0,14,0,No Action,4.9,10.29,100.0
2026-04-14,REST001,GreenBite Kitchen,P007,Bread,Bakery,29,115,50,50,0,7,87,1,1.2,3.0,150.0,12.8,Tuesday,0,0,12,0,No Action,8.4,12.28,100.0
2026-04-14,REST001,GreenBite Kitchen,P008,Salmon Fillet,Seafood,71,0,27,27,0,3,41,2,6.5,14.5,391.5,12.8,Tuesday,0,0,6,3,Auto-Order,19.5,10.0,100.0
2026-04-14,REST001,GreenBite Kitchen,P009,Avocado,Vegetables,43,78,33,33,0,4,84,2,1.5,4.2,138.6,12.8,Tuesday,0,0,7,0,No Action,6.0,10.81,100.0
2026-04-14,REST001,GreenBite Kitchen,P010,Pasta,Dry Goods,274,0,72,72,0,2,200,4,0.9,3.0,216.0,12.8,Tuesday,0,1,14,0,No Action,1.8,2.7,100.0
2026-04-15,REST001,GreenBite Kitchen,P001,Chicken Breast,Meat,182,0,50,50,0,7,125,3,4.2,9.5,475.0,13.9,Wednesday,0,0,12,0,No Action,29.4,12.28,100.0
2026-04-15,REST001,GreenBite Kitchen,P002,Tomatoes,Vegetables,95,149,68,68,0,13,163,2,1.1,3.2,217.6,13.9,Wednesday,0,0,16,0,No Action,14.3,16.05,100.0
2026-04-15,REST001,GreenBite Kitchen,P003,Rice,Dry Goods,271,0,69,69,0,3,199,4,0.8,2.8,193.2,13.9,Wednesday,0,0,18,0,No Action,2.4,4.17,100.0
2026-04-15,REST001,GreenBite Kitchen,P004,Milk,Dairy,84,89,47,47,0,6,120,2,1.0,2.4,112.8,13.9,Wednesday,0,0,10,0,No Action,6.0,11.32,100.0
2026-04-15,REST001,GreenBite Kitchen,P005,Cheese,Dairy,125,0,35,35,0,5,85,3,2.8,6.5,227.5,13.9,Wednesday,0,0,8,0,No Action,14.0,12.5,100.0
2026-04-15,REST001,GreenBite Kitchen,P006,Potatoes,Vegetables,168,0,60,60,0,5,103,2,0.7,2.5,150.0,13.9,Wednesday,0,0,14,4,Auto-Order,3.5,7.69,100.0
2026-04-15,REST001,GreenBite Kitchen,P007,Bread,Bakery,87,0,43,43,0,4,40,1,1.2,3.0,129.0,13.9,Wednesday,0,0,12,32,Auto-Order,4.8,8.51,100.0
2026-04-15,REST001,GreenBite Kitchen,P008,Salmon Fillet,Seafood,41,62,28,28,0,4,71,2,6.5,14.5,406.0,13.9,Wednesday,0,1,6,0,No Action,26.0,12.5,100.0
2026-04-15,REST001,GreenBite Kitchen,P009,Avocado,Vegetables,84,0,30,30,0,5,49,2,1.5,4.2,126.0,13.9,Wednesday,0,0,7,4,Auto-Order,7.5,14.29,100.0
2026-04-15,REST001,GreenBite Kitchen,P010,Pasta,Dry Goods,200,0,55,55,0,1,144,4,0.9,3.0,165.0,13.9,Wednesday,0,0,14,0,No Action,0.9,1.79,100.0
2026-04-16,REST001,GreenBite Kitchen,P001,Chicken Breast,Meat,125,116,50,50,0,9,182,3,4.2,9.5,475.0,15.9,Thursday,0,0,12,0,No Action,37.8,15.25,100.0
2026-04-16,REST001,GreenBite Kitchen,P002,Tomatoes,Vegetables,163,0,65,65,0,8,90,2,1.1,3.2,208.0,15.9,Thursday,0,0,16,25,Auto-Order,8.8,10.96,100.0
2026-04-16,REST001,GreenBite Kitchen,P003,Rice,Dry Goods,199,234,85,85,0,4,344,4,0.8,2.8,238.0,15.9,Thursday,0,0,18,0,No Action,3.2,4.49,100.0
2026-04-16,REST001,GreenBite Kitchen,P004,Milk,Dairy,120,0,38,38,0,6,76,2,1.0,2.4,91.2,15.9,Thursday,0,0,10,1,Auto-Order,6.0,13.64,100.0
2026-04-16,REST001,GreenBite Kitchen,P005,Cheese,Dairy,85,82,37,37,0,4,126,3,2.8,6.5,240.5,15.9,Thursday,0,0,8,0,No Action,11.2,9.76,100.0
2026-04-16,REST001,GreenBite Kitchen,P006,Potatoes,Vegetables,103,132,53,53,0,8,174,2,0.7,2.5,132.5,15.9,Thursday,0,0,14,0,No Action,5.6,13.11,100.0
2026-04-16,REST001,GreenBite Kitchen,P007,Bread,Bakery,40,99,48,48,0,8,83,1,1.2,3.0,144.0,15.9,Thursday,0,0,12,0,No Action,9.6,14.29,100.0
2026-04-16,REST001,GreenBite Kitchen,P008,Salmon Fillet,Seafood,71,0,20,20,0,4,47,2,6.5,14.5,290.0,15.9,Thursday,0,0,6,0,No Action,26.0,16.67,100.0
2026-04-16,REST001,GreenBite Kitchen,P009,Avocado,Vegetables,49,72,31,31,0,4,86,2,1.5,4.2,130.2,15.9,Thursday,0,0,7,0,No Action,6.0,11.43,100.0
2026-04-16,REST001,GreenBite Kitchen,P010,Pasta,Dry Goods,144,178,56,56,0,3,263,4,0.9,3.0,168.0,15.9,Thursday,0,0,14,0,No Action,2.7,5.08,100.0
2026-04-17,REST001,GreenBite Kitchen,P001,Chicken Breast,Meat,182,0,50,50,0,6,126,3,4.2,9.5,475.0,10.3,Friday,0,0,12,0,No Action,25.2,10.71,100.0
2026-04-17,REST001,GreenBite Kitchen,P002,Tomatoes,Vegetables,90,165,84,84,0,12,159,2,1.1,3.2,268.8,10.3,Friday,0,1,16,0,No Action,13.2,12.5,100.0
2026-04-17,REST001,GreenBite Kitchen,P003,Rice,Dry Goods,344,0,76,76,0,3,265,4,0.8,2.8,212.8,10.3,Friday,0,0,18,0,No Action,2.4,3.8,100.0
2026-04-17,REST001,GreenBite Kitchen,P004,Milk,Dairy,76,88,47,47,0,5,112,2,1.0,2.4,112.8,10.3,Friday,0,0,10,0,No Action,5.0,9.62,100.0
2026-04-17,REST001,GreenBite Kitchen,P005,Cheese,Dairy,126,0,35,35,0,3,88,3,2.8,6.5,227.5,10.3,Friday,0,0,8,0,No Action,8.4,7.89,100.0
2026-04-17,REST001,GreenBite Kitchen,P006,Potatoes,Vegetables,174,0,64,64,0,6,104,2,0.7,2.5,160.0,10.3,Friday,0,0,14,17,Auto-Order,4.2,8.57,100.0
2026-04-17,REST001,GreenBite Kitchen,P007,Bread,Bakery,83,0,46,46,0,5,32,1,1.2,3.0,138.0,10.3,Friday,0,0,12,49,Auto-Order,6.0,9.8,100.0
2026-04-17,REST001,GreenBite Kitchen,P008,Salmon Fillet,Seafood,47,56,26,26,0,4,73,2,6.5,14.5,377.0,10.3,Friday,0,0,6,0,No Action,26.0,13.33,100.0
2026-04-17,REST001,GreenBite Kitchen,P009,Avocado,Vegetables,86,0,29,29,0,3,54,2,1.5,4.2,121.8,10.3,Friday,0,0,7,7,Auto-Order,4.5,9.38,100.0
2026-04-17,REST001,GreenBite Kitchen,P010,Pasta,Dry Goods,263,0,60,60,0,2,201,4,0.9,3.0,180.0,10.3,Friday,0,0,14,0,No Action,1.8,3.23,100.0
2026-04-18,REST001,GreenBite Kitchen,P001,Chicken Breast,Meat,126,117,62,62,0,8,173,3,4.2,9.5,589.0,13.6,Saturday,1,1,12,0,No Action,33.6,11.43,100.0
2026-04-18,REST001,GreenBite Kitchen,P002,Tomatoes,Vegetables,159,0,78,78,0,9,72,2,1.1,3.2,249.6,13.6,Saturday,1,0,16,59,Auto-Order,9.9,10.34,100.0
2026-04-18,REST001,GreenBite Kitchen,P003,Rice,Dry Goods,265,0,91,91,0,3,171,4,0.8,2.8,254.8,13.6,Saturday,1,0,18,7,Auto-Order,2.4,3.19,100.0
2026-04-18,REST001,GreenBite Kitchen,P004,Milk,Dairy,112,0,49,49,0,3,60,2,1.0,2.4,117.6,13.6,Saturday,1,0,10,28,Auto-Order,3.0,5.77,100.0
2026-04-18,REST001,GreenBite Kitchen,P005,Cheese,Dairy,88,0,36,36,0,2,50,3,2.8,6.5,234.0,13.6,Saturday,1,0,8,28,Auto-Order,5.6,5.26,100.0
2026-04-18,REST001,GreenBite Kitchen,P006,Potatoes,Vegetables,104,132,70,70,0,7,159,2,0.7,2.5,175.0,13.6,Saturday,1,0,14,0,No Action,4.9,9.09,100.0
2026-04-18,REST001,GreenBite Kitchen,P007,Bread,Bakery,32,112,56,56,0,7,81,1,1.2,3.0,168.0,13.6,Saturday,1,0,12,0,No Action,8.4,11.11,100.0
2026-04-18,REST001,GreenBite Kitchen,P008,Salmon Fillet,Seafood,73,0,28,28,0,3,42,2,6.5,14.5,406.0,13.6,Saturday,1,0,6,9,Auto-Order,19.5,9.68,100.0
2026-04-18,REST001,GreenBite Kitchen,P009,Avocado,Vegetables,54,58,34,34,0,5,73,2,1.5,4.2,142.8,13.6,Saturday,1,0,7,0,No Action,7.5,12.82,100.0
2026-04-18,REST001,GreenBite Kitchen,P010,Pasta,Dry Goods,201,21,63,63,0,1,158,4,0.9,3.0,189.0,13.6,Saturday,1,0,14,0,No Action,0.9,1.56,100.0
2026-04-19,REST001,GreenBite Kitchen,P001,Chicken Breast,Meat,173,0,64,64,0,5,104,3,4.2,9.5,608.0,15.5,Sunday,1,0,12,0,No Action,21.0,7.25,100.0
2026-04-19,REST001,GreenBite Kitchen,P002,Tomatoes,Vegetables,72,172,71,71,0,13,160,2,1.1,3.2,227.2,15.5,Sunday,1,0,16,0,No Action,14.3,15.48,100.0
2026-04-19,REST001,GreenBite Kitchen,P003,Rice,Dry Goods,171,263,83,83,0,3,348,4,0.8,2.8,232.4,15.5,Sunday,1,0,18,0,No Action,2.4,3.49,100.0
2026-04-19,REST001,GreenBite Kitchen,P004,Milk,Dairy,60,109,48,48,0,7,114,2,1.0,2.4,115.2,15.5,Sunday,1,0,10,0,No Action,7.0,12.73,100.0
2026-04-19,REST001,GreenBite Kitchen,P005,Cheese,Dairy,50,111,36,36,0,4,121,3,2.8,6.5,234.0,15.5,Sunday,1,0,8,0,No Action,11.2,10.0,100.0
2026-04-19,REST001,GreenBite Kitchen,P006,Potatoes,Vegetables,159,0,72,72,0,5,82,2,0.7,2.5,180.0,15.5,Sunday,1,0,14,25,Auto-Order,3.5,6.49,100.0
2026-04-19,REST001,GreenBite Kitchen,P007,Bread,Bakery,81,0,56,56,0,4,21,1,1.2,3.0,168.0,15.5,Sunday,1,0,12,51,Manager Review,4.8,6.67,100.0
2026-04-19,REST001,GreenBite Kitchen,P008,Salmon Fillet,Seafood,42,52,29,29,0,5,60,2,6.5,14.5,420.5,15.5,Sunday,1,0,6,0,No Action,32.5,14.71,100.0
2026-04-19,REST001,GreenBite Kitchen,P009,Avocado,Vegetables,73,0,33,33,0,3,37,2,1.5,4.2,138.6,15.5,Sunday,1,0,7,16,Auto-Order,4.5,8.33,100.0
2026-04-19,REST001,GreenBite Kitchen,P010,Pasta,Dry Goods,158,172,65,65,0,0,265,4,0.9,3.0,195.0,15.5,Sunday,1,0,14,0,No Action,0.0,0.0,100.0
2026-04-20,REST001,GreenBite Kitchen,P001,Chicken Breast,Meat,104,138,47,47,0,9,186,3,4.2,9.5,446.5,15.9,Monday,0,0,12,0,No Action,37.8,16.07,100.0
2026-04-20,REST001,GreenBite Kitchen,P002,Tomatoes,Vegetables,160,0,58,58,0,7,95,2,1.1,3.2,185.6,15.9,Monday,0,0,16,20,Auto-Order,7.7,10.77,100.0
2026-04-20,REST001,GreenBite Kitchen,P003,Rice,Dry Goods,348,0,74,74,0,2,272,4,0.8,2.8,207.2,15.9,Monday,0,0,18,0,No Action,1.6,2.63,100.0
2026-04-20,REST001,GreenBite Kitchen,P004,Milk,Dairy,114,0,40,40,0,5,69,2,1.0,2.4,96.0,15.9,Monday,0,0,10,8,Auto-Order,5.0,11.11,100.0
2026-04-20,REST001,GreenBite Kitchen,P005,Cheese,Dairy,121,0,36,36,0,4,81,3,2.8,6.5,234.0,15.9,Monday,0,0,8,0,No Action,11.2,10.0,100.0
2026-04-20,REST001,GreenBite Kitchen,P006,Potatoes,Vegetables,82,149,53,53,0,7,171,2,0.7,2.5,132.5,15.9,Monday,0,0,14,0,No Action,4.9,11.67,100.0
2026-04-20,REST001,GreenBite Kitchen,P007,Bread,Bakery,21,119,51,51,0,8,81,1,1.2,3.0,153.0,15.9,Monday,0,0,12,0,No Action,9.6,13.56,100.0
2026-04-20,REST001,GreenBite Kitchen,P008,Salmon Fillet,Seafood,60,0,26,26,0,2,32,2,6.5,14.5,377.0,15.9,Monday,0,0,6,12,Auto-Order,13.0,7.14,100.0
2026-04-20,REST001,GreenBite Kitchen,P009,Avocado,Vegetables,37,85,28,28,0,4,90,2,1.5,4.2,117.6,15.9,Monday,0,0,7,0,No Action,6.0,12.5,100.0
2026-04-20,REST001,GreenBite Kitchen,P010,Pasta,Dry Goods,265,0,58,58,0,1,206,4,0.9,3.0,174.0,15.9,Monday,0,0,14,0,No Action,0.9,1.69,100.0
2026-04-21,REST001,GreenBite Kitchen,P001,Chicken Breast,Meat,186,0,52,52,0,7,127,3,4.2,9.5,494.0,13.8,Tuesday,0,0,12,0,No Action,29.4,11.86,100.0
2026-04-21,REST001,GreenBite Kitchen,P002,Tomatoes,Vegetables,95,159,74,74,0,13,167,2,1.1,3.2,236.8,13.8,Tuesday,0,0,16,0,No Action,14.3,14.94,100.0
2026-04-21,REST001,GreenBite Kitchen,P003,Rice,Dry Goods,272,0,75,75,0,3,194,4,0.8,2.8,210.0,13.8,Tuesday,0,0,18,0,No Action,2.4,3.85,100.0
2026-04-21,REST001,GreenBite Kitchen,P004,Milk,Dairy,69,95,42,42,0,6,116,2,1.0,2.4,100.8,13.8,Tuesday,0,0,10,0,No Action,6.0,12.5,100.0
2026-04-21,REST001,GreenBite Kitchen,P005,Cheese,Dairy,81,82,31,31,0,4,128,3,2.8,6.5,201.5,13.8,Tuesday,0,0,8,0,No Action,11.2,11.43,100.0
2026-04-21,REST001,GreenBite Kitchen,P006,Potatoes,Vegetables,171,14,56,56,0,5,124,2,0.7,2.5,140.0,13.8,Tuesday,0,0,14,0,No Action,3.5,8.2,100.0
2026-04-21,REST001,GreenBite Kitchen,P007,Bread,Bakery,81,0,46,46,0,4,31,1,1.2,3.0,138.0,13.8,Tuesday,0,0,12,41,Auto-Order,4.8,8.0,100.0
2026-04-21,REST001,GreenBite Kitchen,P008,Salmon Fillet,Seafood,32,69,26,26,0,5,70,2,6.5,14.5,377.0,13.8,Tuesday,0,0,6,0,No Action,32.5,16.13,100.0
2026-04-21,REST001,GreenBite Kitchen,P009,Avocado,Vegetables,90,0,32,32,0,3,55,2,1.5,4.2,134.4,13.8,Tuesday,0,0,7,0,No Action,4.5,8.57,100.0
2026-04-21,REST001,GreenBite Kitchen,P010,Pasta,Dry Goods,206,0,65,65,0,2,139,4,0.9,3.0,195.0,13.8,Tuesday,0,1,14,0,No Action,1.8,2.99,100.0
2026-04-22,REST001,GreenBite Kitchen,P001,Chicken Breast,Meat,127,115,50,50,0,7,185,3,4.2,9.5,475.0,15.4,Wednesday,0,0,12,0,No Action,29.4,12.28,100.0
2026-04-22,REST001,GreenBite Kitchen,P002,Tomatoes,Vegetables,167,0,68,68,0,9,90,2,1.1,3.2,217.6,15.4,Wednesday,0,0,16,25,Auto-Order,9.9,11.69,100.0
2026-04-22,REST001,GreenBite Kitchen,P003,Rice,Dry Goods,194,240,69,69,0,2,363,4,0.8,2.8,193.2,15.4,Wednesday,0,0,18,0,No Action,1.6,2.82,100.0
2026-04-22,REST001,GreenBite Kitchen,P004,Milk,Dairy,116,0,51,51,0,4,61,2,1.0,2.4,122.4,15.4,Wednesday,0,1,10,16,Auto-Order,4.0,7.27,100.0
2026-04-22,REST001,GreenBite Kitchen,P005,Cheese,Dairy,128,0,33,33,0,4,91,3,2.8,6.5,214.5,15.4,Wednesday,0,0,8,0,No Action,11.2,10.81,100.0
2026-04-22,REST001,GreenBite Kitchen,P006,Potatoes,Vegetables,124,0,56,56,0,4,64,2,0.7,2.5,140.0,15.4,Wednesday,0,0,14,43,Auto-Order,2.8,6.67,100.0
2026-04-22,REST001,GreenBite Kitchen,P007,Bread,Bakery,31,112,43,43,0,7,93,1,1.2,3.0,129.0,15.4,Wednesday,0,0,12,0,No Action,8.4,14.0,100.0
2026-04-22,REST001,GreenBite Kitchen,P008,Salmon Fillet,Seafood,70,0,26,26,0,3,41,2,6.5,14.5,377.0,15.4,Wednesday,0,0,6,3,Auto-Order,19.5,10.34,100.0
2026-04-22,REST001,GreenBite Kitchen,P009,Avocado,Vegetables,55,62,32,32,0,6,79,2,1.5,4.2,134.4,15.4,Wednesday,0,0,7,0,No Action,9.0,15.79,100.0
2026-04-22,REST001,GreenBite Kitchen,P010,Pasta,Dry Goods,139,180,57,57,0,3,259,4,0.9,3.0,171.0,15.4,Wednesday,0,0,14,0,No Action,2.7,5.0,100.0
2026-04-23,REST001,GreenBite Kitchen,P001,Chicken Breast,Meat,185,0,45,45,0,7,133,3,4.2,9.5,427.5,15.1,Thursday,0,0,12,0,No Action,29.4,13.46,100.0
2026-04-23,REST001,GreenBite Kitchen,P002,Tomatoes,Vegetables,90,156,64,64,0,12,170,2,1.1,3.2,204.8,15.1,Thursday,0,0,16,0,No Action,13.2,15.79,100.0
2026-04-23,REST001,GreenBite Kitchen,P003,Rice,Dry Goods,363,0,68,68,0,3,292,4,0.8,2.8,190.4,15.1,Thursday,0,0,18,0,No Action,2.4,4.23,100.0
2026-04-23,REST001,GreenBite Kitchen,P004,Milk,Dairy,61,108,37,37,0,5,127,2,1.0,2.4,88.8,15.1,Thursday,0,0,10,0,No Action,5.0,11.9,100.0
2026-04-23,REST001,GreenBite Kitchen,P005,Cheese,Dairy,91,0,31,31,0,4,56,3,2.8,6.5,201.5,15.1,Thursday,0,0,8,13,Auto-Order,11.2,11.43,100.0
2026-04-23,REST001,GreenBite Kitchen,P006,Potatoes,Vegetables,64,174,57,57,0,8,173,2,0.7,2.5,142.5,15.1,Thursday,0,0,14,0,No Action,5.6,12.31,100.0
2026-04-23,REST001,GreenBite Kitchen,P007,Bread,Bakery,93,0,47,47,0,5,41,1,1.2,3.0,141.0,15.1,Thursday,0,0,12,31,Auto-Order,6.0,9.62,100.0
2026-04-23,REST001,GreenBite Kitchen,P008,Salmon Fillet,Seafood,41,61,26,26,0,4,72,2,6.5,14.5,377.0,15.1,Thursday,0,0,6,0,No Action,26.0,13.33,100.0
2026-04-23,REST001,GreenBite Kitchen,P009,Avocado,Vegetables,79,0,29,29,0,4,46,2,1.5,4.2,121.8,15.1,Thursday,0,0,7,7,Auto-Order,6.0,12.12,100.0
2026-04-23,REST001,GreenBite Kitchen,P010,Pasta,Dry Goods,259,0,64,64,0,2,193,4,0.9,3.0,192.0,15.1,Thursday,0,0,14,0,No Action,1.8,3.03,100.0
2026-04-24,REST001,GreenBite Kitchen,P001,Chicken Breast,Meat,133,0,49,49,0,5,79,3,4.2,9.5,465.5,15.7,Friday,0,0,12,39,Auto-Order,21.0,9.26,100.0
2026-04-24,REST001,GreenBite Kitchen,P002,Tomatoes,Vegetables,170,0,71,71,0,9,90,2,1.1,3.2,227.2,15.7,Friday,0,0,16,41,Auto-Order,9.9,11.25,100.0
2026-04-24,REST001,GreenBite Kitchen,P003,Rice,Dry Goods,292,0,79,79,0,1,212,4,0.8,2.8,221.2,15.7,Friday,0,0,18,0,No Action,0.8,1.25,100.0
2026-04-24,REST001,GreenBite Kitchen,P004,Milk,Dairy,127,0,46,46,0,4,77,2,1.0,2.4,110.4,15.7,Friday,0,0,10,11,Auto-Order,4.0,8.0,100.0
2026-04-24,REST001,GreenBite Kitchen,P005,Cheese,Dairy,56,103,31,31,0,4,124,3,2.8,6.5,201.5,15.7,Friday,0,0,8,0,No Action,11.2,11.43,100.0
2026-04-24,REST001,GreenBite Kitchen,P006,Potatoes,Vegetables,173,0,53,53,0,7,113,2,0.7,2.5,132.5,15.7,Friday,0,0,14,8,Auto-Order,4.9,11.67,100.0
2026-04-24,REST001,GreenBite Kitchen,P007,Bread,Bakery,41,93,46,46,0,9,79,1,1.2,3.0,138.0,15.7,Friday,0,0,12,2,Auto-Order,10.8,16.36,100.0
2026-04-24,REST001,GreenBite Kitchen,P008,Salmon Fillet,Seafood,72,0,26,26,0,3,43,2,6.5,14.5,377.0,15.7,Friday,0,0,6,8,Auto-Order,19.5,10.34,100.0
2026-04-24,REST001,GreenBite Kitchen,P009,Avocado,Vegetables,46,76,29,29,0,6,87,2,1.5,4.2,121.8,15.7,Friday,0,0,7,0,No Action,9.0,17.14,100.0
2026-04-24,REST001,GreenBite Kitchen,P010,Pasta,Dry Goods,193,0,59,59,0,1,133,4,0.9,3.0,177.0,15.7,Friday,0,0,14,1,Auto-Order,0.9,1.67,100.0
2026-04-25,REST001,GreenBite Kitchen,P001,Chicken Breast,Meat,79,159,65,65,0,9,164,3,4.2,9.5,617.5,15.7,Saturday,1,0,12,0,No Action,37.8,12.16,100.0
2026-04-25,REST001,GreenBite Kitchen,P002,Tomatoes,Vegetables,90,156,74,74,0,13,159,2,1.1,3.2,236.8,15.7,Saturday,1,0,16,0,No Action,14.3,14.94,100.0
2026-04-25,REST001,GreenBite Kitchen,P003,Rice,Dry Goods,212,222,88,88,0,3,343,4,0.8,2.8,246.4,15.7,Saturday,1,0,18,0,No Action,2.4,3.3,100.0
2026-04-25,REST001,GreenBite Kitchen,P004,Milk,Dairy,77,92,48,48,0,6,115,2,1.0,2.4,115.2,15.7,Saturday,1,0,10,0,No Action,6.0,11.11,100.0
2026-04-25,REST001,GreenBite Kitchen,P005,Cheese,Dairy,124,0,37,37,0,2,85,3,2.8,6.5,240.5,15.7,Saturday,1,0,8,0,No Action,5.6,5.13,100.0
2026-04-25,REST001,GreenBite Kitchen,P006,Potatoes,Vegetables,113,122,67,67,0,8,160,2,0.7,2.5,167.5,15.7,Saturday,1,0,14,0,No Action,5.6,10.67,100.0
2026-04-25,REST001,GreenBite Kitchen,P007,Bread,Bakery,79,0,58,58,0,6,15,1,1.2,3.0,174.0,15.7,Saturday,1,0,12,66,Manager Review,7.2,9.38,100.0
2026-04-25,REST001,GreenBite Kitchen,P008,Salmon Fillet,Seafood,43,52,29,29,0,5,61,2,6.5,14.5,420.5,15.7,Saturday,1,0,6,0,No Action,32.5,14.71,100.0
2026-04-25,REST001,GreenBite Kitchen,P009,Avocado,Vegetables,87,0,39,39,0,3,45,2,1.5,4.2,163.8,15.7,Saturday,1,0,7,16,Auto-Order,4.5,7.14,100.0
2026-04-25,REST001,GreenBite Kitchen,P010,Pasta,Dry Goods,133,197,66,66,0,3,261,4,0.9,3.0,198.0,15.7,Saturday,1,0,14,0,No Action,2.7,4.35,100.0
2026-04-26,REST001,GreenBite Kitchen,P001,Chicken Breast,Meat,164,0,59,59,0,6,99,3,4.2,9.5,560.5,15.1,Sunday,1,0,12,4,Auto-Order,25.2,9.23,100.0
2026-04-26,REST001,GreenBite Kitchen,P002,Tomatoes,Vegetables,159,0,87,87,0,8,64,2,1.1,3.2,278.4,15.1,Sunday,1,0,16,51,Auto-Order,8.8,8.42,100.0
2026-04-26,REST001,GreenBite Kitchen,P003,Rice,Dry Goods,343,0,85,85,0,3,255,4,0.8,2.8,238.0,15.1,Sunday,1,0,18,0,No Action,2.4,3.41,100.0
2026-04-26,REST001,GreenBite Kitchen,P004,Milk,Dairy,115,0,51,51,0,4,60,2,1.0,2.4,122.4,15.1,Sunday,1,0,10,17,Auto-Order,4.0,7.27,100.0
2026-04-26,REST001,GreenBite Kitchen,P005,Cheese,Dairy,85,75,37,37,0,6,117,3,2.8,6.5,240.5,15.1,Sunday,1,0,8,0,No Action,16.8,13.95,100.0
2026-04-26,REST001,GreenBite Kitchen,P006,Potatoes,Vegetables,160,0,68,68,0,4,88,2,0.7,2.5,170.0,15.1,Sunday,1,0,14,19,Auto-Order,2.8,5.56,100.0
2026-04-26,REST001,GreenBite Kitchen,P007,Bread,Bakery,15,130,56,56,0,7,82,1,1.2,3.0,168.0,15.1,Sunday,1,0,12,0,No Action,8.4,11.11,100.0
2026-04-26,REST001,GreenBite Kitchen,P008,Salmon Fillet,Seafood,61,0,29,29,0,1,31,2,6.5,14.5,420.5,15.1,Sunday,1,0,6,13,Auto-Order,6.5,3.33,100.0
2026-04-26,REST001,GreenBite Kitchen,P009,Avocado,Vegetables,45,78,33,33,0,6,84,2,1.5,4.2,138.6,15.1,Sunday,1,0,7,0,No Action,9.0,15.38,100.0
2026-04-26,REST001,GreenBite Kitchen,P010,Pasta,Dry Goods,261,0,69,69,0,2,190,4,0.9,3.0,207.0,15.1,Sunday,1,0,14,0,No Action,1.8,2.82,100.0
2026-04-27,REST001,GreenBite Kitchen,P001,Chicken Breast,Meat,99,148,51,51,0,11,185,3,4.2,9.5,484.5,19.3,Monday,0,0,12,0,No Action,46.2,17.74,100.0
2026-04-27,REST001,GreenBite Kitchen,P002,Tomatoes,Vegetables,64,182,73,73,0,13,160,2,1.1,3.2,233.6,19.3,Monday,0,0,16,0,No Action,14.3,15.12,100.0
2026-04-27,REST001,GreenBite Kitchen,P003,Rice,Dry Goods,255,39,74,74,0,2,218,4,0.8,2.8,207.2,19.3,Monday,0,0,18,0,No Action,1.6,2.63,100.0
2026-04-27,REST001,GreenBite Kitchen,P004,Milk,Dairy,60,109,42,42,0,6,121,2,1.0,2.4,100.8,19.3,Monday,0,0,10,0,No Action,6.0,12.5,100.0
2026-04-27,REST001,GreenBite Kitchen,P005,Cheese,Dairy,117,0,30,30,0,4,83,3,2.8,6.5,195.0,19.3,Monday,0,0,8,0,No Action,11.2,11.76,100.0
2026-04-27,REST001,GreenBite Kitchen,P006,Potatoes,Vegetables,88,139,55,55,0,8,164,2,0.7,2.5,137.5,19.3,Monday,0,0,14,0,No Action,5.6,12.7,100.0
2026-04-27,REST001,GreenBite Kitchen,P007,Bread,Bakery,82,0,52,52,0,4,26,1,1.2,3.0,156.0,19.3,Monday,0,0,12,46,Auto-Order,4.8,7.14,100.0
2026-04-27,REST001,GreenBite Kitchen,P008,Salmon Fillet,Seafood,31,64,29,29,0,4,62,2,6.5,14.5,420.5,19.3,Monday,0,0,6,0,No Action,26.0,12.12,100.0
2026-04-27,REST001,GreenBite Kitchen,P009,Avocado,Vegetables,84,0,38,38,0,4,42,2,1.5,4.2,159.6,19.3,Monday,0,0,7,11,Auto-Order,6.0,9.52,100.0
2026-04-27,REST001,GreenBite Kitchen,P010,Pasta,Dry Goods,190,0,59,59,0,3,128,4,0.9,3.0,177.0,19.3,Monday,0,0,14,0,No Action,2.7,4.84,100.0
2026-04-28,REST001,GreenBite Kitchen,P001,Chicken Breast,Meat,185,0,49,49,0,6,130,3,4.2,9.5,465.5,17.8,Tuesday,0,0,12,0,No Action,25.2,10.91,100.0
2026-04-28,REST001,GreenBite Kitchen,P002,Tomatoes,Vegetables,160,0,84,84,0,8,68,2,1.1,3.2,268.8,17.8,Tuesday,0,1,16,47,Auto-Order,8.8,8.7,100.0
2026-04-28,REST001,GreenBite Kitchen,P003,Rice,Dry Goods,218,213,69,69,0,3,359,4,0.8,2.8,193.2,17.8,Tuesday,0,0,18,0,No Action,2.4,4.17,100.0
2026-04-28,REST001,GreenBite Kitchen,P004,Milk,Dairy,121,0,43,43,0,4,74,2,1.0,2.4,103.2,17.8,Tuesday,0,0,10,3,Auto-Order,4.0,8.51,100.0
2026-04-28,REST001,GreenBite Kitchen,P005,Cheese,Dairy,83,82,35,35,0,5,125,3,2.8,6.5,227.5,17.8,Tuesday,0,0,8,0,No Action,14.0,12.5,100.0
2026-04-28,REST001,GreenBite Kitchen,P006,Potatoes,Vegetables,164,0,64,64,0,6,94,2,0.7,2.5,160.0,17.8,Tuesday,0,0,14,13,Auto-Order,4.2,8.57,100.0
2026-04-28,REST001,GreenBite Kitchen,P007,Bread,Bakery,26,111,47,47,0,6,84,1,1.2,3.0,141.0,17.8,Tuesday,0,0,12,0,No Action,7.2,11.32,100.0
2026-04-28,REST001,GreenBite Kitchen,P008,Salmon Fillet,Seafood,62,0,23,23,0,1,38,2,6.5,14.5,333.5,17.8,Tuesday,0,0,6,6,Auto-Order,6.5,4.17,100.0
2026-04-28,REST001,GreenBite Kitchen,P009,Avocado,Vegetables,42,71,28,28,0,5,80,2,1.5,4.2,117.6,17.8,Tuesday,0,0,7,0,No Action,7.5,15.15,100.0
2026-04-28,REST001,GreenBite Kitchen,P010,Pasta,Dry Goods,128,192,56,56,0,4,260,4,0.9,3.0,168.0,17.8,Tuesday,0,0,14,0,No Action,3.6,6.67,100.0
2026-04-29,REST001,GreenBite Kitchen,P001,Chicken Breast,Meat,130,15,45,45,0,6,94,3,4.2,9.5,427.5,16.6,Wednesday,0,0,12,9,Auto-Order,25.2,11.76,100.0
2026-04-29,REST001,GreenBite Kitchen,P002,Tomatoes,Vegetables,68,187,60,60,0,12,183,2,1.1,3.2,192.0,16.6,Wednesday,0,0,16,0,No Action,13.2,16.67,100.0
2026-04-29,REST001,GreenBite Kitchen,P003,Rice,Dry Goods,359,0,67,67,0,5,287,4,0.8,2.8,187.6,16.6,Wednesday,0,0,18,0,No Action,4.0,6.94,100.0
2026-04-29,REST001,GreenBite Kitchen,P004,Milk,Dairy,74,90,44,44,0,6,114,2,1.0,2.4,105.6,16.6,Wednesday,0,0,10,0,No Action,6.0,12.0,100.0
2026-04-29,REST001,GreenBite Kitchen,P005,Cheese,Dairy,125,0,35,35,0,4,86,3,2.8,6.5,227.5,16.6,Wednesday,0,0,8,0,No Action,11.2,10.26,100.0
2026-04-29,REST001,GreenBite Kitchen,P006,Potatoes,Vegetables,94,140,65,65,0,9,160,2,0.7,2.5,162.5,16.6,Wednesday,0,0,14,0,No Action,6.3,12.16,100.0
2026-04-29,REST001,GreenBite Kitchen,P007,Bread,Bakery,84,0,44,44,0,6,34,1,1.2,3.0,132.0,16.6,Wednesday,0,0,12,38,Auto-Order,7.2,12.0,100.0
2026-04-29,REST001,GreenBite Kitchen,P008,Salmon Fillet,Seafood,38,58,26,26,0,5,65,2,6.5,14.5,377.0,16.6,Wednesday,0,0,6,0,No Action,32.5,16.13,100.0
2026-04-29,REST001,GreenBite Kitchen,P009,Avocado,Vegetables,80,0,26,26,0,4,50,2,1.5,4.2,109.2,16.6,Wednesday,0,0,7,3,Auto-Order,6.0,13.33,100.0
2026-04-29,REST001,GreenBite Kitchen,P010,Pasta,Dry Goods,260,0,58,58,0,3,199,4,0.9,3.0,174.0,16.6,Wednesday,0,0,14,0,No Action,2.7,4.92,100.0
2026-04-30,REST001,GreenBite Kitchen,P001,Chicken Breast,Meat,94,147,49,49,0,9,183,3,4.2,9.5,465.5,15.7,Thursday,0,0,12,0,No Action,37.8,15.52,100.0
2026-04-30,REST001,GreenBite Kitchen,P002,Tomatoes,Vegetables,183,0,57,57,0,8,118,2,1.1,3.2,182.4,15.7,Thursday,0,0,16,0,No Action,8.8,12.31,100.0
2026-04-30,REST001,GreenBite Kitchen,P003,Rice,Dry Goods,287,0,76,76,0,3,208,4,0.8,2.8,212.8,15.7,Thursday,0,0,18,0,No Action,2.4,3.8,100.0
2026-04-30,REST001,GreenBite Kitchen,P004,Milk,Dairy,114,0,43,43,0,3,68,2,1.0,2.4,103.2,15.7,Thursday,0,0,10,9,Auto-Order,3.0,6.52,100.0
2026-04-30,REST001,GreenBite Kitchen,P005,Cheese,Dairy,86,80,32,32,0,4,130,3,2.8,6.5,208.0,15.7,Thursday,0,0,8,0,No Action,11.2,11.11,100.0
2026-04-30,REST001,GreenBite Kitchen,P006,Potatoes,Vegetables,160,0,58,58,0,6,96,2,0.7,2.5,145.0,15.7,Thursday,0,0,14,11,Auto-Order,4.2,9.38,100.0
2026-04-30,REST001,GreenBite Kitchen,P007,Bread,Bakery,34,109,45,45,0,8,90,1,1.2,3.0,135.0,15.7,Thursday,0,0,12,0,No Action,9.6,15.09,100.0
2026-04-30,REST001,GreenBite Kitchen,P008,Salmon Fillet,Seafood,65,0,25,25,0,3,37,2,6.5,14.5,362.5,15.7,Thursday,0,0,6,7,Auto-Order,19.5,10.71,100.0
2026-04-30,REST001,GreenBite Kitchen,P009,Avocado,Vegetables,50,63,32,32,0,6,75,2,1.5,4.2,134.4,15.7,Thursday,0,0,7,0,No Action,9.0,15.79,100.0
2026-04-30,REST001,GreenBite Kitchen,P010,Pasta,Dry Goods,199,0,76,76,0,2,121,4,0.9,3.0,228.0,15.7,Thursday,0,1,14,0,No Action,1.8,2.56,100.0
2026-05-01,REST001,GreenBite Kitchen,P001,Chicken Breast,Meat,183,0,48,48,0,7,128,3,4.2,9.5,456.0,14.3,Friday,0,0,12,0,No Action,29.4,12.73,100.0
2026-05-01,REST001,GreenBite Kitchen,P002,Tomatoes,Vegetables,118,127,63,63,0,14,168,2,1.1,3.2,201.6,14.3,Friday,0,0,16,0,No Action,15.4,18.18,100.0
2026-05-01,REST001,GreenBite Kitchen,P003,Rice,Dry Goods,208,222,107,107,0,3,320,4,0.8,2.8,299.6,14.3,Friday,0,1,18,0,No Action,2.4,2.73,100.0
2026-05-01,REST001,GreenBite Kitchen,P004,Milk,Dairy,68,104,44,44,0,7,121,2,1.0,2.4,105.6,14.3,Friday,0,0,10,0,No Action,7.0,13.73,100.0
2026-05-01,REST001,GreenBite Kitchen,P005,Cheese,Dairy,130,0,40,40,0,4,86,3,2.8,6.5,260.0,14.3,Friday,0,0,8,0,No Action,11.2,9.09,100.0
2026-05-01,REST001,GreenBite Kitchen,P006,Potatoes,Vegetables,96,134,52,52,0,8,170,2,0.7,2.5,130.0,14.3,Friday,0,0,14,0,No Action,5.6,13.33,100.0
2026-05-01,REST001,GreenBite Kitchen,P007,Bread,Bakery,90,0,42,42,0,6,42,1,1.2,3.0,126.0,14.3,Friday,0,0,12,39,Auto-Order,7.2,12.5,100.0
2026-05-01,REST001,GreenBite Kitchen,P008,Salmon Fillet,Seafood,37,58,23,23,0,3,69,2,6.5,14.5,333.5,14.3,Friday,0,0,6,0,No Action,19.5,11.54,100.0
2026-05-01,REST001,GreenBite Kitchen,P009,Avocado,Vegetables,75,0,29,29,0,5,41,2,1.5,4.2,121.8,14.3,Friday,0,0,7,20,Auto-Order,7.5,14.71,100.0
2026-05-01,REST001,GreenBite Kitchen,P010,Pasta,Dry Goods,121,202,73,73,0,4,246,4,0.9,3.0,219.0,14.3,Friday,0,1,14,0,No Action,3.6,5.19,100.0
2026-05-02,REST001,GreenBite Kitchen,P001,Chicken Breast,Meat,128,118,56,56,0,10,180,3,4.2,9.5,532.0,15.6,Saturday,1,0,12,0,No Action,42.0,15.15,100.0
2026-05-02,REST001,GreenBite Kitchen,P002,Tomatoes,Vegetables,168,0,73,73,0,7,88,2,1.1,3.2,233.6,15.6,Saturday,1,0,16,43,Auto-Order,7.7,8.75,100.0
2026-05-02,REST001,GreenBite Kitchen,P003,Rice,Dry Goods,320,0,89,89,0,2,229,4,0.8,2.8,249.2,15.6,Saturday,1,0,18,0,No Action,1.6,2.2,100.0
2026-05-02,REST001,GreenBite Kitchen,P004,Milk,Dairy,121,0,53,53,0,5,63,2,1.0,2.4,127.2,15.6,Saturday,1,0,10,25,Auto-Order,5.0,8.62,100.0
2026-05-02,REST001,GreenBite Kitchen,P005,Cheese,Dairy,86,80,41,41,0,5,120,3,2.8,6.5,266.5,15.6,Saturday,1,0,8,0,No Action,14.0,10.87,100.0
2026-05-02,REST001,GreenBite Kitchen,P006,Potatoes,Vegetables,170,0,68,68,0,6,96,2,0.7,2.5,170.0,15.6,Saturday,1,0,14,25,Auto-Order,4.2,8.11,100.0
2026-05-02,REST001,GreenBite Kitchen,P007,Bread,Bakery,42,93,66,66,0,8,61,1,1.2,3.0,198.0,15.6,Saturday,1,1,12,20,Auto-Order,9.6,10.81,100.0
2026-05-02,REST001,GreenBite Kitchen,P008,Salmon Fillet,Seafood,69,0,32,32,0,2,35,2,6.5,14.5,464.0,15.6,Saturday,1,1,6,16,Auto-Order,13.0,5.88,100.0
2026-05-02,REST001,GreenBite Kitchen,P009,Avocado,Vegetables,41,82,36,36,0,5,82,2,1.5,4.2,151.2,15.6,Saturday,1,0,7,0,No Action,7.5,12.2,100.0
2026-05-02,REST001,GreenBite Kitchen,P010,Pasta,Dry Goods,246,0,68,68,0,4,174,4,0.9,3.0,204.0,15.6,Saturday,1,0,14,0,No Action,3.6,5.56,100.0
2026-05-03,REST001,GreenBite Kitchen,P001,Chicken Breast,Meat,180,0,56,56,0,6,118,3,4.2,9.5,532.0,16.9,Sunday,1,0,12,0,No Action,25.2,9.68,100.0
2026-05-03,REST001,GreenBite Kitchen,P002,Tomatoes,Vegetables,88,165,75,75,0,13,165,2,1.1,3.2,240.0,16.9,Sunday,1,0,16,0,No Action,14.3,14.77,100.0
2026-05-03,REST001,GreenBite Kitchen,P003,Rice,Dry Goods,229,198,90,90,0,3,334,4,0.8,2.8,252.0,16.9,Sunday,1,0,18,0,No Action,2.4,3.23,100.0
2026-05-03,REST001,GreenBite Kitchen,P004,Milk,Dairy,63,104,52,52,0,5,110,2,1.0,2.4,124.8,16.9,Sunday,1,0,10,0,No Action,5.0,8.77,100.0
2026-05-03,REST001,GreenBite Kitchen,P005,Cheese,Dairy,120,0,38,38,0,3,79,3,2.8,6.5,247.0,16.9,Sunday,1,0,8,0,No Action,8.4,7.32,100.0
2026-05-03,REST001,GreenBite Kitchen,P006,Potatoes,Vegetables,96,136,64,64,0,8,160,2,0.7,2.5,160.0,16.9,Sunday,1,0,14,0,No Action,5.6,11.11,100.0
2026-05-03,REST001,GreenBite Kitchen,P007,Bread,Bakery,61,82,64,64,0,9,70,1,1.2,3.0,192.0,16.9,Sunday,1,0,12,2,Auto-Order,10.8,12.33,100.0
2026-05-03,REST001,GreenBite Kitchen,P008,Salmon Fillet,Seafood,35,60,32,32,0,3,60,2,6.5,14.5,464.0,16.9,Sunday,1,1,6,0,No Action,19.5,8.57,100.0
2026-05-03,REST001,GreenBite Kitchen,P009,Avocado,Vegetables,82,0,34,34,0,1,47,2,1.5,4.2,142.8,16.9,Sunday,1,0,7,6,Auto-Order,1.5,2.86,100.0
2026-05-03,REST001,GreenBite Kitchen,P010,Pasta,Dry Goods,174,152,58,58,0,3,265,4,0.9,3.0,174.0,16.9,Sunday,1,0,14,0,No Action,2.7,4.92,100.0
2026-05-04,REST001,GreenBite Kitchen,P001,Chicken Breast,Meat,118,125,49,49,0,9,185,3,4.2,9.5,465.5,17.1,Monday,0,0,12,0,No Action,37.8,15.52,100.0
2026-05-04,REST001,GreenBite Kitchen,P002,Tomatoes,Vegetables,165,0,60,60,0,8,97,2,1.1,3.2,192.0,17.1,Monday,0,0,16,18,Auto-Order,8.8,11.76,100.0
2026-05-04,REST001,GreenBite Kitchen,P003,Rice,Dry Goods,334,0,73,73,0,1,260,4,0.8,2.8,204.4,17.1,Monday,0,0,18,0,No Action,0.8,1.35,100.0
2026-05-04,REST001,GreenBite Kitchen,P004,Milk,Dairy,110,0,47,47,0,4,59,2,1.0,2.4,112.8,17.1,Monday,0,0,10,18,Auto-Order,4.0,7.84,100.0
2026-05-04,REST001,GreenBite Kitchen,P005,Cheese,Dairy,79,85,44,44,0,4,116,3,2.8,6.5,286.0,17.1,Monday,0,1,8,0,No Action,11.2,8.33,100.0
2026-05-04,REST001,GreenBite Kitchen,P006,Potatoes,Vegetables,160,0,65,65,0,6,89,2,0.7,2.5,162.5,17.1,Monday,0,0,14,18,Auto-Order,4.2,8.45,100.0
2026-05-04,REST001,GreenBite Kitchen,P007,Bread,Bakery,70,0,50,50,0,3,17,1,1.2,3.0,150.0,17.1,Monday,0,0,12,55,Manager Review,3.6,5.66,100.0
2026-05-04,REST001,GreenBite Kitchen,P008,Salmon Fillet,Seafood,60,0,27,27,0,3,30,2,6.5,14.5,391.5,17.1,Monday,0,0,6,14,Auto-Order,19.5,10.0,100.0
2026-05-04,REST001,GreenBite Kitchen,P009,Avocado,Vegetables,47,67,29,29,0,5,80,2,1.5,4.2,121.8,17.1,Monday,0,0,7,0,No Action,7.5,14.71,100.0
2026-05-04,REST001,GreenBite Kitchen,P010,Pasta,Dry Goods,265,0,63,63,0,2,200,4,0.9,3.0,189.0,17.1,Monday,0,0,14,0,No Action,1.8,3.08,100.0
2026-05-05,REST001,GreenBite Kitchen,P001,Chicken Breast,Meat,185,0,49,49,0,7,129,3,4.2,9.5,465.5,17.5,Tuesday,0,0,12,0,No Action,29.4,12.5,100.0
2026-05-05,REST001,GreenBite Kitchen,P002,Tomatoes,Vegetables,97,147,58,58,0,12,174,2,1.1,3.2,185.6,17.5,Tuesday,0,0,16,0,No Action,13.2,17.14,100.0
2026-05-05,REST001,GreenBite Kitchen,P003,Rice,Dry Goods,260,0,90,90,0,2,168,4,0.8,2.8,252.0,17.5,Tuesday,0,1,18,0,No Action,1.6,2.17,100.0
2026-05-05,REST001,GreenBite Kitchen,P004,Milk,Dairy,59,113,51,51,0,5,116,2,1.0,2.4,122.4,17.5,Tuesday,0,1,10,0,No Action,5.0,8.93,100.0
2026-05-05,REST001,GreenBite Kitchen,P005,Cheese,Dairy,116,0,32,32,0,3,81,3,2.8,6.5,208.0,17.5,Tuesday,0,0,8,0,No Action,8.4,8.57,100.0
2026-05-05,REST001,GreenBite Kitchen,P006,Potatoes,Vegetables,89,145,55,55,0,7,172,2,0.7,2.5,137.5,17.5,Tuesday,0,0,14,0,No Action,4.9,11.29,100.0
2026-05-05,REST001,GreenBite Kitchen,P007,Bread,Bakery,17,128,51,51,0,7,87,1,1.2,3.0,153.0,17.5,Tuesday,0,0,12,0,No Action,8.4,12.07,100.0
2026-05-05,REST001,GreenBite Kitchen,P008,Salmon Fillet,Seafood,30,61,25,25,0,2,64,2,6.5,14.5,362.5,17.5,Tuesday,0,0,6,0,No Action,13.0,7.41,100.0
2026-05-05,REST001,GreenBite Kitchen,P009,Avocado,Vegetables,80,0,29,29,0,5,46,2,1.5,4.2,121.8,17.5,Tuesday,0,0,7,7,Auto-Order,7.5,14.71,100.0
2026-05-05,REST001,GreenBite Kitchen,P010,Pasta,Dry Goods,200,0,57,57,0,0,143,4,0.9,3.0,171.0,17.5,Tuesday,0,0,14,0,No Action,0.0,0.0,100.0
2026-05-06,REST001,GreenBite Kitchen,P001,Chicken Breast,Meat,129,108,55,55,0,8,174,3,4.2,9.5,522.5,17.7,Wednesday,0,0,12,0,No Action,33.6,12.7,100.0
2026-05-06,REST001,GreenBite Kitchen,P002,Tomatoes,Vegetables,174,0,62,62,0,8,104,2,1.1,3.2,198.4,17.7,Wednesday,0,0,16,11,Auto-Order,8.8,11.43,100.0
2026-05-06,REST001,GreenBite Kitchen,P003,Rice,Dry Goods,168,264,79,79,0,3,350,4,0.8,2.8,221.2,17.7,Wednesday,0,0,18,0,No Action,2.4,3.66,100.0
2026-05-06,REST001,GreenBite Kitchen,P004,Milk,Dairy,116,0,40,40,0,5,71,2,1.0,2.4,96.0,17.7,Wednesday,0,0,10,6,Auto-Order,5.0,11.11,100.0
2026-05-06,REST001,GreenBite Kitchen,P005,Cheese,Dairy,81,78,34,34,0,5,120,3,2.8,6.5,221.0,17.7,Wednesday,0,0,8,0,No Action,14.0,12.82,100.0
2026-05-06,REST001,GreenBite Kitchen,P006,Potatoes,Vegetables,172,0,62,62,0,6,104,2,0.7,2.5,155.0,17.7,Wednesday,0,0,14,3,Auto-Order,4.2,8.82,100.0
2026-05-06,REST001,GreenBite Kitchen,P007,Bread,Bakery,87,0,47,47,0,5,35,1,1.2,3.0,141.0,17.7,Wednesday,0,0,12,37,Auto-Order,6.0,9.62,100.0
2026-05-06,REST001,GreenBite Kitchen,P008,Salmon Fillet,Seafood,64,0,23,23,0,3,38,2,6.5,14.5,333.5,17.7,Wednesday,0,0,6,6,Auto-Order,19.5,11.54,100.0
2026-05-06,REST001,GreenBite Kitchen,P009,Avocado,Vegetables,46,66,26,26,0,5,81,2,1.5,4.2,109.2,17.7,Wednesday,0,0,7,0,No Action,7.5,16.13,100.0
2026-05-06,REST001,GreenBite Kitchen,P010,Pasta,Dry Goods,143,185,60,60,0,2,266,4,0.9,3.0,180.0,17.7,Wednesday,0,0,14,0,No Action,1.8,3.23,100.0
2026-05-07,REST001,GreenBite Kitchen,P001,Chicken Breast,Meat,174,0,49,49,0,7,118,3,4.2,9.5,465.5,18.9,Thursday,0,0,12,0,No Action,29.4,12.5,100.0
2026-05-07,REST001,GreenBite Kitchen,P002,Tomatoes,Vegetables,104,145,73,73,0,13,163,2,1.1,3.2,233.6,18.9,Thursday,0,0,16,0,No Action,14.3,15.12,100.0
2026-05-07,REST001,GreenBite Kitchen,P003,Rice,Dry Goods,350,0,72,72,0,2,276,4,0.8,2.8,201.6,18.9,Thursday,0,0,18,0,No Action,1.6,2.7,100.0
2026-05-07,REST001,GreenBite Kitchen,P004,Milk,Dairy,71,100,47,47,0,7,117,2,1.0,2.4,112.8,18.9,Thursday,0,0,10,0,No Action,7.0,12.96,100.0
2026-05-07,REST001,GreenBite Kitchen,P005,Cheese,Dairy,120,0,35,35,0,4,81,3,2.8,6.5,227.5,18.9,Thursday,0,0,8,0,No Action,11.2,10.26,100.0
2026-05-07,REST001,GreenBite Kitchen,P006,Potatoes,Vegetables,104,132,64,64,0,8,164,2,0.7,2.5,160.0,18.9,Thursday,0,0,14,0,No Action,5.6,11.11,100.0
2026-05-07,REST001,GreenBite Kitchen,P007,Bread,Bakery,35,109,42,42,0,6,96,1,1.2,3.0,126.0,18.9,Thursday,0,0,12,0,No Action,7.2,12.5,100.0
2026-05-07,REST001,GreenBite Kitchen,P008,Salmon Fillet,Seafood,38,53,25,25,0,5,61,2,6.5,14.5,362.5,18.9,Thursday,0,0,6,0,No Action,32.5,16.67,100.0
2026-05-07,REST001,GreenBite Kitchen,P009,Avocado,Vegetables,81,0,35,35,0,3,43,2,1.5,4.2,147.0,18.9,Thursday,0,0,7,10,Auto-Order,4.5,7.89,100.0
2026-05-07,REST001,GreenBite Kitchen,P010,Pasta,Dry Goods,266,0,58,58,0,2,206,4,0.9,3.0,174.0,18.9,Thursday,0,0,14,0,No Action,1.8,3.33,100.0
2026-05-08,REST001,GreenBite Kitchen,P001,Chicken Breast,Meat,118,126,51,51,0,9,184,3,4.2,9.5,484.5,17.5,Friday,0,0,12,0,No Action,37.8,15.0,100.0
2026-05-08,REST001,GreenBite Kitchen,P002,Tomatoes,Vegetables,163,0,68,68,0,8,87,2,1.1,3.2,217.6,17.5,Friday,0,0,16,44,Auto-Order,8.8,10.53,100.0
2026-05-08,REST001,GreenBite Kitchen,P003,Rice,Dry Goods,276,0,81,81,0,2,193,4,0.8,2.8,226.8,17.5,Friday,0,1,18,0,No Action,1.6,2.41,100.0
2026-05-08,REST001,GreenBite Kitchen,P004,Milk,Dairy,117,0,47,47,0,5,65,2,1.0,2.4,112.8,17.5,Friday,0,0,10,23,Auto-Order,5.0,9.62,100.0
2026-05-08,REST001,GreenBite Kitchen,P005,Cheese,Dairy,81,77,38,38,0,4,116,3,2.8,6.5,247.0,17.5,Friday,0,0,8,0,No Action,11.2,9.52,100.0
2026-05-08,REST001,GreenBite Kitchen,P006,Potatoes,Vegetables,164,0,65,65,0,6,93,2,0.7,2.5,162.5,17.5,Friday,0,0,14,28,Auto-Order,4.2,8.45,100.0
2026-05-08,REST001,GreenBite Kitchen,P007,Bread,Bakery,96,0,49,49,0,6,41,1,1.2,3.0,147.0,17.5,Friday,0,0,12,40,Auto-Order,7.2,10.91,100.0
2026-05-08,REST001,GreenBite Kitchen,P008,Salmon Fillet,Seafood,61,0,24,24,0,3,34,2,6.5,14.5,348.0,17.5,Friday,0,0,6,17,Auto-Order,19.5,11.11,100.0
2026-05-08,REST001,GreenBite Kitchen,P009,Avocado,Vegetables,43,70,39,39,0,5,69,2,1.5,4.2,163.8,17.5,Friday,0,1,7,0,No Action,7.5,11.36,100.0
2026-05-08,REST001,GreenBite Kitchen,P010,Pasta,Dry Goods,206,0,59,59,0,2,145,4,0.9,3.0,177.0,17.5,Friday,0,0,14,0,No Action,1.8,3.28,100.0
2026-05-09,REST001,GreenBite Kitchen,P001,Chicken Breast,Meat,184,0,55,55,0,6,123,3,4.2,9.5,522.5,15.8,Saturday,1,0,12,0,No Action,25.2,9.84,100.0
2026-05-09,REST001,GreenBite Kitchen,P002,Tomatoes,Vegetables,87,158,77,77,0,12,156,2,1.1,3.2,246.4,15.8,Saturday,1,0,16,0,No Action,13.2,13.48,100.0
2026-05-09,REST001,GreenBite Kitchen,P003,Rice,Dry Goods,193,236,88,88,0,2,339,4,0.8,2.8,246.4,15.8,Saturday,1,0,18,0,No Action,1.6,2.22,100.0
2026-05-09,REST001,GreenBite Kitchen,P004,Milk,Dairy,65,100,46,46,0,6,113,2,1.0,2.4,110.4,15.8,Saturday,1,0,10,0,No Action,6.0,11.54,100.0
2026-05-09,REST001,GreenBite Kitchen,P005,Cheese,Dairy,116,0,37,37,0,3,76,3,2.8,6.5,240.5,15.8,Saturday,1,0,8,2,Auto-Order,8.4,7.5,100.0
2026-05-09,REST001,GreenBite Kitchen,P006,Potatoes,Vegetables,93,145,74,74,0,9,155,2,0.7,2.5,185.0,15.8,Saturday,1,0,14,0,No Action,6.3,10.84,100.0
2026-05-09,REST001,GreenBite Kitchen,P007,Bread,Bakery,41,93,54,54,0,8,72,1,1.2,3.0,162.0,15.8,Saturday,1,0,12,9,Auto-Order,9.6,12.9,100.0
2026-05-09,REST001,GreenBite Kitchen,P008,Salmon Fillet,Seafood,34,65,30,30,0,5,64,2,6.5,14.5,435.0,15.8,Saturday,1,0,6,0,No Action,32.5,14.29,100.0
2026-05-09,REST001,GreenBite Kitchen,P009,Avocado,Vegetables,69,0,31,31,0,4,34,2,1.5,4.2,130.2,15.8,Saturday,1,0,7,27,Auto-Order,6.0,11.43,100.0
2026-05-09,REST001,GreenBite Kitchen,P010,Pasta,Dry Goods,145,176,60,60,0,2,259,4,0.9,3.0,180.0,15.8,Saturday,1,0,14,0,No Action,1.8,3.23,100.0
2026-05-10,REST001,GreenBite Kitchen,P001,Chicken Breast,Meat,123,113,51,51,0,8,177,3,4.2,9.5,484.5,13.2,Sunday,1,0,12,0,No Action,33.6,13.56,100.0
2026-05-10,REST001,GreenBite Kitchen,P002,Tomatoes,Vegetables,156,0,74,74,0,8,74,2,1.1,3.2,236.8,13.2,Sunday,1,0,16,41,Auto-Order,8.8,9.76,100.0
2026-05-10,REST001,GreenBite Kitchen,P003,Rice,Dry Goods,339,0,83,83,0,2,254,4,0.8,2.8,232.4,13.2,Sunday,1,0,18,0,No Action,1.6,2.35,100.0
2026-05-10,REST001,GreenBite Kitchen,P004,Milk,Dairy,113,0,53,53,0,2,58,2,1.0,2.4,127.2,13.2,Sunday,1,0,10,19,Auto-Order,2.0,3.64,100.0
2026-05-10,REST001,GreenBite Kitchen,P005,Cheese,Dairy,76,80,40,40,0,4,112,3,2.8,6.5,260.0,13.2,Sunday,1,0,8,0,No Action,11.2,9.09,100.0
2026-05-10,REST001,GreenBite Kitchen,P006,Potatoes,Vegetables,155,0,70,70,0,7,78,2,0.7,2.5,175.0,13.2,Sunday,1,0,14,29,Auto-Order,4.9,9.09,100.0
2026-05-10,REST001,GreenBite Kitchen,P007,Bread,Bakery,72,0,67,67,0,5,0,1,1.2,3.0,201.0,13.2,Sunday,1,1,12,72,Manager Review,6.0,6.94,100.0
2026-05-10,REST001,GreenBite Kitchen,P008,Salmon Fillet,Seafood,64,0,26,26,0,2,36,2,6.5,14.5,377.0,13.2,Sunday,1,0,6,8,Auto-Order,13.0,7.14,100.0
2026-05-10,REST001,GreenBite Kitchen,P009,Avocado,Vegetables,34,86,37,37,0,5,78,2,1.5,4.2,155.4,13.2,Sunday,1,0,7,0,No Action,7.5,11.9,100.0
2026-05-10,REST001,GreenBite Kitchen,P010,Pasta,Dry Goods,259,0,62,62,0,3,194,4,0.9,3.0,186.0,13.2,Sunday,1,0,14,0,No Action,2.7,4.62,100.0
2026-05-11,REST001,GreenBite Kitchen,P001,Chicken Breast,Meat,177,0,47,47,0,6,124,3,4.2,9.5,446.5,16.9,Monday,0,0,12,0,No Action,25.2,11.32,100.0
2026-05-11,REST001,GreenBite Kitchen,P002,Tomatoes,Vegetables,74,180,64,64,0,12,178,2,1.1,3.2,204.8,16.9,Monday,0,0,16,0,No Action,13.2,15.79,100.0
2026-05-11,REST001,GreenBite Kitchen,P003,Rice,Dry Goods,254,0,79,79,0,3,172,4,0.8,2.8,221.2,16.9,Monday,0,0,18,0,No Action,2.4,3.66,100.0
2026-05-11,REST001,GreenBite Kitchen,P004,Milk,Dairy,58,111,47,47,0,6,116,2,1.0,2.4,112.8,16.9,Monday,0,0,10,0,No Action,6.0,11.32,100.0
2026-05-11,REST001,GreenBite Kitchen,P005,Cheese,Dairy,112,0,31,31,0,3,78,3,2.8,6.5,201.5,16.9,Monday,0,0,8,0,No Action,8.4,8.82,100.0
2026-05-11,REST001,GreenBite Kitchen,P006,Potatoes,Vegetables,78,160,60,60,0,9,169,2,0.7,2.5,150.0,16.9,Monday,0,0,14,0,No Action,6.3,13.04,100.0
2026-05-11,REST001,GreenBite Kitchen,P007,Bread,Bakery,0,139,42,42,0,7,90,1,1.2,3.0,126.0,16.9,Monday,0,0,12,0,No Action,8.4,14.29,100.0
2026-05-11,REST001,GreenBite Kitchen,P008,Salmon Fillet,Seafood,36,59,31,31,0,4,60,2,6.5,14.5,449.5,16.9,Monday,0,1,6,0,No Action,26.0,11.43,100.0
2026-05-11,REST001,GreenBite Kitchen,P009,Avocado,Vegetables,78,0,31,31,0,4,43,2,1.5,4.2,130.2,16.9,Monday,0,0,7,10,Auto-Order,6.0,11.43,100.0
2026-05-11,REST001,GreenBite Kitchen,P010,Pasta,Dry Goods,194,0,53,53,0,1,140,4,0.9,3.0,159.0,16.9,Monday,0,0,14,0,No Action,0.9,1.85,100.0
2026-05-12,REST001,GreenBite Kitchen,P001,Chicken Breast,Meat,124,114,49,49,0,8,181,3,4.2,9.5,465.5,16.6,Tuesday,0,0,12,0,No Action,33.6,14.04,100.0
2026-05-12,REST001,GreenBite Kitchen,P002,Tomatoes,Vegetables,178,0,66,66,0,9,103,2,1.1,3.2,211.2,16.6,Tuesday,0,0,16,12,Auto-Order,9.9,12.0,100.0
2026-05-12,REST001,GreenBite Kitchen,P003,Rice,Dry Goods,172,255,86,86,0,2,339,4,0.8,2.8,240.8,16.6,Tuesday,0,0,18,0,No Action,1.6,2.27,100.0
2026-05-12,REST001,GreenBite Kitchen,P004,Milk,Dairy,116,0,47,47,0,5,64,2,1.0,2.4,112.8,16.6,Tuesday,0,0,10,13,Auto-Order,5.0,9.62,100.0
2026-05-12,REST001,GreenBite Kitchen,P005,Cheese,Dairy,78,88,32,32,0,4,130,3,2.8,6.5,208.0,16.6,Tuesday,0,0,8,0,No Action,11.2,11.11,100.0
2026-05-12,REST001,GreenBite Kitchen,P006,Potatoes,Vegetables,169,0,60,60,0,6,103,2,0.7,2.5,150.0,16.6,Tuesday,0,0,14,4,Auto-Order,4.2,9.09,100.0
2026-05-12,REST001,GreenBite Kitchen,P007,Bread,Bakery,90,0,44,44,0,5,41,1,1.2,3.0,132.0,16.6,Tuesday,0,0,12,31,Auto-Order,6.0,10.2,100.0
2026-05-12,REST001,GreenBite Kitchen,P008,Salmon Fillet,Seafood,60,0,25,25,0,4,31,2,6.5,14.5,362.5,16.6,Tuesday,0,0,6,13,Auto-Order,26.0,13.79,100.0
2026-05-12,REST001,GreenBite Kitchen,P009,Avocado,Vegetables,43,73,29,29,0,5,82,2,1.5,4.2,121.8,16.6,Tuesday,0,0,7,0,No Action,7.5,14.71,100.0
2026-05-12,REST001,GreenBite Kitchen,P010,Pasta,Dry Goods,140,188,57,57,0,3,268,4,0.9,3.0,171.0,16.6,Tuesday,0,0,14,0,No Action,2.7,5.0,100.0
2026-05-13,REST001,GreenBite Kitchen,P001,Chicken Breast,Meat,181,0,44,44,0,6,131,3,4.2,9.5,418.0,17.5,Wednesday,0,0,12,0,No Action,25.2,12.0,100.0
2026-05-13,REST001,GreenBite Kitchen,P002,Tomatoes,Vegetables,103,140,65,65,0,12,166,2,1.1,3.2,208.0,17.5,Wednesday,0,0,16,0,No Action,13.2,15.58,100.0
2026-05-13,REST001,GreenBite Kitchen,P003,Rice,Dry Goods,339,0,98,98,0,4,237,4,0.8,2.8,274.4,17.5,Wednesday,0,1,18,0,No Action,3.2,3.92,100.0
2026-05-13,REST001,GreenBite Kitchen,P004,Milk,Dairy,64,105,38,38,0,6,125,2,1.0,2.4,91.2,17.5,Wednesday,0,0,10,0,No Action,6.0,13.64,100.0
2026-05-13,REST001,GreenBite Kitchen,P005,Cheese,Dairy,130,0,28,28,0,3,99,3,2.8,6.5,182.0,17.5,Wednesday,0,0,8,0,No Action,8.4,9.68,100.0
2026-05-13,REST001,GreenBite Kitchen,P006,Potatoes,Vegetables,103,133,64,64,0,8,164,2,0.7,2.5,160.0,17.5,Wednesday,0,0,14,0,No Action,5.6,11.11,100.0
2026-05-13,REST001,GreenBite Kitchen,P007,Bread,Bakery,41,102,53,53,0,8,82,1,1.2,3.0,159.0,17.5,Wednesday,0,0,12,0,No Action,9.6,13.11,100.0
2026-05-13,REST001,GreenBite Kitchen,P008,Salmon Fillet,Seafood,31,63,24,24,0,5,65,2,6.5,14.5,348.0,17.5,Wednesday,0,0,6,0,No Action,32.5,17.24,100.0
2026-05-13,REST001,GreenBite Kitchen,P009,Avocado,Vegetables,82,7,38,38,0,4,47,2,1.5,4.2,159.6,17.5,Wednesday,0,1,7,6,Auto-Order,6.0,9.52,100.0
2026-05-13,REST001,GreenBite Kitchen,P010,Pasta,Dry Goods,268,0,56,56,0,1,211,4,0.9,3.0,168.0,17.5,Wednesday,0,0,14,0,No Action,0.9,1.75,100.0
2026-05-14,REST001,GreenBite Kitchen,P001,Chicken Breast,Meat,131,0,49,49,0,5,77,3,4.2,9.5,465.5,14.7,Thursday,0,0,12,26,Auto-Order,21.0,9.26,100.0
2026-05-14,REST001,GreenBite Kitchen,P002,Tomatoes,Vegetables,166,0,67,67,0,8,91,2,1.1,3.2,214.4,14.7,Thursday,0,0,16,24,Auto-Order,8.8,10.67,100.0
2026-05-14,REST001,GreenBite Kitchen,P003,Rice,Dry Goods,237,195,74,74,0,3,355,4,0.8,2.8,207.2,14.7,Thursday,0,0,18,0,No Action,2.4,3.9,100.0
2026-05-14,REST001,GreenBite Kitchen,P004,Milk,Dairy,125,0,44,44,0,6,75,2,1.0,2.4,105.6,14.7,Thursday,0,0,10,2,Auto-Order,6.0,12.0,100.0
2026-05-14,REST001,GreenBite Kitchen,P005,Cheese,Dairy,99,0,34,34,0,3,62,3,2.8,6.5,221.0,14.7,Thursday,0,0,8,7,Auto-Order,8.4,8.11,100.0
2026-05-14,REST001,GreenBite Kitchen,P006,Potatoes,Vegetables,164,0,58,58,0,5,101,2,0.7,2.5,145.0,14.7,Thursday,0,0,14,6,Auto-Order,3.5,7.94,100.0
2026-05-14,REST001,GreenBite Kitchen,P007,Bread,Bakery,82,0,49,49,0,4,29,1,1.2,3.0,147.0,14.7,Thursday,0,0,12,43,Auto-Order,4.8,7.55,100.0
2026-05-14,REST001,GreenBite Kitchen,P008,Salmon Fillet,Seafood,65,0,26,26,0,2,37,2,6.5,14.5,377.0,14.7,Thursday,0,0,6,7,Auto-Order,13.0,7.14,100.0
2026-05-14,REST001,GreenBite Kitchen,P009,Avocado,Vegetables,47,69,28,28,0,6,82,2,1.5,4.2,117.6,14.7,Thursday,0,0,7,0,No Action,9.0,17.65,100.0
2026-05-14,REST001,GreenBite Kitchen,P010,Pasta,Dry Goods,211,0,57,57,0,1,153,4,0.9,3.0,171.0,14.7,Thursday,0,0,14,0,No Action,0.9,1.72,100.0
2026-05-15,REST001,GreenBite Kitchen,P001,Chicken Breast,Meat,77,158,50,50,0,8,177,3,4.2,9.5,475.0,18.8,Friday,0,0,12,0,No Action,33.6,13.79,100.0
2026-05-15,REST001,GreenBite Kitchen,P002,Tomatoes,Vegetables,91,163,64,64,0,14,176,2,1.1,3.2,204.8,18.8,Friday,0,0,16,0,No Action,15.4,17.95,100.0
2026-05-15,REST001,GreenBite Kitchen,P003,Rice,Dry Goods,355,0,79,79,0,4,272,4,0.8,2.8,221.2,18.8,Friday,0,0,18,0,No Action,3.2,4.82,100.0
2026-05-15,REST001,GreenBite Kitchen,P004,Milk,Dairy,75,96,47,47,0,6,118,2,1.0,2.4,112.8,18.8,Friday,0,0,10,0,No Action,6.0,11.32,100.0
2026-05-15,REST001,GreenBite Kitchen,P005,Cheese,Dairy,62,99,33,33,0,4,124,3,2.8,6.5,214.5,18.8,Friday,0,0,8,0,No Action,11.2,10.81,100.0
2026-05-15,REST001,GreenBite Kitchen,P006,Potatoes,Vegetables,101,127,64,64,0,7,157,2,0.7,2.5,160.0,18.8,Friday,0,0,14,0,No Action,4.9,9.86,100.0
2026-05-15,REST001,GreenBite Kitchen,P007,Bread,Bakery,29,113,48,48,0,9,85,1,1.2,3.0,144.0,18.8,Friday,0,0,12,0,No Action,10.8,15.79,100.0
2026-05-15,REST001,GreenBite Kitchen,P008,Salmon Fillet,Seafood,37,57,24,24,0,4,66,2,6.5,14.5,348.0,18.8,Friday,0,0,6,0,No Action,26.0,14.29,100.0
2026-05-15,REST001,GreenBite Kitchen,P009,Avocado,Vegetables,82,0,33,33,0,4,45,2,1.5,4.2,138.6,18.8,Friday,0,0,7,16,Auto-Order,6.0,10.81,100.0
2026-05-15,REST001,GreenBite Kitchen,P010,Pasta,Dry Goods,153,175,57,57,0,0,271,4,0.9,3.0,171.0,18.8,Friday,0,0,14,0,No Action,0.0,0.0,100.0
2026-05-16,REST001,GreenBite Kitchen,P001,Chicken Breast,Meat,177,0,52,52,0,7,118,3,4.2,9.5,494.0,19.7,Saturday,1,0,12,0,No Action,29.4,11.86,100.0
2026-05-16,REST001,GreenBite Kitchen,P002,Tomatoes,Vegetables,176,0,91,91,0,10,75,2,1.1,3.2,291.2,19.7,Saturday,1,1,16,56,Auto-Order,11.0,9.9,100.0
2026-05-16,REST001,GreenBite Kitchen,P003,Rice,Dry Goods,272,0,73,73,0,2,197,4,0.8,2.8,204.4,19.7,Saturday,1,0,18,0,No Action,1.6,2.67,100.0
2026-05-16,REST001,GreenBite Kitchen,P004,Milk,Dairy,118,0,49,49,0,3,66,2,1.0,2.4,117.6,19.7,Saturday,1,0,10,22,Auto-Order,3.0,5.77,100.0
2026-05-16,REST001,GreenBite Kitchen,P005,Cheese,Dairy,124,0,37,37,0,4,83,3,2.8,6.5,240.5,19.7,Saturday,1,0,8,0,No Action,11.2,9.76,100.0
2026-05-16,REST001,GreenBite Kitchen,P006,Potatoes,Vegetables,157,0,75,75,0,6,76,2,0.7,2.5,187.5,19.7,Saturday,1,0,14,45,Auto-Order,4.2,7.41,100.0
2026-05-16,REST001,GreenBite Kitchen,P007,Bread,Bakery,85,0,53,53,0,4,28,1,1.2,3.0,159.0,19.7,Saturday,1,0,12,53,Manager Review,4.8,7.02,100.0
2026-05-16,REST001,GreenBite Kitchen,P008,Salmon Fillet,Seafood,66,0,30,30,0,3,33,2,6.5,14.5,435.0,19.7,Saturday,1,0,6,18,Auto-Order,19.5,9.09,100.0
2026-05-16,REST001,GreenBite Kitchen,P009,Avocado,Vegetables,45,73,36,36,0,5,77,2,1.5,4.2,151.2,19.7,Saturday,1,0,7,0,No Action,7.5,12.2,100.0
2026-05-16,REST001,GreenBite Kitchen,P010,Pasta,Dry Goods,271,0,69,69,0,1,201,4,0.9,3.0,207.0,19.7,Saturday,1,0,14,0,No Action,0.9,1.43,100.0
2026-05-17,REST001,GreenBite Kitchen,P001,Chicken Breast,Meat,118,125,58,58,0,9,176,3,4.2,9.5,551.0,17.5,Sunday,1,0,12,0,No Action,37.8,13.43,100.0
2026-05-17,REST001,GreenBite Kitchen,P002,Tomatoes,Vegetables,75,173,72,72,0,12,164,2,1.1,3.2,230.4,17.5,Sunday,1,0,16,0,No Action,13.2,14.29,100.0
2026-05-17,REST001,GreenBite Kitchen,P003,Rice,Dry Goods,197,240,91,91,0,4,342,4,0.8,2.8,254.8,17.5,Sunday,1,0,18,0,No Action,3.2,4.21,100.0
2026-05-17,REST001,GreenBite Kitchen,P004,Milk,Dairy,66,102,50,50,0,5,113,2,1.0,2.4,120.0,17.5,Sunday,1,0,10,0,No Action,5.0,9.09,100.0
2026-05-17,REST001,GreenBite Kitchen,P005,Cheese,Dairy,83,83,37,37,0,5,124,3,2.8,6.5,240.5,17.5,Sunday,1,0,8,0,No Action,14.0,11.9,100.0
2026-05-17,REST001,GreenBite Kitchen,P006,Potatoes,Vegetables,76,163,82,82,0,10,147,2,0.7,2.5,205.0,17.5,Sunday,1,0,14,0,No Action,7.0,10.87,100.0
2026-05-17,REST001,GreenBite Kitchen,P007,Bread,Bakery,28,112,66,66,0,8,66,1,1.2,3.0,198.0,17.5,Sunday,1,0,12,6,Auto-Order,9.6,10.81,100.0
2026-05-17,REST001,GreenBite Kitchen,P008,Salmon Fillet,Seafood,33,62,36,36,0,3,56,2,6.5,14.5,522.0,17.5,Sunday,1,1,6,0,No Action,19.5,7.69,100.0
2026-05-17,REST001,GreenBite Kitchen,P009,Avocado,Vegetables,77,0,36,36,0,3,38,2,1.5,4.2,151.2,17.5,Sunday,1,0,7,15,Auto-Order,4.5,7.69,100.0
2026-05-17,REST001,GreenBite Kitchen,P010,Pasta,Dry Goods,201,0,62,62,0,1,138,4,0.9,3.0,186.0,17.5,Sunday,1,0,14,0,No Action,0.9,1.59,100.0
2026-05-18,REST001,GreenBite Kitchen,P001,Chicken Breast,Meat,176,0,49,49,0,6,121,3,4.2,9.5,465.5,17.4,Monday,0,0,12,0,No Action,25.2,10.91,100.0
2026-05-18,REST001,GreenBite Kitchen,P002,Tomatoes,Vegetables,164,0,65,65,0,9,90,2,1.1,3.2,208.0,17.4,Monday,0,0,16,25,Auto-Order,9.9,12.16,100.0
2026-05-18,REST001,GreenBite Kitchen,P003,Rice,Dry Goods,342,0,67,67,0,2,273,4,0.8,2.8,187.6,17.4,Monday,0,0,18,0,No Action,1.6,2.9,100.0
2026-05-18,REST001,GreenBite Kitchen,P004,Milk,Dairy,113,0,43,43,0,4,66,2,1.0,2.4,103.2,17.4,Monday,0,0,10,11,Auto-Order,4.0,8.51,100.0
2026-05-18,REST001,GreenBite Kitchen,P005,Cheese,Dairy,124,0,32,32,0,4,88,3,2.8,6.5,208.0,17.4,Monday,0,0,8,0,No Action,11.2,11.11,100.0
2026-05-18,REST001,GreenBite Kitchen,P006,Potatoes,Vegetables,147,0,60,60,0,5,82,2,0.7,2.5,150.0,17.4,Monday,0,0,14,25,Auto-Order,3.5,7.69,100.0
2026-05-18,REST001,GreenBite Kitchen,P007,Bread,Bakery,66,0,50,50,0,2,14,1,1.2,3.0,150.0,17.4,Monday,0,0,12,58,Manager Review,2.4,3.85,100.0
2026-05-18,REST001,GreenBite Kitchen,P008,Salmon Fillet,Seafood,56,0,23,23,0,1,32,2,6.5,14.5,333.5,17.4,Monday,0,0,6,12,Auto-Order,6.5,4.17,100.0
2026-05-18,REST001,GreenBite Kitchen,P009,Avocado,Vegetables,38,75,32,32,0,5,76,2,1.5,4.2,134.4,17.4,Monday,0,0,7,0,No Action,7.5,13.51,100.0
2026-05-18,REST001,GreenBite Kitchen,P010,Pasta,Dry Goods,138,184,58,58,0,3,261,4,0.9,3.0,174.0,17.4,Monday,0,0,14,0,No Action,2.7,4.92,100.0
2026-05-19,REST001,GreenBite Kitchen,P001,Chicken Breast,Meat,121,123,57,57,0,8,179,3,4.2,9.5,541.5,19.5,Tuesday,0,0,12,0,No Action,33.6,12.31,100.0
2026-05-19,REST001,GreenBite Kitchen,P002,Tomatoes,Vegetables,90,153,73,73,0,13,157,2,1.1,3.2,233.6,19.5,Tuesday,0,0,16,0,No Action,14.3,15.12,100.0
2026-05-19,REST001,GreenBite Kitchen,P003,Rice,Dry Goods,273,0,94,94,0,3,176,4,0.8,2.8,263.2,19.5,Tuesday,0,1,18,0,No Action,2.4,3.09,100.0
2026-05-19,REST001,GreenBite Kitchen,P004,Milk,Dairy,66,98,55,55,0,6,103,2,1.0,2.4,132.0,19.5,Tuesday,0,1,10,0,No Action,6.0,9.84,100.0
2026-05-19,REST001,GreenBite Kitchen,P005,Cheese,Dairy,88,0,36,36,0,3,49,3,2.8,6.5,234.0,19.5,Tuesday,0,0,8,20,Auto-Order,8.4,7.69,100.0
2026-05-19,REST001,GreenBite Kitchen,P006,Potatoes,Vegetables,82,149,56,56,0,8,167,2,0.7,2.5,140.0,19.5,Tuesday,0,0,14,0,No Action,5.6,12.5,100.0
2026-05-19,REST001,GreenBite Kitchen,P007,Bread,Bakery,14,125,55,55,0,6,78,1,1.2,3.0,165.0,19.5,Tuesday,0,0,12,0,No Action,7.2,9.84,100.0
2026-05-19,REST001,GreenBite Kitchen,P008,Salmon Fillet,Seafood,32,63,25,25,0,4,66,2,6.5,14.5,362.5,19.5,Tuesday,0,0,6,0,No Action,26.0,13.79,100.0
2026-05-19,REST001,GreenBite Kitchen,P009,Avocado,Vegetables,76,0,31,31,0,3,42,2,1.5,4.2,130.2,19.5,Tuesday,0,0,7,11,Auto-Order,4.5,8.82,100.0
2026-05-19,REST001,GreenBite Kitchen,P010,Pasta,Dry Goods,261,0,55,55,0,1,205,4,0.9,3.0,165.0,19.5,Tuesday,0,0,14,0,No Action,0.9,1.79,100.0
2026-05-20,REST001,GreenBite Kitchen,P001,Chicken Breast,Meat,179,0,43,43,0,4,132,3,4.2,9.5,408.5,18.6,Wednesday,0,0,12,0,No Action,16.8,8.51,100.0
2026-05-20,REST001,GreenBite Kitchen,P002,Tomatoes,Vegetables,157,0,68,68,0,8,81,2,1.1,3.2,217.6,18.6,Wednesday,0,0,16,34,Auto-Order,8.8,10.53,100.0
2026-05-20,REST001,GreenBite Kitchen,P003,Rice,Dry Goods,176,253,70,70,0,3,356,4,0.8,2.8,196.0,18.6,Wednesday,0,0,18,0,No Action,2.4,4.11,100.0
2026-05-20,REST001,GreenBite Kitchen,P004,Milk,Dairy,103,0,56,56,0,4,43,2,1.0,2.4,134.4,18.6,Wednesday,0,1,10,34,Auto-Order,4.0,6.67,100.0
2026-05-20,REST001,GreenBite Kitchen,P005,Cheese,Dairy,49,107,34,34,0,4,118,3,2.8,6.5,221.0,18.6,Wednesday,0,0,8,0,No Action,11.2,10.53,100.0
2026-05-20,REST001,GreenBite Kitchen,P006,Potatoes,Vegetables,167,0,65,65,0,5,97,2,0.7,2.5,162.5,18.6,Wednesday,0,0,14,10,Auto-Order,3.5,7.14,100.0
2026-05-20,REST001,GreenBite Kitchen,P007,Bread,Bakery,78,0,51,51,0,5,22,1,1.2,3.0,153.0,18.6,Wednesday,0,0,12,50,Auto-Order,6.0,8.93,100.0
2026-05-20,REST001,GreenBite Kitchen,P008,Salmon Fillet,Seafood,66,0,30,30,0,3,33,2,6.5,14.5,435.0,18.6,Wednesday,0,0,6,11,Auto-Order,19.5,9.09,100.0
2026-05-20,REST001,GreenBite Kitchen,P009,Avocado,Vegetables,42,70,32,32,0,6,74,2,1.5,4.2,134.4,18.6,Wednesday,0,0,7,0,No Action,9.0,15.79,100.0
2026-05-20,REST001,GreenBite Kitchen,P010,Pasta,Dry Goods,205,0,55,55,0,1,149,4,0.9,3.0,165.0,18.6,Wednesday,0,0,14,0,No Action,0.9,1.79,100.0
2026-05-21,REST001,GreenBite Kitchen,P001,Chicken Breast,Meat,132,0,50,50,0,6,76,3,4.2,9.5,475.0,17.8,Thursday,0,0,12,27,Auto-Order,25.2,10.71,100.0
2026-05-21,REST001,GreenBite Kitchen,P002,Tomatoes,Vegetables,81,162,72,72,0,11,160,2,1.1,3.2,230.4,17.8,Thursday,0,0,16,0,No Action,12.1,13.25,100.0
2026-05-21,REST001,GreenBite Kitchen,P003,Rice,Dry Goods,356,0,85,85,0,2,269,4,0.8,2.8,238.0,17.8,Thursday,0,0,18,0,No Action,1.6,2.3,100.0
2026-05-21,REST001,GreenBite Kitchen,P004,Milk,Dairy,43,131,40,40,0,5,129,2,1.0,2.4,96.0,17.8,Thursday,0,0,10,0,No Action,5.0,11.11,100.0
2026-05-21,REST001,GreenBite Kitchen,P005,Cheese,Dairy,118,0,32,32,0,3,83,3,2.8,6.5,208.0,17.8,Thursday,0,0,8,0,No Action,8.4,8.57,100.0
2026-05-21,REST001,GreenBite Kitchen,P006,Potatoes,Vegetables,97,131,61,61,0,8,159,2,0.7,2.5,152.5,17.8,Thursday,0,0,14,0,No Action,5.6,11.59,100.0
2026-05-21,REST001,GreenBite Kitchen,P007,Bread,Bakery,22,115,46,46,0,8,83,1,1.2,3.0,138.0,17.8,Thursday,0,0,12,0,No Action,9.6,14.81,100.0
2026-05-21,REST001,GreenBite Kitchen,P008,Salmon Fillet,Seafood,33,60,28,28,0,4,61,2,6.5,14.5,406.0,17.8,Thursday,0,0,6,0,No Action,26.0,12.5,100.0
2026-05-21,REST001,GreenBite Kitchen,P009,Avocado,Vegetables,74,0,39,39,0,3,32,2,1.5,4.2,163.8,17.8,Thursday,0,1,7,21,Auto-Order,4.5,7.14,100.0
2026-05-21,REST001,GreenBite Kitchen,P010,Pasta,Dry Goods,149,180,71,71,0,3,255,4,0.9,3.0,213.0,17.8,Thursday,0,1,14,0,No Action,2.7,4.05,100.0
2026-05-22,REST001,GreenBite Kitchen,P001,Chicken Breast,Meat,76,165,53,53,0,8,180,3,4.2,9.5,503.5,18.3,Friday,0,0,12,0,No Action,33.6,13.11,100.0
2026-05-22,REST001,GreenBite Kitchen,P002,Tomatoes,Vegetables,160,0,74,74,0,7,79,2,1.1,3.2,236.8,18.3,Friday,0,0,16,52,Auto-Order,7.7,8.64,100.0
2026-05-22,REST001,GreenBite Kitchen,P003,Rice,Dry Goods,269,0,70,70,0,1,198,4,0.8,2.8,196.0,18.3,Friday,0,0,18,0,No Action,0.8,1.41,100.0
2026-05-22,REST001,GreenBite Kitchen,P004,Milk,Dairy,129,0,44,44,0,4,81,2,1.0,2.4,105.6,18.3,Friday,0,0,10,7,Auto-Order,4.0,8.33,100.0
2026-05-22,REST001,GreenBite Kitchen,P005,Cheese,Dairy,83,81,43,43,0,7,114,3,2.8,6.5,279.5,18.3,Friday,0,1,8,0,No Action,19.6,14.0,100.0
2026-05-22,REST001,GreenBite Kitchen,P006,Potatoes,Vegetables,159,0,73,73,0,5,81,2,0.7,2.5,182.5,18.3,Friday,0,1,14,40,Auto-Order,3.5,6.41,100.0
2026-05-22,REST001,GreenBite Kitchen,P007,Bread,Bakery,83,0,50,50,0,4,29,1,1.2,3.0,150.0,18.3,Friday,0,0,12,52,Manager Review,4.8,7.41,100.0
2026-05-22,REST001,GreenBite Kitchen,P008,Salmon Fillet,Seafood,61,0,28,28,0,2,31,2,6.5,14.5,406.0,18.3,Friday,0,0,6,20,Auto-Order,13.0,6.67,100.0
2026-05-22,REST001,GreenBite Kitchen,P009,Avocado,Vegetables,32,81,29,29,0,5,79,2,1.5,4.2,121.8,18.3,Friday,0,0,7,0,No Action,7.5,14.71,100.0
2026-05-22,REST001,GreenBite Kitchen,P010,Pasta,Dry Goods,255,0,72,72,0,3,180,4,0.9,3.0,216.0,18.3,Friday,0,1,14,0,No Action,2.7,4.0,100.0
2026-05-23,REST001,GreenBite Kitchen,P001,Chicken Breast,Meat,180,0,58,58,0,8,114,3,4.2,9.5,551.0,19.1,Saturday,1,0,12,4,Auto-Order,33.6,12.12,100.0
2026-05-23,REST001,GreenBite Kitchen,P002,Tomatoes,Vegetables,79,167,84,84,0,13,149,2,1.1,3.2,268.8,19.1,Saturday,1,0,16,0,No Action,14.3,13.4,100.0
2026-05-23,REST001,GreenBite Kitchen,P003,Rice,Dry Goods,198,240,83,83,0,4,351,4,0.8,2.8,232.4,19.1,Saturday,1,0,18,0,No Action,3.2,4.6,100.0
2026-05-23,REST001,GreenBite Kitchen,P004,Milk,Dairy,81,89,53,53,0,4,113,2,1.0,2.4,127.2,19.1,Saturday,1,0,10,0,No Action,4.0,7.02,100.0
2026-05-23,REST001,GreenBite Kitchen,P005,Cheese,Dairy,114,0,34,34,0,3,77,3,2.8,6.5,221.0,19.1,Saturday,1,0,8,1,Auto-Order,8.4,8.11,100.0
2026-05-23,REST001,GreenBite Kitchen,P006,Potatoes,Vegetables,81,148,66,66,0,9,154,2,0.7,2.5,165.0,19.1,Saturday,1,0,14,0,No Action,6.3,12.0,100.0
2026-05-23,REST001,GreenBite Kitchen,P007,Bread,Bakery,29,107,54,54,0,8,74,1,1.2,3.0,162.0,19.1,Saturday,1,0,12,7,Auto-Order,9.6,12.9,100.0
2026-05-23,REST001,GreenBite Kitchen,P008,Salmon Fillet,Seafood,31,72,41,41,0,4,58,2,6.5,14.5,594.5,19.1,Saturday,1,1,6,0,No Action,26.0,8.89,100.0
2026-05-23,REST001,GreenBite Kitchen,P009,Avocado,Vegetables,79,0,36,36,0,2,41,2,1.5,4.2,151.2,19.1,Saturday,1,0,7,20,Auto-Order,3.0,5.26,100.0
2026-05-23,REST001,GreenBite Kitchen,P010,Pasta,Dry Goods,180,142,65,65,0,1,256,4,0.9,3.0,195.0,19.1,Saturday,1,0,14,0,No Action,0.9,1.52,100.0
2026-05-24,REST001,GreenBite Kitchen,P001,Chicken Breast,Meat,114,127,68,68,0,9,164,3,4.2,9.5,646.0,20.8,Sunday,1,0,12,0,No Action,37.8,11.69,100.0
2026-05-24,REST001,GreenBite Kitchen,P002,Tomatoes,Vegetables,149,0,86,86,0,9,54,2,1.1,3.2,275.2,20.8,Sunday,1,0,16,61,Auto-Order,9.9,9.47,100.0
2026-05-24,REST001,GreenBite Kitchen,P003,Rice,Dry Goods,351,0,85,85,0,3,263,4,0.8,2.8,238.0,20.8,Sunday,1,0,18,0,No Action,2.4,3.41,100.0
2026-05-24,REST001,GreenBite Kitchen,P004,Milk,Dairy,113,0,48,48,0,5,60,2,1.0,2.4,115.2,20.8,Sunday,1,0,10,17,Auto-Order,5.0,9.43,100.0
2026-05-24,REST001,GreenBite Kitchen,P005,Cheese,Dairy,77,89,37,37,0,3,126,3,2.8,6.5,240.5,20.8,Sunday,1,0,8,0,No Action,8.4,7.5,100.0
2026-05-24,REST001,GreenBite Kitchen,P006,Potatoes,Vegetables,154,0,64,64,0,6,84,2,0.7,2.5,160.0,20.8,Sunday,1,0,14,23,Auto-Order,4.2,8.57,100.0
2026-05-24,REST001,GreenBite Kitchen,P007,Bread,Bakery,74,0,56,56,0,3,15,1,1.2,3.0,168.0,20.8,Sunday,1,0,12,57,Manager Review,3.6,5.08,100.0
2026-05-24,REST001,GreenBite Kitchen,P008,Salmon Fillet,Seafood,58,0,31,31,0,3,24,2,6.5,14.5,449.5,20.8,Sunday,1,0,6,20,Auto-Order,19.5,8.82,100.0
2026-05-24,REST001,GreenBite Kitchen,P009,Avocado,Vegetables,41,74,31,31,0,4,80,2,1.5,4.2,130.2,20.8,Sunday,1,0,7,0,No Action,6.0,11.43,100.0
2026-05-24,REST001,GreenBite Kitchen,P010,Pasta,Dry Goods,256,0,72,72,0,3,181,4,0.9,3.0,216.0,20.8,Sunday,1,0,14,0,No Action,2.7,4.0,100.0
2026-05-25,REST001,GreenBite Kitchen,P001,Chicken Breast,Meat,164,0,47,47,0,5,112,3,4.2,9.5,446.5,17.9,Monday,0,0,12,0,No Action,21.0,9.62,100.0
2026-05-25,REST001,GreenBite Kitchen,P002,Tomatoes,Vegetables,54,201,52,52,0,13,190,2,1.1,3.2,166.4,17.9,Monday,0,0,16,0,No Action,14.3,20.0,100.0
2026-05-25,REST001,GreenBite Kitchen,P003,Rice,Dry Goods,263,0,75,75,0,1,187,4,0.8,2.8,210.0,17.9,Monday,0,0,18,0,No Action,0.8,1.32,100.0
2026-05-25,REST001,GreenBite Kitchen,P004,Milk,Dairy,60,110,43,43,0,7,120,2,1.0,2.4,103.2,17.9,Monday,0,0,10,0,No Action,7.0,14.0,100.0
2026-05-25,REST001,GreenBite Kitchen,P005,Cheese,Dairy,126,0,30,30,0,4,92,3,2.8,6.5,195.0,17.9,Monday,0,0,8,0,No Action,11.2,11.76,100.0
2026-05-25,REST001,GreenBite Kitchen,P006,Potatoes,Vegetables,84,148,58,58,0,10,164,2,0.7,2.5,145.0,17.9,Monday,0,0,14,0,No Action,7.0,14.71,100.0
2026-05-25,REST001,GreenBite Kitchen,P007,Bread,Bakery,15,122,45,45,0,8,84,1,1.2,3.0,135.0,17.9,Monday,0,0,12,0,No Action,9.6,15.09,100.0
2026-05-25,REST001,GreenBite Kitchen,P008,Salmon Fillet,Seafood,24,78,23,23,0,4,75,2,6.5,14.5,333.5,17.9,Monday,0,0,6,0,No Action,26.0,14.81,100.0
2026-05-25,REST001,GreenBite Kitchen,P009,Avocado,Vegetables,80,0,28,28,0,4,48,2,1.5,4.2,117.6,17.9,Monday,0,0,7,5,Auto-Order,6.0,12.5,100.0
2026-05-25,REST001,GreenBite Kitchen,P010,Pasta,Dry Goods,181,0,53,53,0,1,127,4,0.9,3.0,159.0,17.9,Monday,0,0,14,0,No Action,0.9,1.85,100.0
2026-05-26,REST001,GreenBite Kitchen,P001,Chicken Breast,Meat,112,123,47,47,0,8,180,3,4.2,9.5,446.5,17.2,Tuesday,0,0,12,0,No Action,33.6,14.55,100.0
2026-05-26,REST001,GreenBite Kitchen,P002,Tomatoes,Vegetables,190,0,57,57,0,10,123,2,1.1,3.2,182.4,17.2,Tuesday,0,0,16,0,No Action,11.0,14.93,100.0
2026-05-26,REST001,GreenBite Kitchen,P003,Rice,Dry Goods,187,243,70,70,0,3,357,4,0.8,2.8,196.0,17.2,Tuesday,0,0,18,0,No Action,2.4,4.11,100.0
2026-05-26,REST001,GreenBite Kitchen,P004,Milk,Dairy,120,0,49,49,0,5,66,2,1.0,2.4,117.6,17.2,Tuesday,0,0,10,11,Auto-Order,5.0,9.26,100.0
2026-05-26,REST001,GreenBite Kitchen,P005,Cheese,Dairy,92,0,34,34,0,3,55,3,2.8,6.5,221.0,17.2,Tuesday,0,0,8,14,Auto-Order,8.4,8.11,100.0
2026-05-26,REST001,GreenBite Kitchen,P006,Potatoes,Vegetables,164,0,63,63,0,6,95,2,0.7,2.5,157.5,17.2,Tuesday,0,0,14,12,Auto-Order,4.2,8.7,100.0
2026-05-26,REST001,GreenBite Kitchen,P007,Bread,Bakery,84,0,50,50,0,4,30,1,1.2,3.0,150.0,17.2,Tuesday,0,0,12,42,Auto-Order,4.8,7.41,100.0
2026-05-26,REST001,GreenBite Kitchen,P008,Salmon Fillet,Seafood,75,0,26,26,0,3,46,2,6.5,14.5,377.0,17.2,Tuesday,0,0,6,0,No Action,19.5,10.34,100.0
2026-05-26,REST001,GreenBite Kitchen,P009,Avocado,Vegetables,48,71,29,29,0,6,84,2,1.5,4.2,121.8,17.2,Tuesday,0,0,7,0,No Action,9.0,17.14,100.0
2026-05-26,REST001,GreenBite Kitchen,P010,Pasta,Dry Goods,127,194,62,62,0,1,258,4,0.9,3.0,186.0,17.2,Tuesday,0,0,14,0,No Action,0.9,1.59,100.0
2026-05-27,REST001,GreenBite Kitchen,P001,Chicken Breast,Meat,180,0,44,44,0,6,130,3,4.2,9.5,418.0,21.6,Wednesday,0,0,12,0,No Action,25.2,12.0,100.0
2026-05-27,REST001,GreenBite Kitchen,P002,Tomatoes,Vegetables,123,125,69,69,0,12,167,2,1.1,3.2,220.8,21.6,Wednesday,0,0,16,0,No Action,13.2,14.81,100.0
2026-05-27,REST001,GreenBite Kitchen,P003,Rice,Dry Goods,357,0,70,70,0,3,284,4,0.8,2.8,196.0,21.6,Wednesday,0,0,18,0,No Action,2.4,4.11,100.0
2026-05-27,REST001,GreenBite Kitchen,P004,Milk,Dairy,66,103,47,47,0,6,116,2,1.0,2.4,112.8,21.6,Wednesday,0,0,10,0,No Action,6.0,11.32,100.0
2026-05-27,REST001,GreenBite Kitchen,P005,Cheese,Dairy,55,101,31,31,0,5,120,3,2.8,6.5,201.5,21.6,Wednesday,0,0,8,0,No Action,14.0,13.89,100.0
2026-05-27,REST001,GreenBite Kitchen,P006,Potatoes,Vegetables,95,140,61,61,0,8,166,2,0.7,2.5,152.5,21.6,Wednesday,0,0,14,0,No Action,5.6,11.59,100.0
2026-05-27,REST001,GreenBite Kitchen,P007,Bread,Bakery,30,103,48,48,0,8,77,1,1.2,3.0,144.0,21.6,Wednesday,0,0,12,0,No Action,9.6,14.29,100.0
2026-05-27,REST001,GreenBite Kitchen,P008,Salmon Fillet,Seafood,46,45,29,29,0,4,58,2,6.5,14.5,420.5,21.6,Wednesday,0,0,6,0,No Action,26.0,12.12,100.0
2026-05-27,REST001,GreenBite Kitchen,P009,Avocado,Vegetables,84,0,33,33,0,4,47,2,1.5,4.2,138.6,21.6,Wednesday,0,0,7,6,Auto-Order,6.0,10.81,100.0
2026-05-27,REST001,GreenBite Kitchen,P010,Pasta,Dry Goods,258,0,51,51,0,3,204,4,0.9,3.0,153.0,21.6,Wednesday,0,0,14,0,No Action,2.7,5.56,100.0
2026-05-28,REST001,GreenBite Kitchen,P001,Chicken Breast,Meat,130,0,63,63,0,5,62,3,4.2,9.5,598.5,20.4,Thursday,0,1,12,41,Auto-Order,21.0,7.35,100.0
2026-05-28,REST001,GreenBite Kitchen,P002,Tomatoes,Vegetables,167,0,69,69,0,9,89,2,1.1,3.2,220.8,20.4,Thursday,0,0,16,26,Auto-Order,9.9,11.54,100.0
2026-05-28,REST001,GreenBite Kitchen,P003,Rice,Dry Goods,284,0,75,75,0,2,207,4,0.8,2.8,210.0,20.4,Thursday,0,0,18,0,No Action,1.6,2.6,100.0
2026-05-28,REST001,GreenBite Kitchen,P004,Milk,Dairy,116,0,39,39,0,3,74,2,1.0,2.4,93.6,20.4,Thursday,0,0,10,3,Auto-Order,3.0,7.14,100.0
2026-05-28,REST001,GreenBite Kitchen,P005,Cheese,Dairy,120,9,30,30,0,5,94,3,2.8,6.5,195.0,20.4,Thursday,0,0,8,0,No Action,14.0,14.29,100.0
2026-05-28,REST001,GreenBite Kitchen,P006,Potatoes,Vegetables,166,0,72,72,0,5,89,2,0.7,2.5,180.0,20.4,Thursday,0,1,14,18,Auto-Order,3.5,6.49,100.0
2026-05-28,REST001,GreenBite Kitchen,P007,Bread,Bakery,77,0,53,53,0,4,20,1,1.2,3.0,159.0,20.4,Thursday,0,0,12,52,Manager Review,4.8,7.02,100.0
2026-05-28,REST001,GreenBite Kitchen,P008,Salmon Fillet,Seafood,58,0,33,33,0,3,22,2,6.5,14.5,478.5,20.4,Thursday,0,1,6,22,Auto-Order,19.5,8.33,100.0
2026-05-28,REST001,GreenBite Kitchen,P009,Avocado,Vegetables,47,70,32,32,0,5,80,2,1.5,4.2,134.4,20.4,Thursday,0,0,7,0,No Action,7.5,13.51,100.0
2026-05-28,REST001,GreenBite Kitchen,P010,Pasta,Dry Goods,204,0,51,51,0,1,152,4,0.9,3.0,153.0,20.4,Thursday,0,0,14,0,No Action,0.9,1.92,100.0
2026-05-29,REST001,GreenBite Kitchen,P001,Chicken Breast,Meat,62,184,53,53,0,10,183,3,4.2,9.5,503.5,17.7,Friday,0,0,12,0,No Action,42.0,15.87,100.0
2026-05-29,REST001,GreenBite Kitchen,P002,Tomatoes,Vegetables,89,166,71,71,0,13,171,2,1.1,3.2,227.2,17.7,Friday,0,0,16,0,No Action,14.3,15.48,100.0
2026-05-29,REST001,GreenBite Kitchen,P003,Rice,Dry Goods,207,223,83,83,0,3,344,4,0.8,2.8,232.4,17.7,Friday,0,0,18,0,No Action,2.4,3.49,100.0
2026-05-29,REST001,GreenBite Kitchen,P004,Milk,Dairy,74,91,47,47,0,6,112,2,1.0,2.4,112.8,17.7,Friday,0,0,10,0,No Action,6.0,11.32,100.0
2026-05-29,REST001,GreenBite Kitchen,P005,Cheese,Dairy,94,0,43,43,0,3,48,3,2.8,6.5,279.5,17.7,Friday,0,1,8,30,Auto-Order,8.4,6.52,100.0
2026-05-29,REST001,GreenBite Kitchen,P006,Potatoes,Vegetables,89,145,76,76,0,9,149,2,0.7,2.5,190.0,17.7,Friday,0,1,14,0,No Action,6.3,10.59,100.0
2026-05-29,REST001,GreenBite Kitchen,P007,Bread,Bakery,20,115,50,50,0,7,78,1,1.2,3.0,150.0,17.7,Friday,0,0,12,3,Auto-Order,8.4,12.28,100.0
2026-05-29,REST001,GreenBite Kitchen,P008,Salmon Fillet,Seafood,22,71,24,24,0,5,64,2,6.5,14.5,348.0,17.7,Friday,0,0,6,0,No Action,32.5,17.24,100.0
2026-05-29,REST001,GreenBite Kitchen,P009,Avocado,Vegetables,80,0,29,29,0,3,48,2,1.5,4.2,121.8,17.7,Friday,0,0,7,13,Auto-Order,4.5,9.38,100.0
2026-05-29,REST001,GreenBite Kitchen,P010,Pasta,Dry Goods,152,179,57,57,0,4,270,4,0.9,3.0,171.0,17.7,Friday,0,0,14,0,No Action,3.6,6.56,100.0
2026-05-30,REST001,GreenBite Kitchen,P001,Chicken Breast,Meat,183,0,58,58,0,7,118,3,4.2,9.5,551.0,19.2,Saturday,1,0,12,0,No Action,29.4,10.77,100.0
2026-05-30,REST001,GreenBite Kitchen,P002,Tomatoes,Vegetables,171,0,75,75,0,7,89,2,1.1,3.2,240.0,19.2,Saturday,1,0,16,42,Auto-Order,7.7,8.54,100.0
2026-05-30,REST001,GreenBite Kitchen,P003,Rice,Dry Goods,344,0,81,81,0,3,260,4,0.8,2.8,226.8,19.2,Saturday,1,0,18,0,No Action,2.4,3.57,100.0
2026-05-30,REST001,GreenBite Kitchen,P004,Milk,Dairy,112,0,48,48,0,3,61,2,1.0,2.4,115.2,19.2,Saturday,1,0,10,27,Auto-Order,3.0,5.88,100.0
2026-05-30,REST001,GreenBite Kitchen,P005,Cheese,Dairy,48,116,40,40,0,5,119,3,2.8,6.5,260.0,19.2,Saturday,1,0,8,0,No Action,14.0,11.11,100.0
2026-05-30,REST001,GreenBite Kitchen,P006,Potatoes,Vegetables,149,0,70,70,0,5,74,2,0.7,2.5,175.0,19.2,Saturday,1,0,14,47,Auto-Order,3.5,6.67,100.0
2026-05-30,REST001,GreenBite Kitchen,P007,Bread,Bakery,78,0,47,47,0,5,26,1,1.2,3.0,141.0,19.2,Saturday,1,0,12,55,Manager Review,6.0,9.62,100.0
2026-05-30,REST001,GreenBite Kitchen,P008,Salmon Fillet,Seafood,64,0,28,28,0,3,33,2,6.5,14.5,406.0,19.2,Saturday,1,0,6,18,Auto-Order,19.5,9.68,100.0
2026-05-30,REST001,GreenBite Kitchen,P009,Avocado,Vegetables,48,66,38,38,0,6,70,2,1.5,4.2,159.6,19.2,Saturday,1,0,7,0,No Action,9.0,13.64,100.0
2026-05-30,REST001,GreenBite Kitchen,P010,Pasta,Dry Goods,270,0,68,68,0,2,200,4,0.9,3.0,204.0,19.2,Saturday,1,0,14,0,No Action,1.8,2.86,100.0
2026-05-31,REST001,GreenBite Kitchen,P001,Chicken Breast,Meat,118,122,58,58,0,8,174,3,4.2,9.5,551.0,17.5,Sunday,1,0,12,0,No Action,33.6,12.12,100.0
2026-05-31,REST001,GreenBite Kitchen,P002,Tomatoes,Vegetables,89,163,67,67,0,12,173,2,1.1,3.2,214.4,17.5,Sunday,1,0,16,0,No Action,13.2,15.19,100.0
2026-05-31,REST001,GreenBite Kitchen,P003,Rice,Dry Goods,260,0,83,83,0,0,177,4,0.8,2.8,232.4,17.5,Sunday,1,0,18,0,No Action,0.0,0.0,100.0
2026-05-31,REST001,GreenBite Kitchen,P004,Milk,Dairy,61,109,71,71,0,6,93,2,1.0,2.4,170.4,17.5,Sunday,1,1,10,0,No Action,6.0,7.79,100.0
2026-05-31,REST001,GreenBite Kitchen,P005,Cheese,Dairy,119,0,39,39,0,4,76,3,2.8,6.5,253.5,17.5,Sunday,1,0,8,0,No Action,11.2,9.3,100.0
2026-05-31,REST001,GreenBite Kitchen,P006,Potatoes,Vegetables,74,154,64,64,0,7,157,2,0.7,2.5,160.0,17.5,Sunday,1,0,14,0,No Action,4.9,9.86,100.0
2026-05-31,REST001,GreenBite Kitchen,P007,Bread,Bakery,26,111,53,53,0,7,77,1,1.2,3.0,159.0,17.5,Sunday,1,0,12,0,No Action,8.4,11.67,100.0
2026-05-31,REST001,GreenBite Kitchen,P008,Salmon Fillet,Seafood,33,60,30,30,0,5,58,2,6.5,14.5,435.0,17.5,Sunday,1,0,6,0,No Action,32.5,14.29,100.0
2026-05-31,REST001,GreenBite Kitchen,P009,Avocado,Vegetables,70,0,34,34,0,3,33,2,1.5,4.2,142.8,17.5,Sunday,1,0,7,20,Auto-Order,4.5,8.11,100.0
2026-05-31,REST001,GreenBite Kitchen,P010,Pasta,Dry Goods,200,0,64,64,0,3,133,4,0.9,3.0,192.0,17.5,Sunday,1,0,14,0,No Action,2.7,4.48,100.0
2026-06-01,REST001,GreenBite Kitchen,P001,Chicken Breast,Meat,174,0,50,50,0,6,118,3,4.2,9.5,475.0,17.7,Monday,0,0,12,0,No Action,25.2,10.71,100.0
2026-06-01,REST001,GreenBite Kitchen,P002,Tomatoes,Vegetables,173,0,63,63,0,8,102,2,1.1,3.2,201.6,17.7,Monday,0,0,16,13,Auto-Order,8.8,11.27,100.0
2026-06-01,REST001,GreenBite Kitchen,P003,Rice,Dry Goods,177,258,79,79,0,3,353,4,0.8,2.8,221.2,17.7,Monday,0,0,18,0,No Action,2.4,3.66,100.0
2026-06-01,REST001,GreenBite Kitchen,P004,Milk,Dairy,93,0,51,51,0,3,39,2,1.0,2.4,122.4,17.7,Monday,0,0,10,38,Auto-Order,3.0,5.56,100.0
2026-06-01,REST001,GreenBite Kitchen,P005,Cheese,Dairy,76,81,31,31,0,3,123,3,2.8,6.5,201.5,17.7,Monday,0,0,8,0,No Action,8.4,8.82,100.0
2026-06-01,REST001,GreenBite Kitchen,P006,Potatoes,Vegetables,157,0,57,57,0,4,96,2,0.7,2.5,142.5,17.7,Monday,0,0,14,11,Auto-Order,2.8,6.56,100.0
2026-06-01,REST001,GreenBite Kitchen,P007,Bread,Bakery,77,0,47,47,0,3,27,1,1.2,3.0,141.0,17.7,Monday,0,0,12,45,Auto-Order,3.6,6.0,100.0
2026-06-01,REST001,GreenBite Kitchen,P008,Salmon Fillet,Seafood,58,0,26,26,0,2,30,2,6.5,14.5,377.0,17.7,Monday,0,0,6,14,Auto-Order,13.0,7.14,100.0
2026-06-01,REST001,GreenBite Kitchen,P009,Avocado,Vegetables,33,90,29,29,0,5,89,2,1.5,4.2,121.8,17.7,Monday,0,0,7,0,No Action,7.5,14.71,100.0
2026-06-01,REST001,GreenBite Kitchen,P010,Pasta,Dry Goods,133,198,51,51,0,2,278,4,0.9,3.0,153.0,17.7,Monday,0,0,14,0,No Action,1.8,3.77,100.0
2026-06-02,REST001,GreenBite Kitchen,P001,Chicken Breast,Meat,118,127,53,53,0,8,184,3,4.2,9.5,503.5,16.3,Tuesday,0,0,12,0,No Action,33.6,13.11,100.0
2026-06-02,REST001,GreenBite Kitchen,P002,Tomatoes,Vegetables,102,151,64,64,0,13,176,2,1.1,3.2,204.8,16.3,Tuesday,0,0,16,0,No Action,14.3,16.88,100.0
2026-06-02,REST001,GreenBite Kitchen,P003,Rice,Dry Goods,353,0,68,68,0,4,281,4,0.8,2.8,190.4,16.3,Tuesday,0,0,18,0,No Action,3.2,5.56,100.0
2026-06-02,REST001,GreenBite Kitchen,P004,Milk,Dairy,39,136,52,52,0,5,118,2,1.0,2.4,124.8,16.3,Tuesday,0,1,10,0,No Action,5.0,8.77,100.0
2026-06-02,REST001,GreenBite Kitchen,P005,Cheese,Dairy,123,0,34,34,0,3,86,3,2.8,6.5,221.0,16.3,Tuesday,0,0,8,0,No Action,8.4,8.11,100.0
2026-06-02,REST001,GreenBite Kitchen,P006,Potatoes,Vegetables,96,141,69,69,0,9,159,2,0.7,2.5,172.5,16.3,Tuesday,0,1,14,0,No Action,6.3,11.54,100.0
2026-06-02,REST001,GreenBite Kitchen,P007,Bread,Bakery,27,114,45,45,0,8,88,1,1.2,3.0,135.0,16.3,Tuesday,0,0,12,0,No Action,9.6,15.09,100.0
2026-06-02,REST001,GreenBite Kitchen,P008,Salmon Fillet,Seafood,30,70,25,25,0,5,70,2,6.5,14.5,362.5,16.3,Tuesday,0,0,6,0,No Action,32.5,16.67,100.0
2026-06-02,REST001,GreenBite Kitchen,P009,Avocado,Vegetables,89,0,32,32,0,5,52,2,1.5,4.2,134.4,16.3,Tuesday,0,0,7,1,Auto-Order,7.5,13.51,100.0
2026-06-02,REST001,GreenBite Kitchen,P010,Pasta,Dry Goods,278,17,52,52,0,3,240,4,0.9,3.0,156.0,16.3,Tuesday,0,0,14,0,No Action,2.7,5.45,100.0
2026-06-03,REST001,GreenBite Kitchen,P001,Chicken Breast,Meat,184,0,51,51,0,8,125,3,4.2,9.5,484.5,18.0,Wednesday,0,0,12,0,No Action,33.6,13.56,100.0
2026-06-03,REST001,GreenBite Kitchen,P002,Tomatoes,Vegetables,176,0,62,62,0,9,105,2,1.1,3.2,198.4,18.0,Wednesday,0,0,16,10,Auto-Order,9.9,12.68,100.0
2026-06-03,REST001,GreenBite Kitchen,P003,Rice,Dry Goods,281,0,76,76,0,3,202,4,0.8,2.8,212.8,18.0,Wednesday,0,0,18,0,No Action,2.4,3.8,100.0
2026-06-03,REST001,GreenBite Kitchen,P004,Milk,Dairy,118,0,45,45,0,4,69,2,1.0,2.4,108.0,18.0,Wednesday,0,0,10,8,Auto-Order,4.0,8.16,100.0
2026-06-03,REST001,GreenBite Kitchen,P005,Cheese,Dairy,86,73,32,32,0,5,122,3,2.8,6.5,208.0,18.0,Wednesday,0,0,8,0,No Action,14.0,13.51,100.0
2026-06-03,REST001,GreenBite Kitchen,P006,Potatoes,Vegetables,159,0,61,61,0,7,91,2,0.7,2.5,152.5,18.0,Wednesday,0,0,14,16,Auto-Order,4.9,10.29,100.0
2026-06-03,REST001,GreenBite Kitchen,P007,Bread,Bakery,88,0,46,46,0,5,37,1,1.2,3.0,138.0,18.0,Wednesday,0,0,12,35,Auto-Order,6.0,9.8,100.0
2026-06-03,REST001,GreenBite Kitchen,P008,Salmon Fillet,Seafood,70,0,25,25,0,3,42,2,6.5,14.5,362.5,18.0,Wednesday,0,0,6,2,Auto-Order,19.5,10.71,100.0
2026-06-03,REST001,GreenBite Kitchen,P009,Avocado,Vegetables,52,67,31,31,0,8,80,2,1.5,4.2,130.2,18.0,Wednesday,0,0,7,0,No Action,12.0,20.51,100.0
2026-06-03,REST001,GreenBite Kitchen,P010,Pasta,Dry Goods,240,0,52,52,0,0,188,4,0.9,3.0,156.0,18.0,Wednesday,0,0,14,0,No Action,0.0,0.0,100.0
2026-06-04,REST001,GreenBite Kitchen,P001,Chicken Breast,Meat,125,115,54,54,0,9,177,3,4.2,9.5,513.0,19.4,Thursday,0,0,12,0,No Action,37.8,14.29,100.0
2026-06-04,REST001,GreenBite Kitchen,P002,Tomatoes,Vegetables,105,149,69,69,0,14,171,2,1.1,3.2,220.8,19.4,Thursday,0,0,16,0,No Action,15.4,16.87,100.0
2026-06-04,REST001,GreenBite Kitchen,P003,Rice,Dry Goods,202,236,79,79,0,4,355,4,0.8,2.8,221.2,19.4,Thursday,0,0,18,0,No Action,3.2,4.82,100.0
2026-06-04,REST001,GreenBite Kitchen,P004,Milk,Dairy,69,102,48,48,0,6,117,2,1.0,2.4,115.2,19.4,Thursday,0,1,10,0,No Action,6.0,11.11,100.0
2026-06-04,REST001,GreenBite Kitchen,P005,Cheese,Dairy,122,0,29,29,0,4,89,3,2.8,6.5,188.5,19.4,Thursday,0,0,8,0,No Action,11.2,12.12,100.0
2026-06-04,REST001,GreenBite Kitchen,P006,Potatoes,Vegetables,91,147,55,55,0,11,172,2,0.7,2.5,137.5,19.4,Thursday,0,0,14,0,No Action,7.7,16.67,100.0
2026-06-04,REST001,GreenBite Kitchen,P007,Bread,Bakery,37,96,46,46,0,6,81,1,1.2,3.0,138.0,19.4,Thursday,0,0,12,0,No Action,7.2,11.54,100.0
2026-06-04,REST001,GreenBite Kitchen,P008,Salmon Fillet,Seafood,42,52,28,28,0,3,63,2,6.5,14.5,406.0,19.4,Thursday,0,0,6,0,No Action,19.5,9.68,100.0
2026-06-04,REST001,GreenBite Kitchen,P009,Avocado,Vegetables,80,0,31,31,0,5,44,2,1.5,4.2,130.2,19.4,Thursday,0,0,7,9,Auto-Order,7.5,13.89,100.0
2026-06-04,REST001,GreenBite Kitchen,P010,Pasta,Dry Goods,188,0,68,68,0,1,119,4,0.9,3.0,204.0,19.4,Thursday,0,1,14,0,No Action,0.9,1.45,100.0
2026-06-05,REST001,GreenBite Kitchen,P001,Chicken Breast,Meat,177,0,53,53,0,6,118,3,4.2,9.5,503.5,19.4,Friday,0,0,12,0,No Action,25.2,10.17,100.0
2026-06-05,REST001,GreenBite Kitchen,P002,Tomatoes,Vegetables,171,0,70,70,0,8,93,2,1.1,3.2,224.0,19.4,Friday,0,0,16,38,Auto-Order,8.8,10.26,100.0
2026-06-05,REST001,GreenBite Kitchen,P003,Rice,Dry Goods,355,0,64,64,0,1,290,4,0.8,2.8,179.2,19.4,Friday,0,0,18,0,No Action,0.8,1.54,100.0
2026-06-05,REST001,GreenBite Kitchen,P004,Milk,Dairy,117,0,43,43,0,4,70,2,1.0,2.4,103.2,19.4,Friday,0,0,10,18,Auto-Order,4.0,8.51,100.0
2026-06-05,REST001,GreenBite Kitchen,P005,Cheese,Dairy,89,0,34,34,0,4,51,3,2.8,6.5,221.0,19.4,Friday,0,0,8,27,Auto-Order,11.2,10.53,100.0
2026-06-05,REST001,GreenBite Kitchen,P006,Potatoes,Vegetables,172,0,58,58,0,7,107,2,0.7,2.5,145.0,19.4,Friday,0,0,14,14,Auto-Order,4.9,10.77,100.0
2026-06-05,REST001,GreenBite Kitchen,P007,Bread,Bakery,81,0,52,52,0,6,23,1,1.2,3.0,156.0,19.4,Friday,0,0,12,58,Manager Review,7.2,10.34,100.0
2026-06-05,REST001,GreenBite Kitchen,P008,Salmon Fillet,Seafood,63,0,26,26,0,3,34,2,6.5,14.5,377.0,19.4,Friday,0,0,6,17,Auto-Order,19.5,10.34,100.0
2026-06-05,REST001,GreenBite Kitchen,P009,Avocado,Vegetables,44,74,31,31,0,6,81,2,1.5,4.2,130.2,19.4,Friday,0,0,7,0,No Action,9.0,16.22,100.0
2026-06-05,REST001,GreenBite Kitchen,P010,Pasta,Dry Goods,119,203,57,57,0,2,263,4,0.9,3.0,171.0,19.4,Friday,0,0,14,0,No Action,1.8,3.39,100.0
2026-06-06,REST001,GreenBite Kitchen,P001,Chicken Breast,Meat,118,128,52,52,0,9,185,3,4.2,9.5,494.0,17.0,Saturday,1,0,12,0,No Action,37.8,14.75,100.0
2026-06-06,REST001,GreenBite Kitchen,P002,Tomatoes,Vegetables,93,155,70,70,0,13,165,2,1.1,3.2,224.0,17.0,Saturday,1,0,16,0,No Action,14.3,15.66,100.0
2026-06-06,REST001,GreenBite Kitchen,P003,Rice,Dry Goods,290,0,91,91,0,3,196,4,0.8,2.8,254.8,17.0,Saturday,1,0,18,0,No Action,2.4,3.19,100.0
2026-06-06,REST001,GreenBite Kitchen,P004,Milk,Dairy,70,104,48,48,0,5,121,2,1.0,2.4,115.2,17.0,Saturday,1,0,10,0,No Action,5.0,9.43,100.0
2026-06-06,REST001,GreenBite Kitchen,P005,Cheese,Dairy,51,110,38,38,0,4,119,3,2.8,6.5,247.0,17.0,Saturday,1,0,8,0,No Action,11.2,9.52,100.0
2026-06-06,REST001,GreenBite Kitchen,P006,Potatoes,Vegetables,107,131,67,67,0,8,163,2,0.7,2.5,167.5,17.0,Saturday,1,0,14,0,No Action,5.6,10.67,100.0
2026-06-06,REST001,GreenBite Kitchen,P007,Bread,Bakery,23,118,55,55,0,8,78,1,1.2,3.0,165.0,17.0,Saturday,1,0,12,3,Auto-Order,9.6,12.7,100.0
2026-06-06,REST001,GreenBite Kitchen,P008,Salmon Fillet,Seafood,34,60,27,27,0,5,62,2,6.5,14.5,391.5,17.0,Saturday,1,0,6,0,No Action,32.5,15.62,100.0
2026-06-06,REST001,GreenBite Kitchen,P009,Avocado,Vegetables,81,0,42,42,0,3,36,2,1.5,4.2,176.4,17.0,Saturday,1,1,7,25,Auto-Order,4.5,6.67,100.0
2026-06-06,REST001,GreenBite Kitchen,P010,Pasta,Dry Goods,263,0,72,72,0,2,189,4,0.9,3.0,216.0,17.0,Saturday,1,0,14,0,No Action,1.8,2.7,100.0
2026-06-07,REST001,GreenBite Kitchen,P001,Chicken Breast,Meat,185,0,59,59,0,7,119,3,4.2,9.5,560.5,17.1,Sunday,1,0,12,0,No Action,29.4,10.61,100.0
2026-06-07,REST001,GreenBite Kitchen,P002,Tomatoes,Vegetables,165,0,81,81,0,8,76,2,1.1,3.2,259.2,17.1,Sunday,1,0,16,39,Auto-Order,8.8,8.99,100.0
2026-06-07,REST001,GreenBite Kitchen,P003,Rice,Dry Goods,196,231,86,86,0,4,337,4,0.8,2.8,240.8,17.1,Sunday,1,0,18,0,No Action,3.2,4.44,100.0
2026-06-07,REST001,GreenBite Kitchen,P004,Milk,Dairy,121,0,53,53,0,4,64,2,1.0,2.4,127.2,17.1,Sunday,1,0,10,13,Auto-Order,4.0,7.02,100.0
2026-06-07,REST001,GreenBite Kitchen,P005,Cheese,Dairy,119,0,35,35,0,4,80,3,2.8,6.5,227.5,17.1,Sunday,1,0,8,0,No Action,11.2,10.26,100.0
2026-06-07,REST001,GreenBite Kitchen,P006,Potatoes,Vegetables,163,14,62,62,0,5,110,2,0.7,2.5,155.0,17.1,Sunday,1,0,14,0,No Action,3.5,7.46,100.0
2026-06-07,REST001,GreenBite Kitchen,P007,Bread,Bakery,78,0,52,52,0,4,22,1,1.2,3.0,156.0,17.1,Sunday,1,0,12,50,Auto-Order,4.8,7.14,100.0
2026-06-07,REST001,GreenBite Kitchen,P008,Salmon Fillet,Seafood,62,7,29,29,0,2,38,2,6.5,14.5,420.5,17.1,Sunday,1,0,6,6,Auto-Order,13.0,6.45,100.0
2026-06-07,REST001,GreenBite Kitchen,P009,Avocado,Vegetables,36,85,31,31,0,5,85,2,1.5,4.2,130.2,17.1,Sunday,1,0,7,0,No Action,7.5,13.89,100.0
2026-06-07,REST001,GreenBite Kitchen,P010,Pasta,Dry Goods,189,0,63,63,0,1,125,4,0.9,3.0,189.0,17.1,Sunday,1,0,14,0,No Action,0.9,1.56,100.0
2026-06-08,REST001,GreenBite Kitchen,P001,Chicken Breast,Meat,119,128,47,47,0,10,190,3,4.2,9.5,446.5,16.5,Monday,0,0,12,0,No Action,42.0,17.54,100.0
2026-06-08,REST001,GreenBite Kitchen,P002,Tomatoes,Vegetables,76,171,63,63,0,12,172,2,1.1,3.2,201.6,16.5,Monday,0,0,16,0,No Action,13.2,16.0,100.0
2026-06-08,REST001,GreenBite Kitchen,P003,Rice,Dry Goods,337,0,74,74,0,3,260,4,0.8,2.8,207.2,16.5,Monday,0,0,18,0,No Action,2.4,3.9,100.0
2026-06-08,REST001,GreenBite Kitchen,P004,Milk,Dairy,64,107,45,45,0,6,120,2,1.0,2.4,108.0,16.5,Monday,0,0,10,0,No Action,6.0,11.76,100.0
2026-06-08,REST001,GreenBite Kitchen,P005,Cheese,Dairy,80,84,36,36,0,5,123,3,2.8,6.5,234.0,16.5,Monday,0,0,8,0,No Action,14.0,12.2,100.0
2026-06-08,REST001,GreenBite Kitchen,P006,Potatoes,Vegetables,110,129,63,63,0,8,168,2,0.7,2.5,157.5,16.5,Monday,0,0,14,0,No Action,5.6,11.27,100.0
2026-06-08,REST001,GreenBite Kitchen,P007,Bread,Bakery,22,117,47,47,0,8,84,1,1.2,3.0,141.0,16.5,Monday,0,0,12,0,No Action,9.6,14.55,100.0
2026-06-08,REST001,GreenBite Kitchen,P008,Salmon Fillet,Seafood,38,55,28,28,0,4,61,2,6.5,14.5,406.0,16.5,Monday,0,0,6,0,No Action,26.0,12.5,100.0
2026-06-08,REST001,GreenBite Kitchen,P009,Avocado,Vegetables,85,0,29,29,0,4,52,2,1.5,4.2,121.8,16.5,Monday,0,0,7,1,Auto-Order,6.0,12.12,100.0
2026-06-08,REST001,GreenBite Kitchen,P010,Pasta,Dry Goods,125,198,54,54,0,2,267,4,0.9,3.0,162.0,16.5,Monday,0,0,14,0,No Action,1.8,3.57,100.0
2026-06-09,REST001,GreenBite Kitchen,P001,Chicken Breast,Meat,190,0,50,50,0,6,134,3,4.2,9.5,475.0,21.1,Tuesday,0,0,12,0,No Action,25.2,10.71,100.0
2026-06-09,REST001,GreenBite Kitchen,P002,Tomatoes,Vegetables,172,0,70,70,0,9,93,2,1.1,3.2,224.0,21.1,Tuesday,0,0,16,22,Auto-Order,9.9,11.39,100.0
2026-06-09,REST001,GreenBite Kitchen,P003,Rice,Dry Goods,260,0,73,73,0,2,185,4,0.8,2.8,204.4,21.1,Tuesday,0,0,18,0,No Action,1.6,2.67,100.0
2026-06-09,REST001,GreenBite Kitchen,P004,Milk,Dairy,120,0,44,44,0,6,70,2,1.0,2.4,105.6,21.1,Tuesday,0,0,10,7,Auto-Order,6.0,12.0,100.0
2026-06-09,REST001,GreenBite Kitchen,P005,Cheese,Dairy,123,0,30,30,0,4,89,3,2.8,6.5,195.0,21.1,Tuesday,0,0,8,0,No Action,11.2,11.76,100.0
2026-06-09,REST001,GreenBite Kitchen,P006,Potatoes,Vegetables,168,22,60,60,0,7,123,2,0.7,2.5,150.0,21.1,Tuesday,0,0,14,0,No Action,4.9,10.45,100.0
2026-06-09,REST001,GreenBite Kitchen,P007,Bread,Bakery,84,0,49,49,0,4,31,1,1.2,3.0,147.0,21.1,Tuesday,0,0,12,41,Auto-Order,4.8,7.55,100.0
2026-06-09,REST001,GreenBite Kitchen,P008,Salmon Fillet,Seafood,61,0,26,26,0,2,33,2,6.5,14.5,377.0,21.1,Tuesday,0,0,6,11,Auto-Order,13.0,7.14,100.0
2026-06-09,REST001,GreenBite Kitchen,P009,Avocado,Vegetables,52,64,34,34,0,5,77,2,1.5,4.2,142.8,21.1,Tuesday,0,0,7,0,No Action,7.5,12.82,100.0
2026-06-09,REST001,GreenBite Kitchen,P010,Pasta,Dry Goods,267,0,57,57,0,2,208,4,0.9,3.0,171.0,21.1,Tuesday,0,0,14,0,No Action,1.8,3.39,100.0
2026-06-10,REST001,GreenBite Kitchen,P001,Chicken Breast,Meat,134,0,51,51,0,5,78,3,4.2,9.5,484.5,17.7,Wednesday,0,0,12,25,Auto-Order,21.0,8.93,100.0
2026-06-10,REST001,GreenBite Kitchen,P002,Tomatoes,Vegetables,93,162,69,69,0,12,174,2,1.1,3.2,220.8,17.7,Wednesday,0,0,16,0,No Action,13.2,14.81,100.0
2026-06-10,REST001,GreenBite Kitchen,P003,Rice,Dry Goods,185,251,110,110,0,4,322,4,0.8,2.8,308.0,17.7,Wednesday,0,1,18,0,No Action,3.2,3.51,100.0
2026-06-10,REST001,GreenBite Kitchen,P004,Milk,Dairy,70,98,40,40,0,7,121,2,1.0,2.4,96.0,17.7,Wednesday,0,0,10,0,No Action,7.0,14.89,100.0
2026-06-10,REST001,GreenBite Kitchen,P005,Cheese,Dairy,89,0,38,38,0,4,47,3,2.8,6.5,247.0,17.7,Wednesday,0,1,8,22,Auto-Order,11.2,9.52,100.0
2026-06-10,REST001,GreenBite Kitchen,P006,Potatoes,Vegetables,123,0,58,58,0,4,61,2,0.7,2.5,145.0,17.7,Wednesday,0,0,14,46,Auto-Order,2.8,6.45,100.0
2026-06-10,REST001,GreenBite Kitchen,P007,Bread,Bakery,31,112,42,42,0,7,94,1,1.2,3.0,126.0,17.7,Wednesday,0,0,12,0,No Action,8.4,14.29,100.0
2026-06-10,REST001,GreenBite Kitchen,P008,Salmon Fillet,Seafood,33,58,25,25,0,5,61,2,6.5,14.5,362.5,17.7,Wednesday,0,0,6,0,No Action,32.5,16.67,100.0
2026-06-10,REST001,GreenBite Kitchen,P009,Avocado,Vegetables,77,0,27,27,0,2,48,2,1.5,4.2,113.4,17.7,Wednesday,0,0,7,5,Auto-Order,3.0,6.9,100.0
2026-06-10,REST001,GreenBite Kitchen,P010,Pasta,Dry Goods,208,0,74,74,0,1,133,4,0.9,3.0,222.0,17.7,Wednesday,0,1,14,0,No Action,0.9,1.33,100.0
2026-06-11,REST001,GreenBite Kitchen,P001,Chicken Breast,Meat,78,157,55,55,0,7,173,3,4.2,9.5,522.5,16.4,Thursday,0,0,12,0,No Action,29.4,11.29,100.0
2026-06-11,REST001,GreenBite Kitchen,P002,Tomatoes,Vegetables,174,0,68,68,0,10,96,2,1.1,3.2,217.6,16.4,Thursday,0,0,16,19,Auto-Order,11.0,12.82,100.0
2026-06-11,REST001,GreenBite Kitchen,P003,Rice,Dry Goods,322,0,72,72,0,4,246,4,0.8,2.8,201.6,16.4,Thursday,0,0,18,0,No Action,3.2,5.26,100.0
2026-06-11,REST001,GreenBite Kitchen,P004,Milk,Dairy,121,0,37,37,0,4,80,2,1.0,2.4,88.8,16.4,Thursday,0,0,10,0,No Action,4.0,9.76,100.0
2026-06-11,REST001,GreenBite Kitchen,P005,Cheese,Dairy,47,117,32,32,0,4,128,3,2.8,6.5,208.0,16.4,Thursday,0,0,8,0,No Action,11.2,11.11,100.0
2026-06-11,REST001,GreenBite Kitchen,P006,Potatoes,Vegetables,61,178,59,59,0,9,171,2,0.7,2.5,147.5,16.4,Thursday,0,0,14,0,No Action,6.3,13.24,100.0
2026-06-11,REST001,GreenBite Kitchen,P007,Bread,Bakery,94,0,54,54,0,4,36,1,1.2,3.0,162.0,16.4,Thursday,0,0,12,36,Auto-Order,4.8,6.9,100.0
2026-06-11,REST001,GreenBite Kitchen,P008,Salmon Fillet,Seafood,61,0,26,26,0,3,32,2,6.5,14.5,377.0,16.4,Thursday,0,0,6,12,Auto-Order,19.5,10.34,100.0
2026-06-11,REST001,GreenBite Kitchen,P009,Avocado,Vegetables,48,67,29,29,0,5,81,2,1.5,4.2,121.8,16.4,Thursday,0,0,7,0,No Action,7.5,14.71,100.0
2026-06-11,REST001,GreenBite Kitchen,P010,Pasta,Dry Goods,133,197,52,52,0,2,276,4,0.9,3.0,156.0,16.4,Thursday,0,0,14,0,No Action,1.8,3.7,100.0
2026-06-12,REST001,GreenBite Kitchen,P001,Chicken Breast,Meat,173,0,52,52,0,5,116,3,4.2,9.5,494.0,22.4,Friday,0,0,12,2,Auto-Order,21.0,8.77,100.0
2026-06-12,REST001,GreenBite Kitchen,P002,Tomatoes,Vegetables,96,159,74,74,0,13,168,2,1.1,3.2,236.8,22.4,Friday,0,0,16,0,No Action,14.3,14.94,100.0
2026-06-12,REST001,GreenBite Kitchen,P003,Rice,Dry Goods,246,0,79,79,0,2,165,4,0.8,2.8,221.2,22.4,Friday,0,0,18,13,Auto-Order,1.6,2.47,100.0
2026-06-12,REST001,GreenBite Kitchen,P004,Milk,Dairy,80,94,43,43,0,6,125,2,1.0,2.4,103.2,22.4,Friday,0,0,10,0,No Action,6.0,12.24,100.0
2026-06-12,REST001,GreenBite Kitchen,P005,Cheese,Dairy,128,0,33,33,0,4,91,3,2.8,6.5,214.5,22.4,Friday,0,0,8,0,No Action,11.2,10.81,100.0
2026-06-12,REST001,GreenBite Kitchen,P006,Potatoes,Vegetables,171,0,64,64,0,5,102,2,0.7,2.5,160.0,22.4,Friday,0,0,14,19,Auto-Order,3.5,7.25,100.0
2026-06-12,REST001,GreenBite Kitchen,P007,Bread,Bakery,36,98,43,43,0,7,84,1,1.2,3.0,129.0,22.4,Friday,0,0,12,0,No Action,8.4,14.0,100.0
2026-06-12,REST001,GreenBite Kitchen,P008,Salmon Fillet,Seafood,32,61,28,28,0,3,62,2,6.5,14.5,406.0,22.4,Friday,0,0,6,0,No Action,19.5,9.68,100.0
2026-06-12,REST001,GreenBite Kitchen,P009,Avocado,Vegetables,81,0,32,32,0,4,45,2,1.5,4.2,134.4,22.4,Friday,0,0,7,16,Auto-Order,6.0,11.11,100.0
2026-06-12,REST001,GreenBite Kitchen,P010,Pasta,Dry Goods,276,0,56,56,0,4,216,4,0.9,3.0,168.0,22.4,Friday,0,0,14,0,No Action,3.6,6.67,100.0
2026-06-13,REST001,GreenBite Kitchen,P001,Chicken Breast,Meat,116,119,59,59,0,8,168,3,4.2,9.5,560.5,20.2,Saturday,1,0,12,0,No Action,33.6,11.94,100.0
2026-06-13,REST001,GreenBite Kitchen,P002,Tomatoes,Vegetables,168,0,81,81,0,8,79,2,1.1,3.2,259.2,20.2,Saturday,1,0,16,52,Auto-Order,8.8,8.99,100.0
2026-06-13,REST001,GreenBite Kitchen,P003,Rice,Dry Goods,165,268,91,91,0,4,338,4,0.8,2.8,254.8,20.2,Saturday,1,0,18,0,No Action,3.2,4.21,100.0
2026-06-13,REST001,GreenBite Kitchen,P004,Milk,Dairy,125,0,49,49,0,6,70,2,1.0,2.4,117.6,20.2,Saturday,1,0,10,18,Auto-Order,6.0,10.91,100.0
2026-06-13,REST001,GreenBite Kitchen,P005,Cheese,Dairy,91,0,33,33,0,3,55,3,2.8,6.5,214.5,20.2,Saturday,1,0,8,23,Auto-Order,8.4,8.33,100.0
2026-06-13,REST001,GreenBite Kitchen,P006,Potatoes,Vegetables,102,134,63,63,0,10,163,2,0.7,2.5,157.5,20.2,Saturday,1,0,14,0,No Action,7.0,13.7,100.0
2026-06-13,REST001,GreenBite Kitchen,P007,Bread,Bakery,84,0,65,65,0,3,16,1,1.2,3.0,195.0,20.2,Saturday,1,0,12,65,Manager Review,3.6,4.41,100.0
2026-06-13,REST001,GreenBite Kitchen,P008,Salmon Fillet,Seafood,62,0,35,35,0,2,25,2,6.5,14.5,507.5,20.2,Saturday,1,0,6,26,Auto-Order,13.0,5.41,100.0
2026-06-13,REST001,GreenBite Kitchen,P009,Avocado,Vegetables,45,78,41,41,0,5,77,2,1.5,4.2,172.2,20.2,Saturday,1,0,7,0,No Action,7.5,10.87,100.0
2026-06-13,REST001,GreenBite Kitchen,P010,Pasta,Dry Goods,216,0,64,64,0,2,150,4,0.9,3.0,192.0,20.2,Saturday,1,0,14,0,No Action,1.8,3.03,100.0
2026-06-14,REST001,GreenBite Kitchen,P001,Chicken Breast,Meat,168,0,55,55,0,8,105,3,4.2,9.5,522.5,20.4,Sunday,1,0,12,0,No Action,33.6,12.7,100.0
2026-06-14,REST001,GreenBite Kitchen,P002,Tomatoes,Vegetables,79,174,72,72,0,12,169,2,1.1,3.2,230.4,20.4,Sunday,1,0,16,0,No Action,13.2,14.29,100.0
2026-06-14,REST001,GreenBite Kitchen,P003,Rice,Dry Goods,338,0,84,84,0,3,251,4,0.8,2.8,235.2,20.4,Sunday,1,0,18,0,No Action,2.4,3.45,100.0
2026-06-14,REST001,GreenBite Kitchen,P004,Milk,Dairy,70,98,59,59,0,5,104,2,1.0,2.4,141.6,20.4,Sunday,1,1,10,0,No Action,5.0,7.81,100.0
2026-06-14,REST001,GreenBite Kitchen,P005,Cheese,Dairy,55,112,40,40,0,4,123,3,2.8,6.5,260.0,20.4,Sunday,1,0,8,0,No Action,11.2,9.09,100.0
2026-06-14,REST001,GreenBite Kitchen,P006,Potatoes,Vegetables,163,0,65,65,0,6,92,2,0.7,2.5,162.5,20.4,Sunday,1,0,14,15,Auto-Order,4.2,8.45,100.0
2026-06-14,REST001,GreenBite Kitchen,P007,Bread,Bakery,16,123,46,46,0,9,84,1,1.2,3.0,138.0,20.4,Sunday,1,0,12,0,No Action,10.8,16.36,100.0
2026-06-14,REST001,GreenBite Kitchen,P008,Salmon Fillet,Seafood,25,77,34,34,0,5,63,2,6.5,14.5,493.0,20.4,Sunday,1,0,6,0,No Action,32.5,12.82,100.0
2026-06-14,REST001,GreenBite Kitchen,P009,Avocado,Vegetables,77,0,40,40,0,3,34,2,1.5,4.2,168.0,20.4,Sunday,1,0,7,19,Auto-Order,4.5,6.98,100.0
2026-06-14,REST001,GreenBite Kitchen,P010,Pasta,Dry Goods,150,172,62,62,0,4,256,4,0.9,3.0,186.0,20.4,Sunday,1,0,14,0,No Action,3.6,6.06,100.0
2026-06-15,REST001,GreenBite Kitchen,P001,Chicken Breast,Meat,105,142,42,42,0,7,198,3,4.2,9.5,399.0,20.9,Monday,0,0,12,0,No Action,29.4,14.29,100.0
2026-06-15,REST001,GreenBite Kitchen,P002,Tomatoes,Vegetables,169,0,65,65,0,8,96,2,1.1,3.2,208.0,20.9,Monday,0,0,16,19,Auto-Order,8.8,10.96,100.0
2026-06-15,REST001,GreenBite Kitchen,P003,Rice,Dry Goods,251,0,78,78,0,3,170,4,0.8,2.8,218.4,20.9,Monday,0,0,18,0,No Action,2.4,3.7,100.0
2026-06-15,REST001,GreenBite Kitchen,P004,Milk,Dairy,104,0,43,43,0,3,58,2,1.0,2.4,103.2,20.9,Monday,0,0,10,19,Auto-Order,3.0,6.52,100.0
2026-06-15,REST001,GreenBite Kitchen,P005,Cheese,Dairy,123,0,30,30,0,3,90,3,2.8,6.5,195.0,20.9,Monday,0,0,8,0,No Action,8.4,9.09,100.0
2026-06-15,REST001,GreenBite Kitchen,P006,Potatoes,Vegetables,92,137,75,75,0,7,147,2,0.7,2.5,187.5,20.9,Monday,0,1,14,0,No Action,4.9,8.54,100.0
2026-06-15,REST001,GreenBite Kitchen,P007,Bread,Bakery,84,0,54,54,0,4,26,1,1.2,3.0,162.0,20.9,Monday,0,1,12,46,Auto-Order,4.8,6.9,100.0
2026-06-15,REST001,GreenBite Kitchen,P008,Salmon Fillet,Seafood,63,0,26,26,0,2,35,2,6.5,14.5,377.0,20.9,Monday,0,0,6,9,Auto-Order,13.0,7.14,100.0
2026-06-15,REST001,GreenBite Kitchen,P009,Avocado,Vegetables,34,87,30,30,0,5,86,2,1.5,4.2,126.0,20.9,Monday,0,0,7,0,No Action,7.5,14.29,100.0
2026-06-15,REST001,GreenBite Kitchen,P010,Pasta,Dry Goods,256,0,60,60,0,4,192,4,0.9,3.0,180.0,20.9,Monday,0,0,14,0,No Action,3.6,6.25,100.0
2026-06-16,REST001,GreenBite Kitchen,P001,Chicken Breast,Meat,198,0,53,53,0,8,137,3,4.2,9.5,503.5,18.0,Tuesday,0,0,12,0,No Action,33.6,13.11,100.0
2026-06-16,REST001,GreenBite Kitchen,P002,Tomatoes,Vegetables,96,149,59,59,0,12,174,2,1.1,3.2,188.8,18.0,Tuesday,0,0,16,0,No Action,13.2,16.9,100.0
2026-06-16,REST001,GreenBite Kitchen,P003,Rice,Dry Goods,170,269,67,67,0,2,370,4,0.8,2.8,187.6,18.0,Tuesday,0,0,18,0,No Action,1.6,2.9,100.0
2026-06-16,REST001,GreenBite Kitchen,P004,Milk,Dairy,58,106,39,39,0,6,119,2,1.0,2.4,93.6,18.0,Tuesday,0,0,10,0,No Action,6.0,13.33,100.0
2026-06-16,REST001,GreenBite Kitchen,P005,Cheese,Dairy,90,0,31,31,0,3,56,3,2.8,6.5,201.5,18.0,Tuesday,0,0,8,13,Auto-Order,8.4,8.82,100.0
2026-06-16,REST001,GreenBite Kitchen,P006,Potatoes,Vegetables,147,0,63,63,0,6,78,2,0.7,2.5,157.5,18.0,Tuesday,0,0,14,29,Auto-Order,4.2,8.7,100.0
2026-06-16,REST001,GreenBite Kitchen,P007,Bread,Bakery,26,109,40,40,0,8,87,1,1.2,3.0,120.0,18.0,Tuesday,0,0,12,0,No Action,9.6,16.67,100.0
2026-06-16,REST001,GreenBite Kitchen,P008,Salmon Fillet,Seafood,35,67,24,24,0,4,74,2,6.5,14.5,348.0,18.0,Tuesday,0,0,6,0,No Action,26.0,14.29,100.0
2026-06-16,REST001,GreenBite Kitchen,P009,Avocado,Vegetables,86,0,28,28,0,4,54,2,1.5,4.2,117.6,18.0,Tuesday,0,0,7,0,No Action,6.0,12.5,100.0
2026-06-16,REST001,GreenBite Kitchen,P010,Pasta,Dry Goods,192,0,56,56,0,1,135,4,0.9,3.0,168.0,18.0,Tuesday,0,0,14,0,No Action,0.9,1.75,100.0
2026-06-17,REST001,GreenBite Kitchen,P001,Chicken Breast,Meat,137,0,59,59,0,6,72,3,4.2,9.5,560.5,18.7,Wednesday,0,0,12,31,Auto-Order,25.2,9.23,100.0
2026-06-17,REST001,GreenBite Kitchen,P002,Tomatoes,Vegetables,174,0,76,76,0,8,90,2,1.1,3.2,243.2,18.7,Wednesday,0,0,16,25,Auto-Order,8.8,9.52,100.0
2026-06-17,REST001,GreenBite Kitchen,P003,Rice,Dry Goods,370,30,66,66,0,5,329,4,0.8,2.8,184.8,18.7,Wednesday,0,0,18,0,No Action,4.0,7.04,100.0
2026-06-17,REST001,GreenBite Kitchen,P004,Milk,Dairy,119,0,41,41,0,4,74,2,1.0,2.4,98.4,18.7,Wednesday,0,0,10,3,Auto-Order,4.0,8.89,100.0
2026-06-17,REST001,GreenBite Kitchen,P005,Cheese,Dairy,56,100,32,32,0,5,119,3,2.8,6.5,208.0,18.7,Wednesday,0,0,8,0,No Action,14.0,13.51,100.0
2026-06-17,REST001,GreenBite Kitchen,P006,Potatoes,Vegetables,78,149,62,62,0,9,156,2,0.7,2.5,155.0,18.7,Wednesday,0,0,14,0,No Action,6.3,12.68,100.0
2026-06-17,REST001,GreenBite Kitchen,P007,Bread,Bakery,87,0,44,44,0,4,39,1,1.2,3.0,132.0,18.7,Wednesday,0,0,12,33,Auto-Order,4.8,8.33,100.0
2026-06-17,REST001,GreenBite Kitchen,P008,Salmon Fillet,Seafood,74,8,28,28,0,4,50,2,6.5,14.5,406.0,18.7,Wednesday,0,0,6,0,No Action,26.0,12.5,100.0
2026-06-17,REST001,GreenBite Kitchen,P009,Avocado,Vegetables,54,57,43,43,0,4,64,2,1.5,4.2,180.6,18.7,Wednesday,0,1,7,0,No Action,6.0,8.51,100.0
2026-06-17,REST001,GreenBite Kitchen,P010,Pasta,Dry Goods,135,185,55,55,0,3,262,4,0.9,3.0,165.0,18.7,Wednesday,0,0,14,0,No Action,2.7,5.17,100.0
2026-06-18,REST001,GreenBite Kitchen,P001,Chicken Breast,Meat,72,169,54,54,0,7,180,3,4.2,9.5,513.0,18.4,Thursday,0,0,12,0,No Action,29.4,11.48,100.0
2026-06-18,REST001,GreenBite Kitchen,P002,Tomatoes,Vegetables,90,157,70,70,0,12,165,2,1.1,3.2,224.0,18.4,Thursday,0,0,16,0,No Action,13.2,14.63,100.0
2026-06-18,REST001,GreenBite Kitchen,P003,Rice,Dry Goods,329,0,71,71,0,3,255,4,0.8,2.8,198.8,18.4,Thursday,0,0,18,0,No Action,2.4,4.05,100.0
2026-06-18,REST001,GreenBite Kitchen,P004,Milk,Dairy,74,95,43,43,0,7,119,2,1.0,2.4,103.2,18.4,Thursday,0,0,10,0,No Action,7.0,14.0,100.0
2026-06-18,REST001,GreenBite Kitchen,P005,Cheese,Dairy,119,0,34,34,0,3,82,3,2.8,6.5,221.0,18.4,Thursday,0,0,8,0,No Action,8.4,8.11,100.0
2026-06-18,REST001,GreenBite Kitchen,P006,Potatoes,Vegetables,156,0,56,56,0,6,94,2,0.7,2.5,140.0,18.4,Thursday,0,0,14,13,Auto-Order,4.2,9.68,100.0
2026-06-18,REST001,GreenBite Kitchen,P007,Bread,Bakery,39,103,54,54,0,9,79,1,1.2,3.0,162.0,18.4,Thursday,0,0,12,0,No Action,10.8,14.29,100.0
2026-06-18,REST001,GreenBite Kitchen,P008,Salmon Fillet,Seafood,50,0,27,27,0,2,21,2,6.5,14.5,391.5,18.4,Thursday,0,0,6,23,Auto-Order,13.0,6.9,100.0
2026-06-18,REST001,GreenBite Kitchen,P009,Avocado,Vegetables,64,0,33,33,0,4,27,2,1.5,4.2,138.6,18.4,Thursday,0,0,7,26,Auto-Order,6.0,10.81,100.0
2026-06-18,REST001,GreenBite Kitchen,P010,Pasta,Dry Goods,262,0,55,55,0,2,205,4,0.9,3.0,165.0,18.4,Thursday,0,0,14,0,No Action,1.8,3.51,100.0
2026-06-19,REST001,GreenBite Kitchen,P001,Chicken Breast,Meat,180,0,46,46,0,5,129,3,4.2,9.5,437.0,20.9,Friday,0,0,12,0,No Action,21.0,9.8,100.0
2026-06-19,REST001,GreenBite Kitchen,P002,Tomatoes,Vegetables,165,0,74,74,0,8,83,2,1.1,3.2,236.8,20.9,Friday,0,0,16,48,Auto-Order,8.8,9.76,100.0
2026-06-19,REST001,GreenBite Kitchen,P003,Rice,Dry Goods,255,0,69,69,0,2,184,4,0.8,2.8,193.2,20.9,Friday,0,0,18,0,No Action,1.6,2.82,100.0
2026-06-19,REST001,GreenBite Kitchen,P004,Milk,Dairy,119,0,44,44,0,3,72,2,1.0,2.4,105.6,20.9,Friday,0,0,10,16,Auto-Order,3.0,6.38,100.0
2026-06-19,REST001,GreenBite Kitchen,P005,Cheese,Dairy,82,73,32,32,0,5,118,3,2.8,6.5,208.0,20.9,Friday,0,0,8,0,No Action,14.0,13.51,100.0
2026-06-19,REST001,GreenBite Kitchen,P006,Potatoes,Vegetables,94,138,50,50,0,8,174,2,0.7,2.5,125.0,20.9,Friday,0,0,14,0,No Action,5.6,13.79,100.0
2026-06-19,REST001,GreenBite Kitchen,P007,Bread,Bakery,79,0,47,47,0,4,28,1,1.2,3.0,141.0,20.9,Friday,0,0,12,53,Manager Review,4.8,7.84,100.0
2026-06-19,REST001,GreenBite Kitchen,P008,Salmon Fillet,Seafood,21,73,26,26,0,6,62,2,6.5,14.5,377.0,20.9,Friday,0,0,6,0,No Action,39.0,18.75,100.0
2026-06-19,REST001,GreenBite Kitchen,P009,Avocado,Vegetables,27,93,31,31,0,6,83,2,1.5,4.2,130.2,20.9,Friday,0,0,7,0,No Action,9.0,16.22,100.0
2026-06-19,REST001,GreenBite Kitchen,P010,Pasta,Dry Goods,205,24,55,55,0,2,172,4,0.9,3.0,165.0,20.9,Friday,0,0,14,0,No Action,1.8,3.51,100.0
2026-06-20,REST001,GreenBite Kitchen,P001,Chicken Breast,Meat,129,110,53,53,0,8,178,3,4.2,9.5,503.5,15.8,Saturday,1,0,12,0,No Action,33.6,13.11,100.0
2026-06-20,REST001,GreenBite Kitchen,P002,Tomatoes,Vegetables,83,164,71,71,0,12,164,2,1.1,3.2,227.2,15.8,Saturday,1,0,16,0,No Action,13.2,14.46,100.0
2026-06-20,REST001,GreenBite Kitchen,P003,Rice,Dry Goods,184,255,82,82,0,4,353,4,0.8,2.8,229.6,15.8,Saturday,1,0,18,0,No Action,3.2,4.65,100.0
2026-06-20,REST001,GreenBite Kitchen,P004,Milk,Dairy,72,92,51,51,0,6,107,2,1.0,2.4,122.4,15.8,Saturday,1,0,10,0,No Action,6.0,10.53,100.0
2026-06-20,REST001,GreenBite Kitchen,P005,Cheese,Dairy,118,0,30,30,0,3,85,3,2.8,6.5,195.0,15.8,Saturday,1,0,8,0,No Action,8.4,9.09,100.0
2026-06-20,REST001,GreenBite Kitchen,P006,Potatoes,Vegetables,174,0,68,68,0,7,99,2,0.7,2.5,170.0,15.8,Saturday,1,0,14,22,Auto-Order,4.9,9.33,100.0
2026-06-20,REST001,GreenBite Kitchen,P007,Bread,Bakery,28,108,55,55,0,7,74,1,1.2,3.0,165.0,15.8,Saturday,1,0,12,7,Auto-Order,8.4,11.29,100.0
2026-06-20,REST001,GreenBite Kitchen,P008,Salmon Fillet,Seafood,62,0,28,28,0,3,31,2,6.5,14.5,406.0,15.8,Saturday,1,0,6,20,Auto-Order,19.5,9.68,100.0
2026-06-20,REST001,GreenBite Kitchen,P009,Avocado,Vegetables,83,0,37,37,0,3,43,2,1.5,4.2,155.4,15.8,Saturday,1,0,7,18,Auto-Order,4.5,7.5,100.0
2026-06-20,REST001,GreenBite Kitchen,P010,Pasta,Dry Goods,172,154,60,60,0,4,262,4,0.9,3.0,180.0,15.8,Saturday,1,0,14,0,No Action,3.6,6.25,100.0
2026-06-21,REST001,GreenBite Kitchen,P001,Chicken Breast,Meat,178,18,55,55,0,5,136,3,4.2,9.5,522.5,20.8,Sunday,1,0,12,0,No Action,21.0,8.33,100.0
2026-06-21,REST001,GreenBite Kitchen,P002,Tomatoes,Vegetables,164,0,78,78,0,10,76,2,1.1,3.2,249.6,20.8,Sunday,1,0,16,39,Auto-Order,11.0,11.36,100.0
2026-06-21,REST001,GreenBite Kitchen,P003,Rice,Dry Goods,353,0,90,90,0,3,260,4,0.8,2.8,252.0,20.8,Sunday,1,0,18,0,No Action,2.4,3.23,100.0
2026-06-21,REST001,GreenBite Kitchen,P004,Milk,Dairy,107,0,52,52,0,4,51,2,1.0,2.4,124.8,20.8,Sunday,1,0,10,26,Auto-Order,4.0,7.14,100.0
2026-06-21,REST001,GreenBite Kitchen,P005,Cheese,Dairy,85,73,34,34,0,5,119,3,2.8,6.5,221.0,20.8,Sunday,1,0,8,0,No Action,14.0,12.82,100.0
2026-06-21,REST001,GreenBite Kitchen,P006,Potatoes,Vegetables,99,138,68,68,0,8,161,2,0.7,2.5,170.0,20.8,Sunday,1,0,14,0,No Action,5.6,10.53,100.0
2026-06-21,REST001,GreenBite Kitchen,P007,Bread,Bakery,74,24,68,68,0,6,24,1,1.2,3.0,204.0,20.8,Sunday,1,1,12,48,Auto-Order,7.2,8.11,100.0
2026-06-21,REST001,GreenBite Kitchen,P008,Salmon Fillet,Seafood,31,62,33,33,0,3,57,2,6.5,14.5,478.5,20.8,Sunday,1,0,6,0,No Action,19.5,8.33,100.0
2026-06-21,REST001,GreenBite Kitchen,P009,Avocado,Vegetables,43,70,38,38,0,7,68,2,1.5,4.2,159.6,20.8,Sunday,1,0,7,0,No Action,10.5,15.56,100.0
2026-06-21,REST001,GreenBite Kitchen,P010,Pasta,Dry Goods,262,0,61,61,0,2,199,4,0.9,3.0,183.0,20.8,Sunday,1,0,14,0,No Action,1.8,3.17,100.0
2026-06-22,REST001,GreenBite Kitchen,P001,Chicken Breast,Meat,136,0,47,47,0,3,86,3,4.2,9.5,446.5,21.0,Monday,0,0,12,17,Auto-Order,12.6,6.0,100.0
2026-06-22,REST001,GreenBite Kitchen,P002,Tomatoes,Vegetables,76,171,83,83,0,12,152,2,1.1,3.2,265.6,21.0,Monday,0,0,16,0,No Action,13.2,12.63,100.0
2026-06-22,REST001,GreenBite Kitchen,P003,Rice,Dry Goods,260,0,67,67,0,3,190,4,0.8,2.8,187.6,21.0,Monday,0,0,18,0,No Action,2.4,4.29,100.0
2026-06-22,REST001,GreenBite Kitchen,P004,Milk,Dairy,51,113,40,40,0,5,119,2,1.0,2.4,96.0,21.0,Monday,0,0,10,0,No Action,5.0,11.11,100.0
2026-06-22,REST001,GreenBite Kitchen,P005,Cheese,Dairy,119,0,35,35,0,3,81,3,2.8,6.5,227.5,21.0,Monday,0,0,8,0,No Action,8.4,7.89,100.0
2026-06-22,REST001,GreenBite Kitchen,P006,Potatoes,Vegetables,161,0,57,57,0,5,99,2,0.7,2.5,142.5,21.0,Monday,0,0,14,8,Auto-Order,3.5,8.06,100.0
2026-06-22,REST001,GreenBite Kitchen,P007,Bread,Bakery,24,120,48,48,0,7,89,1,1.2,3.0,144.0,21.0,Monday,0,0,12,0,No Action,8.4,12.73,100.0
2026-06-22,REST001,GreenBite Kitchen,P008,Salmon Fillet,Seafood,57,0,25,25,0,3,29,2,6.5,14.5,362.5,21.0,Monday,0,0,6,15,Auto-Order,19.5,10.71,100.0
2026-06-22,REST001,GreenBite Kitchen,P009,Avocado,Vegetables,68,0,32,32,0,4,32,2,1.5,4.2,134.4,21.0,Monday,0,0,7,21,Auto-Order,6.0,11.11,100.0
2026-06-22,REST001,GreenBite Kitchen,P010,Pasta,Dry Goods,199,0,56,56,0,1,142,4,0.9,3.0,168.0,21.0,Monday,0,0,14,0,No Action,0.9,1.75,100.0
2026-06-23,REST001,GreenBite Kitchen,P001,Chicken Breast,Meat,86,157,53,53,0,7,183,3,4.2,9.5,503.5,18.2,Tuesday,0,0,12,0,No Action,29.4,11.67,100.0
2026-06-23,REST001,GreenBite Kitchen,P002,Tomatoes,Vegetables,152,0,95,95,0,5,52,2,1.1,3.2,304.0,18.2,Tuesday,0,1,16,63,Auto-Order,5.5,5.0,100.0
2026-06-23,REST001,GreenBite Kitchen,P003,Rice,Dry Goods,190,237,78,78,0,4,345,4,0.8,2.8,218.4,18.2,Tuesday,0,0,18,0,No Action,3.2,4.88,100.0
2026-06-23,REST001,GreenBite Kitchen,P004,Milk,Dairy,119,0,39,39,0,3,77,2,1.0,2.4,93.6,18.2,Tuesday,0,0,10,0,No Action,3.0,7.14,100.0
2026-06-23,REST001,GreenBite Kitchen,P005,Cheese,Dairy,81,77,33,33,0,5,120,3,2.8,6.5,214.5,18.2,Tuesday,0,0,8,0,No Action,14.0,13.16,100.0
2026-06-23,REST001,GreenBite Kitchen,P006,Potatoes,Vegetables,99,133,60,60,0,8,164,2,0.7,2.5,150.0,18.2,Tuesday,0,0,14,0,No Action,5.6,11.76,100.0
2026-06-23,REST001,GreenBite Kitchen,P007,Bread,Bakery,89,0,51,51,0,6,32,1,1.2,3.0,153.0,18.2,Tuesday,0,0,12,40,Auto-Order,7.2,10.53,100.0
2026-06-23,REST001,GreenBite Kitchen,P008,Salmon Fillet,Seafood,29,70,27,27,0,4,68,2,6.5,14.5,391.5,18.2,Tuesday,0,0,6,0,No Action,26.0,12.9,100.0
2026-06-23,REST001,GreenBite Kitchen,P009,Avocado,Vegetables,32,83,32,32,0,4,79,2,1.5,4.2,134.4,18.2,Tuesday,0,0,7,0,No Action,6.0,11.11,100.0
2026-06-23,REST001,GreenBite Kitchen,P010,Pasta,Dry Goods,142,186,56,56,0,4,268,4,0.9,3.0,168.0,18.2,Tuesday,0,0,14,0,No Action,3.6,6.67,100.0
2026-06-24,REST001,GreenBite Kitchen,P001,Chicken Breast,Meat,183,0,56,56,0,6,121,3,4.2,9.5,532.0,19.0,Wednesday,0,0,12,0,No Action,25.2,9.68,100.0
2026-06-24,REST001,GreenBite Kitchen,P002,Tomatoes,Vegetables,52,196,65,65,0,12,171,2,1.1,3.2,208.0,19.0,Wednesday,0,0,16,0,No Action,13.2,15.58,100.0
2026-06-24,REST001,GreenBite Kitchen,P003,Rice,Dry Goods,345,0,75,75,0,2,268,4,0.8,2.8,210.0,19.0,Wednesday,0,0,18,0,No Action,1.6,2.6,100.0
2026-06-24,REST001,GreenBite Kitchen,P004,Milk,Dairy,77,89,50,50,0,6,110,2,1.0,2.4,120.0,19.0,Wednesday,0,0,10,0,No Action,6.0,10.71,100.0
2026-06-24,REST001,GreenBite Kitchen,P005,Cheese,Dairy,120,0,33,33,0,4,83,3,2.8,6.5,214.5,19.0,Wednesday,0,0,8,0,No Action,11.2,10.81,100.0
2026-06-24,REST001,GreenBite Kitchen,P006,Potatoes,Vegetables,164,0,61,61,0,7,96,2,0.7,2.5,152.5,19.0,Wednesday,0,0,14,11,Auto-Order,4.9,10.29,100.0
2026-06-24,REST001,GreenBite Kitchen,P007,Bread,Bakery,32,112,43,43,0,8,93,1,1.2,3.0,129.0,19.0,Wednesday,0,0,12,0,No Action,9.6,15.69,100.0
2026-06-24,REST001,GreenBite Kitchen,P008,Salmon Fillet,Seafood,68,0,27,27,0,2,39,2,6.5,14.5,391.5,19.0,Wednesday,0,0,6,5,Auto-Order,13.0,6.9,100.0
2026-06-24,REST001,GreenBite Kitchen,P009,Avocado,Vegetables,79,0,34,34,0,4,41,2,1.5,4.2,142.8,19.0,Wednesday,0,0,7,12,Auto-Order,6.0,10.53,100.0
2026-06-24,REST001,GreenBite Kitchen,P010,Pasta,Dry Goods,268,0,59,59,0,3,206,4,0.9,3.0,177.0,19.0,Wednesday,0,0,14,0,No Action,2.7,4.84,100.0
2026-06-25,REST001,GreenBite Kitchen,P001,Chicken Breast,Meat,121,119,54,54,0,8,178,3,4.2,9.5,513.0,23.3,Thursday,0,0,12,0,No Action,33.6,12.9,100.0
2026-06-25,REST001,GreenBite Kitchen,P002,Tomatoes,Vegetables,171,0,81,81,0,9,81,2,1.1,3.2,259.2,23.3,Thursday,0,1,16,34,Auto-Order,9.9,10.0,100.0
2026-06-25,REST001,GreenBite Kitchen,P003,Rice,Dry Goods,268,0,70,70,0,1,197,4,0.8,2.8,196.0,23.3,Thursday,0,0,18,0,No Action,0.8,1.41,100.0
2026-06-25,REST001,GreenBite Kitchen,P004,Milk,Dairy,110,0,40,40,0,4,66,2,1.0,2.4,96.0,23.3,Thursday,0,0,10,11,Auto-Order,4.0,9.09,100.0
2026-06-25,REST001,GreenBite Kitchen,P005,Cheese,Dairy,83,83,33,33,0,5,128,3,2.8,6.5,214.5,23.3,Thursday,0,0,8,0,No Action,14.0,13.16,100.0
2026-06-25,REST001,GreenBite Kitchen,P006,Potatoes,Vegetables,96,135,67,67,0,8,156,2,0.7,2.5,167.5,23.3,Thursday,0,0,14,0,No Action,5.6,10.67,100.0
2026-06-25,REST001,GreenBite Kitchen,P007,Bread,Bakery,93,0,49,49,0,6,38,1,1.2,3.0,147.0,23.3,Thursday,0,0,12,34,Auto-Order,7.2,10.91,100.0
2026-06-25,REST001,GreenBite Kitchen,P008,Salmon Fillet,Seafood,39,56,25,25,0,4,66,2,6.5,14.5,362.5,23.3,Thursday,0,0,6,0,No Action,26.0,13.79,100.0
2026-06-25,REST001,GreenBite Kitchen,P009,Avocado,Vegetables,41,79,34,34,0,5,81,2,1.5,4.2,142.8,23.3,Thursday,0,0,7,0,No Action,7.5,12.82,100.0
2026-06-25,REST001,GreenBite Kitchen,P010,Pasta,Dry Goods,206,0,58,58,0,1,147,4,0.9,3.0,174.0,23.3,Thursday,0,0,14,0,No Action,0.9,1.69,100.0
2026-06-26,REST001,GreenBite Kitchen,P001,Chicken Breast,Meat,178,0,48,48,0,7,123,3,4.2,9.5,456.0,15.8,Friday,0,0,12,0,No Action,29.4,12.73,100.0
2026-06-26,REST001,GreenBite Kitchen,P002,Tomatoes,Vegetables,81,166,63,63,0,12,172,2,1.1,3.2,201.6,15.8,Friday,0,0,16,0,No Action,13.2,16.0,100.0
2026-06-26,REST001,GreenBite Kitchen,P003,Rice,Dry Goods,197,232,80,80,0,4,345,4,0.8,2.8,224.0,15.8,Friday,0,0,18,0,No Action,3.2,4.76,100.0
2026-06-26,REST001,GreenBite Kitchen,P004,Milk,Dairy,66,101,45,45,0,5,117,2,1.0,2.4,108.0,15.8,Friday,0,0,10,0,No Action,5.0,10.0,100.0
2026-06-26,REST001,GreenBite Kitchen,P005,Cheese,Dairy,128,0,32,32,0,2,94,3,2.8,6.5,208.0,15.8,Friday,0,0,8,0,No Action,5.6,5.88,100.0
2026-06-26,REST001,GreenBite Kitchen,P006,Potatoes,Vegetables,156,0,67,67,0,6,83,2,0.7,2.5,167.5,15.8,Friday,0,0,14,38,Auto-Order,4.2,8.22,100.0
2026-06-26,REST001,GreenBite Kitchen,P007,Bread,Bakery,38,105,53,53,0,7,83,1,1.2,3.0,159.0,15.8,Friday,0,0,12,0,No Action,8.4,11.67,100.0
2026-06-26,REST001,GreenBite Kitchen,P008,Salmon Fillet,Seafood,66,0,25,25,0,2,39,2,6.5,14.5,362.5,15.8,Friday,0,0,6,12,Auto-Order,13.0,7.41,100.0
2026-06-26,REST001,GreenBite Kitchen,P009,Avocado,Vegetables,81,0,28,28,0,3,50,2,1.5,4.2,117.6,15.8,Friday,0,0,7,11,Auto-Order,4.5,9.68,100.0
2026-06-26,REST001,GreenBite Kitchen,P010,Pasta,Dry Goods,147,173,64,64,0,2,254,4,0.9,3.0,192.0,15.8,Friday,0,1,14,0,No Action,1.8,3.03,100.0
2026-06-27,REST001,GreenBite Kitchen,P001,Chicken Breast,Meat,123,120,60,60,0,9,174,3,4.2,9.5,570.0,20.0,Saturday,1,0,12,0,No Action,37.8,13.04,100.0
2026-06-27,REST001,GreenBite Kitchen,P002,Tomatoes,Vegetables,172,0,80,80,0,9,83,2,1.1,3.2,256.0,20.0,Saturday,1,0,16,48,Auto-Order,9.9,10.11,100.0
2026-06-27,REST001,GreenBite Kitchen,P003,Rice,Dry Goods,345,0,100,100,0,2,243,4,0.8,2.8,280.0,20.0,Saturday,1,1,18,0,No Action,1.6,1.96,100.0
2026-06-27,REST001,GreenBite Kitchen,P004,Milk,Dairy,117,0,51,51,0,6,60,2,1.0,2.4,122.4,20.0,Saturday,1,0,10,28,Auto-Order,6.0,10.53,100.0
2026-06-27,REST001,GreenBite Kitchen,P005,Cheese,Dairy,94,0,36,36,0,2,56,3,2.8,6.5,234.0,20.0,Saturday,1,0,8,22,Auto-Order,5.6,5.26,100.0
2026-06-27,REST001,GreenBite Kitchen,P006,Potatoes,Vegetables,83,152,72,72,0,7,156,2,0.7,2.5,180.0,20.0,Saturday,1,0,14,0,No Action,4.9,8.86,100.0
2026-06-27,REST001,GreenBite Kitchen,P007,Bread,Bakery,83,0,61,61,0,5,17,1,1.2,3.0,183.0,20.0,Saturday,1,0,12,64,Manager Review,6.0,7.58,100.0
2026-06-27,REST001,GreenBite Kitchen,P008,Salmon Fillet,Seafood,39,54,33,33,0,4,56,2,6.5,14.5,478.5,20.0,Saturday,1,0,6,0,No Action,26.0,10.81,100.0
2026-06-27,REST001,GreenBite Kitchen,P009,Avocado,Vegetables,50,63,37,37,0,5,71,2,1.5,4.2,155.4,20.0,Saturday,1,0,7,0,No Action,7.5,11.9,100.0
2026-06-27,REST001,GreenBite Kitchen,P010,Pasta,Dry Goods,254,16,65,65,0,2,203,4,0.9,3.0,195.0,20.0,Saturday,1,0,14,0,No Action,1.8,2.99,100.0
2026-06-28,REST001,GreenBite Kitchen,P001,Chicken Breast,Meat,174,0,59,59,0,5,110,3,4.2,9.5,560.5,19.2,Sunday,1,0,12,0,No Action,21.0,7.81,100.0
2026-06-28,REST001,GreenBite Kitchen,P002,Tomatoes,Vegetables,83,160,81,81,0,10,152,2,1.1,3.2,259.2,19.2,Sunday,1,0,16,0,No Action,11.0,10.99,100.0
2026-06-28,REST001,GreenBite Kitchen,P003,Rice,Dry Goods,243,0,91,91,0,3,149,4,0.8,2.8,254.8,19.2,Sunday,1,0,18,6,Auto-Order,2.4,3.19,100.0
2026-06-28,REST001,GreenBite Kitchen,P004,Milk,Dairy,60,105,41,41,0,4,120,2,1.0,2.4,98.4,19.2,Sunday,1,0,10,0,No Action,4.0,8.89,100.0
2026-06-28,REST001,GreenBite Kitchen,P005,Cheese,Dairy,56,104,38,38,0,5,117,3,2.8,6.5,247.0,19.2,Sunday,1,0,8,0,No Action,14.0,11.63,100.0
2026-06-28,REST001,GreenBite Kitchen,P006,Potatoes,Vegetables,156,0,68,68,0,6,82,2,0.7,2.5,170.0,19.2,Sunday,1,0,14,25,Auto-Order,4.2,8.11,100.0
2026-06-28,REST001,GreenBite Kitchen,P007,Bread,Bakery,17,128,53,53,0,9,83,1,1.2,3.0,159.0,19.2,Sunday,1,0,12,0,No Action,10.8,14.52,100.0
2026-06-28,REST001,GreenBite Kitchen,P008,Salmon Fillet,Seafood,56,0,32,32,0,2,22,2,6.5,14.5,464.0,19.2,Sunday,1,0,6,22,Auto-Order,13.0,5.88,100.0
2026-06-28,REST001,GreenBite Kitchen,P009,Avocado,Vegetables,71,0,38,38,0,2,31,2,1.5,4.2,159.6,19.2,Sunday,1,0,7,22,Auto-Order,3.0,5.0,100.0
2026-06-28,REST001,GreenBite Kitchen,P010,Pasta,Dry Goods,203,0,67,67,0,2,134,4,0.9,3.0,201.0,19.2,Sunday,1,0,14,0,No Action,1.8,2.9,100.0
2026-06-29,REST001,GreenBite Kitchen,P001,Chicken Breast,Meat,110,131,47,47,0,10,184,3,4.2,9.5,446.5,22.2,Monday,0,0,12,0,No Action,42.0,17.54,100.0
2026-06-29,REST001,GreenBite Kitchen,P002,Tomatoes,Vegetables,152,0,77,77,0,8,67,2,1.1,3.2,246.4,22.2,Monday,0,0,16,48,Auto-Order,8.8,9.41,100.0
2026-06-29,REST001,GreenBite Kitchen,P003,Rice,Dry Goods,149,281,91,91,0,4,335,4,0.8,2.8,254.8,22.2,Monday,0,0,18,0,No Action,3.2,4.21,100.0
2026-06-29,REST001,GreenBite Kitchen,P004,Milk,Dairy,120,19,48,48,0,5,86,2,1.0,2.4,115.2,22.2,Monday,0,0,10,0,No Action,5.0,9.43,100.0
2026-06-29,REST001,GreenBite Kitchen,P005,Cheese,Dairy,117,0,35,35,0,2,80,3,2.8,6.5,227.5,22.2,Monday,0,0,8,0,No Action,5.6,5.41,100.0
2026-06-29,REST001,GreenBite Kitchen,P006,Potatoes,Vegetables,82,147,57,57,0,7,165,2,0.7,2.5,142.5,22.2,Monday,0,0,14,0,No Action,4.9,10.94,100.0
2026-06-29,REST001,GreenBite Kitchen,P007,Bread,Bakery,83,0,49,49,0,5,29,1,1.2,3.0,147.0,22.2,Monday,0,0,12,43,Auto-Order,6.0,9.26,100.0
2026-06-29,REST001,GreenBite Kitchen,P008,Salmon Fillet,Seafood,22,78,24,24,0,4,72,2,6.5,14.5,348.0,22.2,Monday,0,0,6,0,No Action,26.0,14.29,100.0
2026-06-29,REST001,GreenBite Kitchen,P009,Avocado,Vegetables,31,90,35,35,0,3,83,2,1.5,4.2,147.0,22.2,Monday,0,0,7,0,No Action,4.5,7.89,100.0
2026-06-29,REST001,GreenBite Kitchen,P010,Pasta,Dry Goods,134,193,61,61,0,2,264,4,0.9,3.0,183.0,22.2,Monday,0,0,14,0,No Action,1.8,3.17,100.0
2026-01-01,REST002,Urban Spoon Bistro,P001,Chicken Breast,Meat,75,164,44,44,0,9,186,3,4.2,9.5,418.0,0.3,Thursday,0,0,12,0,No Action,37.8,16.98,100.0
2026-01-01,REST002,Urban Spoon Bistro,P002,Tomatoes,Vegetables,96,148,61,61,0,12,171,2,1.1,3.2,195.2,0.3,Thursday,0,0,16,0,No Action,13.2,16.44,100.0
2026-01-01,REST002,Urban Spoon Bistro,P003,Rice,Dry Goods,85,343,71,71,0,2,355,4,0.8,2.8,198.8,0.3,Thursday,0,0,18,0,No Action,1.6,2.74,100.0
2026-01-01,REST002,Urban Spoon Bistro,P004,Milk,Dairy,64,109,42,42,0,6,125,2,1.0,2.4,100.8,0.3,Thursday,0,0,10,0,No Action,6.0,12.5,100.0
2026-01-01,REST002,Urban Spoon Bistro,P005,Cheese,Dairy,67,88,34,34,0,5,116,3,2.8,6.5,221.0,0.3,Thursday,0,0,8,0,No Action,14.0,12.82,100.0
2026-01-01,REST002,Urban Spoon Bistro,P006,Potatoes,Vegetables,95,134,54,54,0,9,166,2,0.7,2.5,135.0,0.3,Thursday,0,0,14,0,No Action,6.3,14.29,100.0
2026-01-01,REST002,Urban Spoon Bistro,P007,Bread,Bakery,87,0,44,44,0,5,38,1,1.2,3.0,132.0,0.3,Thursday,0,0,12,34,Auto-Order,6.0,10.2,100.0
2026-01-01,REST002,Urban Spoon Bistro,P008,Salmon Fillet,Seafood,72,0,21,21,0,4,47,2,6.5,14.5,304.5,0.3,Thursday,0,0,6,0,No Action,26.0,16.0,100.0
2026-01-01,REST002,Urban Spoon Bistro,P009,Avocado,Vegetables,68,0,26,26,0,3,39,2,1.5,4.2,109.2,0.3,Thursday,0,0,7,14,Auto-Order,4.5,10.34,100.0
2026-01-01,REST002,Urban Spoon Bistro,P010,Pasta,Dry Goods,74,246,47,47,0,3,270,4,0.9,3.0,141.0,0.3,Thursday,0,0,14,0,No Action,2.7,6.0,100.0
2026-01-02,REST002,Urban Spoon Bistro,P001,Chicken Breast,Meat,186,26,56,56,0,7,149,3,4.2,9.5,532.0,-2.8,Friday,0,1,12,0,No Action,29.4,11.11,100.0
2026-01-02,REST002,Urban Spoon Bistro,P002,Tomatoes,Vegetables,171,0,55,55,0,8,108,2,1.1,3.2,176.0,-2.8,Friday,0,0,16,23,Auto-Order,8.8,12.7,100.0
2026-01-02,REST002,Urban Spoon Bistro,P003,Rice,Dry Goods,355,0,68,68,0,3,284,4,0.8,2.8,190.4,-2.8,Friday,0,0,18,0,No Action,2.4,4.23,100.0
2026-01-02,REST002,Urban Spoon Bistro,P004,Milk,Dairy,125,0,47,47,0,3,75,2,1.0,2.4,112.8,-2.8,Friday,0,1,10,13,Auto-Order,3.0,6.0,100.0
2026-01-02,REST002,Urban Spoon Bistro,P005,Cheese,Dairy,116,0,29,29,0,5,82,3,2.8,6.5,188.5,-2.8,Friday,0,0,8,0,No Action,14.0,14.71,100.0
2026-01-02,REST002,Urban Spoon Bistro,P006,Potatoes,Vegetables,166,0,57,57,0,6,103,2,0.7,2.5,142.5,-2.8,Friday,0,0,14,18,Auto-Order,4.2,9.52,100.0
2026-01-02,REST002,Urban Spoon Bistro,P007,Bread,Bakery,38,106,41,41,0,9,94,1,1.2,3.0,123.0,-2.8,Friday,0,0,12,0,No Action,10.8,18.0,100.0
2026-01-02,REST002,Urban Spoon Bistro,P008,Salmon Fillet,Seafood,47,48,23,23,0,3,69,2,6.5,14.5,333.5,-2.8,Friday,0,0,6,0,No Action,19.5,11.54,100.0
2026-01-02,REST002,Urban Spoon Bistro,P009,Avocado,Vegetables,39,78,29,29,0,7,81,2,1.5,4.2,121.8,-2.8,Friday,0,0,7,0,No Action,10.5,19.44,100.0
2026-01-02,REST002,Urban Spoon Bistro,P010,Pasta,Dry Goods,270,0,59,59,0,3,208,4,0.9,3.0,177.0,-2.8,Friday,0,0,14,0,No Action,2.7,4.84,100.0
2026-01-03,REST002,Urban Spoon Bistro,P001,Chicken Breast,Meat,149,0,47,47,0,4,98,3,4.2,9.5,446.5,-1.6,Saturday,1,0,12,20,Auto-Order,16.8,7.84,100.0
2026-01-03,REST002,Urban Spoon Bistro,P002,Tomatoes,Vegetables,108,140,67,67,0,13,168,2,1.1,3.2,214.4,-1.6,Saturday,1,0,16,0,No Action,14.3,16.25,100.0
2026-01-03,REST002,Urban Spoon Bistro,P003,Rice,Dry Goods,284,0,74,74,0,2,208,4,0.8,2.8,207.2,-1.6,Saturday,1,0,18,0,No Action,1.6,2.63,100.0
2026-01-03,REST002,Urban Spoon Bistro,P004,Milk,Dairy,75,89,41,41,0,5,118,2,1.0,2.4,98.4,-1.6,Saturday,1,0,10,0,No Action,5.0,10.87,100.0
2026-01-03,REST002,Urban Spoon Bistro,P005,Cheese,Dairy,82,81,43,43,0,3,117,3,2.8,6.5,279.5,-1.6,Saturday,1,0,8,0,No Action,8.4,6.52,100.0
2026-01-03,REST002,Urban Spoon Bistro,P006,Potatoes,Vegetables,103,129,67,67,0,8,157,2,0.7,2.5,167.5,-1.6,Saturday,1,0,14,0,No Action,5.6,10.67,100.0
2026-01-03,REST002,Urban Spoon Bistro,P007,Bread,Bakery,94,0,49,49,0,6,39,1,1.2,3.0,147.0,-1.6,Saturday,1,0,12,42,Auto-Order,7.2,10.91,100.0
2026-01-03,REST002,Urban Spoon Bistro,P008,Salmon Fillet,Seafood,69,0,24,24,0,2,43,2,6.5,14.5,348.0,-1.6,Saturday,1,0,6,8,Auto-Order,13.0,7.69,100.0
2026-01-03,REST002,Urban Spoon Bistro,P009,Avocado,Vegetables,81,0,30,30,0,3,48,2,1.5,4.2,126.0,-1.6,Saturday,1,0,7,13,Auto-Order,4.5,9.09,100.0
2026-01-03,REST002,Urban Spoon Bistro,P010,Pasta,Dry Goods,208,0,63,63,0,2,143,4,0.9,3.0,189.0,-1.6,Saturday,1,0,14,0,No Action,1.8,3.08,100.0
2026-01-04,REST002,Urban Spoon Bistro,P001,Chicken Breast,Meat,98,140,49,49,0,8,181,3,4.2,9.5,465.5,-3.2,Sunday,1,0,12,0,No Action,33.6,14.04,100.0
2026-01-04,REST002,Urban Spoon Bistro,P002,Tomatoes,Vegetables,168,0,78,78,0,9,81,2,1.1,3.2,249.6,-3.2,Sunday,1,0,16,34,Auto-Order,9.9,10.34,100.0
2026-01-04,REST002,Urban Spoon Bistro,P003,Rice,Dry Goods,208,227,81,81,0,4,350,4,0.8,2.8,226.8,-3.2,Sunday,1,0,18,0,No Action,3.2,4.71,100.0
2026-01-04,REST002,Urban Spoon Bistro,P004,Milk,Dairy,118,0,47,47,0,4,67,2,1.0,2.4,112.8,-3.2,Sunday,1,0,10,10,Auto-Order,4.0,7.84,100.0
2026-01-04,REST002,Urban Spoon Bistro,P005,Cheese,Dairy,117,0,47,47,0,3,67,3,2.8,6.5,305.5,-3.2,Sunday,1,1,8,2,Auto-Order,8.4,6.0,100.0
2026-01-04,REST002,Urban Spoon Bistro,P006,Potatoes,Vegetables,157,0,70,70,0,5,82,2,0.7,2.5,175.0,-3.2,Sunday,1,0,14,25,Auto-Order,3.5,6.67,100.0
2026-01-04,REST002,Urban Spoon Bistro,P007,Bread,Bakery,39,100,47,47,0,9,83,1,1.2,3.0,141.0,-3.2,Sunday,1,0,12,0,No Action,10.8,16.07,100.0
2026-01-04,REST002,Urban Spoon Bistro,P008,Salmon Fillet,Seafood,43,56,23,23,0,5,71,2,6.5,14.5,333.5,-3.2,Sunday,1,0,6,0,No Action,32.5,17.86,100.0
2026-01-04,REST002,Urban Spoon Bistro,P009,Avocado,Vegetables,48,69,34,34,0,6,77,2,1.5,4.2,142.8,-3.2,Sunday,1,0,7,0,No Action,9.0,15.0,100.0
2026-01-04,REST002,Urban Spoon Bistro,P010,Pasta,Dry Goods,143,180,61,61,0,3,259,4,0.9,3.0,183.0,-3.2,Sunday,1,0,14,0,No Action,2.7,4.69,100.0
2026-01-05,REST002,Urban Spoon Bistro,P001,Chicken Breast,Meat,181,0,39,39,0,7,135,3,4.2,9.5,370.5,-0.1,Monday,0,0,12,0,No Action,29.4,15.22,100.0
2026-01-05,REST002,Urban Spoon Bistro,P002,Tomatoes,Vegetables,81,164,59,59,0,12,174,2,1.1,3.2,188.8,-0.1,Monday,0,0,16,0,No Action,13.2,16.9,100.0
2026-01-05,REST002,Urban Spoon Bistro,P003,Rice,Dry Goods,350,0,85,85,0,3,262,4,0.8,2.8,238.0,-0.1,Monday,0,1,18,0,No Action,2.4,3.41,100.0
2026-01-05,REST002,Urban Spoon Bistro,P004,Milk,Dairy,67,97,34,34,0,6,124,2,1.0,2.4,81.6,-0.1,Monday,0,0,10,0,No Action,6.0,15.0,100.0
2026-01-05,REST002,Urban Spoon Bistro,P005,Cheese,Dairy,67,93,42,42,0,4,114,3,2.8,6.5,273.0,-0.1,Monday,0,1,8,0,No Action,11.2,8.7,100.0
2026-01-05,REST002,Urban Spoon Bistro,P006,Potatoes,Vegetables,82,154,61,61,0,7,168,2,0.7,2.5,152.5,-0.1,Monday,0,0,14,0,No Action,4.9,10.29,100.0
2026-01-05,REST002,Urban Spoon Bistro,P007,Bread,Bakery,83,0,43,43,0,4,36,1,1.2,3.0,129.0,-0.1,Monday,0,0,12,36,Auto-Order,4.8,8.51,100.0
2026-01-05,REST002,Urban Spoon Bistro,P008,Salmon Fillet,Seafood,71,0,22,22,0,3,46,2,6.5,14.5,319.0,-0.1,Monday,0,0,6,0,No Action,19.5,12.0,100.0
2026-01-05,REST002,Urban Spoon Bistro,P009,Avocado,Vegetables,77,0,27,27,0,3,47,2,1.5,4.2,113.4,-0.1,Monday,0,0,7,6,Auto-Order,4.5,10.0,100.0
2026-01-05,REST002,Urban Spoon Bistro,P010,Pasta,Dry Goods,259,0,53,53,0,2,204,4,0.9,3.0,159.0,-0.1,Monday,0,0,14,0,No Action,1.8,3.64,100.0
2026-01-06,REST002,Urban Spoon Bistro,P001,Chicken Breast,Meat,135,0,42,42,0,5,88,3,4.2,9.5,399.0,0.3,Tuesday,0,0,12,15,Auto-Order,21.0,10.64,100.0
2026-01-06,REST002,Urban Spoon Bistro,P002,Tomatoes,Vegetables,174,0,62,62,0,9,103,2,1.1,3.2,198.4,0.3,Tuesday,0,0,16,12,Auto-Order,9.9,12.68,100.0
2026-01-06,REST002,Urban Spoon Bistro,P003,Rice,Dry Goods,262,0,64,64,0,4,194,4,0.8,2.8,179.2,0.3,Tuesday,0,0,18,0,No Action,3.2,5.88,100.0
2026-01-06,REST002,Urban Spoon Bistro,P004,Milk,Dairy,124,0,40,40,0,4,80,2,1.0,2.4,96.0,0.3,Tuesday,0,0,10,0,No Action,4.0,9.09,100.0
2026-01-06,REST002,Urban Spoon Bistro,P005,Cheese,Dairy,114,0,36,36,0,5,73,3,2.8,6.5,234.0,0.3,Tuesday,0,0,8,0,No Action,14.0,12.2,100.0
2026-01-06,REST002,Urban Spoon Bistro,P006,Potatoes,Vegetables,168,0,52,52,0,5,111,2,0.7,2.5,130.0,0.3,Tuesday,0,0,14,0,No Action,3.5,8.77,100.0
2026-01-06,REST002,Urban Spoon Bistro,P007,Bread,Bakery,36,102,40,40,0,7,91,1,1.2,3.0,120.0,0.3,Tuesday,0,0,12,0,No Action,8.4,14.89,100.0
2026-01-06,REST002,Urban Spoon Bistro,P008,Salmon Fillet,Seafood,46,50,19,19,0,4,73,2,6.5,14.5,275.5,0.3,Tuesday,0,0,6,0,No Action,26.0,17.39,100.0
2026-01-06,REST002,Urban Spoon Bistro,P009,Avocado,Vegetables,47,70,27,27,0,5,85,2,1.5,4.2,113.4,0.3,Tuesday,0,0,7,0,No Action,7.5,15.62,100.0
2026-01-06,REST002,Urban Spoon Bistro,P010,Pasta,Dry Goods,204,0,51,51,0,4,149,4,0.9,3.0,153.0,0.3,Tuesday,0,0,14,0,No Action,3.6,7.27,100.0
2026-01-07,REST002,Urban Spoon Bistro,P001,Chicken Breast,Meat,88,152,38,38,0,8,194,3,4.2,9.5,361.0,-0.1,Wednesday,0,0,12,0,No Action,33.6,17.39,100.0
2026-01-07,REST002,Urban Spoon Bistro,P002,Tomatoes,Vegetables,103,143,64,64,0,12,170,2,1.1,3.2,204.8,-0.1,Wednesday,0,0,16,0,No Action,13.2,15.79,100.0
2026-01-07,REST002,Urban Spoon Bistro,P003,Rice,Dry Goods,194,238,62,62,0,2,368,4,0.8,2.8,173.6,-0.1,Wednesday,0,0,18,0,No Action,1.6,3.12,100.0
2026-01-07,REST002,Urban Spoon Bistro,P004,Milk,Dairy,80,85,40,40,0,5,120,2,1.0,2.4,96.0,-0.1,Wednesday,0,0,10,0,No Action,5.0,11.11,100.0
2026-01-07,REST002,Urban Spoon Bistro,P005,Cheese,Dairy,73,92,33,33,0,4,128,3,2.8,6.5,214.5,-0.1,Wednesday,0,0,8,0,No Action,11.2,10.81,100.0
2026-01-07,REST002,Urban Spoon Bistro,P006,Potatoes,Vegetables,111,119,61,61,0,8,161,2,0.7,2.5,152.5,-0.1,Wednesday,0,0,14,0,No Action,5.6,11.59,100.0
2026-01-07,REST002,Urban Spoon Bistro,P007,Bread,Bakery,91,25,48,48,0,6,62,1,1.2,3.0,144.0,-0.1,Wednesday,0,0,12,10,Auto-Order,7.2,11.11,100.0
2026-01-07,REST002,Urban Spoon Bistro,P008,Salmon Fillet,Seafood,73,0,23,23,0,2,48,2,6.5,14.5,333.5,-0.1,Wednesday,0,0,6,0,No Action,13.0,8.0,100.0
2026-01-07,REST002,Urban Spoon Bistro,P009,Avocado,Vegetables,85,0,24,24,0,4,57,2,1.5,4.2,100.8,-0.1,Wednesday,0,0,7,0,No Action,6.0,14.29,100.0
2026-01-07,REST002,Urban Spoon Bistro,P010,Pasta,Dry Goods,149,179,53,53,0,3,272,4,0.9,3.0,159.0,-0.1,Wednesday,0,0,14,0,No Action,2.7,5.36,100.0
2026-01-08,REST002,Urban Spoon Bistro,P001,Chicken Breast,Meat,194,0,40,40,0,7,147,3,4.2,9.5,380.0,-0.7,Thursday,0,0,12,0,No Action,29.4,14.89,100.0
2026-01-08,REST002,Urban Spoon Bistro,P002,Tomatoes,Vegetables,170,0,59,59,0,10,101,2,1.1,3.2,188.8,-0.7,Thursday,0,0,16,14,Auto-Order,11.0,14.49,100.0
2026-01-08,REST002,Urban Spoon Bistro,P003,Rice,Dry Goods,368,0,65,65,0,3,300,4,0.8,2.8,182.0,-0.7,Thursday,0,0,18,0,No Action,2.4,4.41,100.0
2026-01-08,REST002,Urban Spoon Bistro,P004,Milk,Dairy,120,0,38,38,0,4,78,2,1.0,2.4,91.2,-0.7,Thursday,0,0,10,0,No Action,4.0,9.52,100.0
2026-01-08,REST002,Urban Spoon Bistro,P005,Cheese,Dairy,128,0,28,28,0,4,96,3,2.8,6.5,182.0,-0.7,Thursday,0,0,8,0,No Action,11.2,12.5,100.0
2026-01-08,REST002,Urban Spoon Bistro,P006,Potatoes,Vegetables,161,0,56,56,0,5,100,2,0.7,2.5,140.0,-0.7,Thursday,0,0,14,7,Auto-Order,3.5,8.2,100.0
2026-01-08,REST002,Urban Spoon Bistro,P007,Bread,Bakery,62,83,38,38,0,9,98,1,1.2,3.0,114.0,-0.7,Thursday,0,0,12,0,No Action,10.8,19.15,100.0
2026-01-08,REST002,Urban Spoon Bistro,P008,Salmon Fillet,Seafood,48,45,23,23,0,5,65,2,6.5,14.5,333.5,-0.7,Thursday,0,0,6,0,No Action,32.5,17.86,100.0
2026-01-08,REST002,Urban Spoon Bistro,P009,Avocado,Vegetables,57,63,31,31,0,6,83,2,1.5,4.2,130.2,-0.7,Thursday,0,1,7,0,No Action,9.0,16.22,100.0
2026-01-08,REST002,Urban Spoon Bistro,P010,Pasta,Dry Goods,272,0,55,55,0,2,215,4,0.9,3.0,165.0,-0.7,Thursday,0,0,14,0,No Action,1.8,3.51,100.0
2026-01-09,REST002,Urban Spoon Bistro,P001,Chicken Breast,Meat,147,0,45,45,0,4,98,3,4.2,9.5,427.5,-0.9,Friday,0,0,12,20,Auto-Order,16.8,8.16,100.0
2026-01-09,REST002,Urban Spoon Bistro,P002,Tomatoes,Vegetables,101,154,57,57,0,13,185,2,1.1,3.2,182.4,-0.9,Friday,0,0,16,0,No Action,14.3,18.57,100.0
2026-01-09,REST002,Urban Spoon Bistro,P003,Rice,Dry Goods,300,0,72,72,0,3,225,4,0.8,2.8,201.6,-0.9,Friday,0,0,18,0,No Action,2.4,4.0,100.0
2026-01-09,REST002,Urban Spoon Bistro,P004,Milk,Dairy,78,89,41,41,0,5,121,2,1.0,2.4,98.4,-0.9,Friday,0,0,10,0,No Action,5.0,10.87,100.0
2026-01-09,REST002,Urban Spoon Bistro,P005,Cheese,Dairy,96,0,30,30,0,3,63,3,2.8,6.5,195.0,-0.9,Friday,0,0,8,15,Auto-Order,8.4,9.09,100.0
2026-01-09,REST002,Urban Spoon Bistro,P006,Potatoes,Vegetables,100,127,61,61,0,7,159,2,0.7,2.5,152.5,-0.9,Friday,0,0,14,0,No Action,4.9,10.29,100.0
2026-01-09,REST002,Urban Spoon Bistro,P007,Bread,Bakery,98,0,45,45,0,6,47,1,1.2,3.0,135.0,-0.9,Friday,0,0,12,34,Auto-Order,7.2,11.76,100.0
2026-01-09,REST002,Urban Spoon Bistro,P008,Salmon Fillet,Seafood,65,0,21,21,0,1,43,2,6.5,14.5,304.5,-0.9,Friday,0,0,6,8,Auto-Order,6.5,4.55,100.0
2026-01-09,REST002,Urban Spoon Bistro,P009,Avocado,Vegetables,83,0,27,27,0,4,52,2,1.5,4.2,113.4,-0.9,Friday,0,0,7,9,Auto-Order,6.0,12.9,100.0
2026-01-09,REST002,Urban Spoon Bistro,P010,Pasta,Dry Goods,215,0,49,49,0,2,164,4,0.9,3.0,147.0,-0.9,Friday,0,0,14,0,No Action,1.8,3.92,100.0
2026-01-10,REST002,Urban Spoon Bistro,P001,Chicken Breast,Meat,98,143,52,52,0,9,180,3,4.2,9.5,494.0,2.7,Saturday,1,0,12,0,No Action,37.8,14.75,100.0
2026-01-10,REST002,Urban Spoon Bistro,P002,Tomatoes,Vegetables,185,0,70,70,0,10,105,2,1.1,3.2,224.0,2.7,Saturday,1,0,16,26,Auto-Order,11.0,12.5,100.0
2026-01-10,REST002,Urban Spoon Bistro,P003,Rice,Dry Goods,225,204,73,73,0,2,354,4,0.8,2.8,204.4,2.7,Saturday,1,0,18,0,No Action,1.6,2.67,100.0
2026-01-10,REST002,Urban Spoon Bistro,P004,Milk,Dairy,121,0,45,45,0,5,71,2,1.0,2.4,108.0,2.7,Saturday,1,0,10,17,Auto-Order,5.0,10.0,100.0
2026-01-10,REST002,Urban Spoon Bistro,P005,Cheese,Dairy,63,101,34,34,0,4,126,3,2.8,6.5,221.0,2.7,Saturday,1,0,8,0,No Action,11.2,10.53,100.0
2026-01-10,REST002,Urban Spoon Bistro,P006,Potatoes,Vegetables,159,0,70,70,0,6,83,2,0.7,2.5,175.0,2.7,Saturday,1,0,14,38,Auto-Order,4.2,7.89,100.0
2026-01-10,REST002,Urban Spoon Bistro,P007,Bread,Bakery,47,97,46,46,0,8,90,1,1.2,3.0,138.0,2.7,Saturday,1,0,12,0,No Action,9.6,14.81,100.0
2026-01-10,REST002,Urban Spoon Bistro,P008,Salmon Fillet,Seafood,43,54,24,24,0,4,69,2,6.5,14.5,348.0,2.7,Saturday,1,0,6,0,No Action,26.0,14.29,100.0
2026-01-10,REST002,Urban Spoon Bistro,P009,Avocado,Vegetables,52,69,32,32,0,6,83,2,1.5,4.2,134.4,2.7,Saturday,1,0,7,0,No Action,9.0,15.79,100.0
2026-01-10,REST002,Urban Spoon Bistro,P010,Pasta,Dry Goods,164,158,61,61,0,2,259,4,0.9,3.0,183.0,2.7,Saturday,1,0,14,0,No Action,1.8,3.17,100.0
2026-01-11,REST002,Urban Spoon Bistro,P001,Chicken Breast,Meat,180,0,49,49,0,7,124,3,4.2,9.5,465.5,0.8,Sunday,1,0,12,0,No Action,29.4,12.5,100.0
2026-01-11,REST002,Urban Spoon Bistro,P002,Tomatoes,Vegetables,105,146,69,69,0,13,169,2,1.1,3.2,220.8,0.8,Sunday,1,0,16,0,No Action,14.3,15.85,100.0
2026-01-11,REST002,Urban Spoon Bistro,P003,Rice,Dry Goods,354,0,76,76,0,3,275,4,0.8,2.8,212.8,0.8,Sunday,1,0,18,0,No Action,2.4,3.8,100.0
2026-01-11,REST002,Urban Spoon Bistro,P004,Milk,Dairy,71,103,52,52,0,7,115,2,1.0,2.4,124.8,0.8,Sunday,1,0,10,0,No Action,7.0,11.86,100.0
2026-01-11,REST002,Urban Spoon Bistro,P005,Cheese,Dairy,126,0,35,35,0,5,86,3,2.8,6.5,227.5,0.8,Sunday,1,0,8,0,No Action,14.0,12.5,100.0
2026-01-11,REST002,Urban Spoon Bistro,P006,Potatoes,Vegetables,83,145,69,69,0,8,151,2,0.7,2.5,172.5,0.8,Sunday,1,0,14,0,No Action,5.6,10.39,100.0
2026-01-11,REST002,Urban Spoon Bistro,P007,Bread,Bakery,90,0,45,45,0,5,40,1,1.2,3.0,135.0,0.8,Sunday,1,0,12,32,Auto-Order,6.0,10.0,100.0
2026-01-11,REST002,Urban Spoon Bistro,P008,Salmon Fillet,Seafood,69,0,27,27,0,3,39,2,6.5,14.5,391.5,0.8,Sunday,1,0,6,5,Auto-Order,19.5,10.0,100.0
2026-01-11,REST002,Urban Spoon Bistro,P009,Avocado,Vegetables,83,0,29,29,0,4,50,2,1.5,4.2,121.8,0.8,Sunday,1,0,7,3,Auto-Order,6.0,12.12,100.0
2026-01-11,REST002,Urban Spoon Bistro,P010,Pasta,Dry Goods,259,0,65,65,0,1,193,4,0.9,3.0,195.0,0.8,Sunday,1,0,14,0,No Action,0.9,1.52,100.0
2026-01-12,REST002,Urban Spoon Bistro,P001,Chicken Breast,Meat,124,113,48,48,0,8,181,3,4.2,9.5,456.0,-0.7,Monday,0,0,12,0,No Action,33.6,14.29,100.0
2026-01-12,REST002,Urban Spoon Bistro,P002,Tomatoes,Vegetables,169,0,69,69,0,10,90,2,1.1,3.2,220.8,-0.7,Monday,0,1,16,25,Auto-Order,11.0,12.66,100.0
2026-01-12,REST002,Urban Spoon Bistro,P003,Rice,Dry Goods,275,0,69,69,0,2,204,4,0.8,2.8,193.2,-0.7,Monday,0,0,18,0,No Action,1.6,2.82,100.0
2026-01-12,REST002,Urban Spoon Bistro,P004,Milk,Dairy,115,0,41,41,0,4,70,2,1.0,2.4,98.4,-0.7,Monday,0,0,10,7,Auto-Order,4.0,8.89,100.0
2026-01-12,REST002,Urban Spoon Bistro,P005,Cheese,Dairy,86,76,29,29,0,4,129,3,2.8,6.5,188.5,-0.7,Monday,0,0,8,0,No Action,11.2,12.12,100.0
2026-01-12,REST002,Urban Spoon Bistro,P006,Potatoes,Vegetables,151,0,69,69,0,6,76,2,0.7,2.5,172.5,-0.7,Monday,0,1,14,31,Auto-Order,4.2,8.0,100.0
2026-01-12,REST002,Urban Spoon Bistro,P007,Bread,Bakery,40,96,44,44,0,8,84,1,1.2,3.0,132.0,-0.7,Monday,0,0,12,0,No Action,9.6,15.38,100.0
2026-01-12,REST002,Urban Spoon Bistro,P008,Salmon Fillet,Seafood,39,57,20,20,0,4,72,2,6.5,14.5,290.0,-0.7,Monday,0,0,6,0,No Action,26.0,16.67,100.0
2026-01-12,REST002,Urban Spoon Bistro,P009,Avocado,Vegetables,50,63,29,29,0,6,78,2,1.5,4.2,121.8,-0.7,Monday,0,0,7,0,No Action,9.0,17.14,100.0
2026-01-12,REST002,Urban Spoon Bistro,P010,Pasta,Dry Goods,193,0,61,61,0,2,130,4,0.9,3.0,183.0,-0.7,Monday,0,0,14,0,No Action,1.8,3.17,100.0
2026-01-13,REST002,Urban Spoon Bistro,P001,Chicken Breast,Meat,181,0,45,45,0,8,128,3,4.2,9.5,427.5,-1.0,Tuesday,0,0,12,0,No Action,33.6,15.09,100.0
2026-01-13,REST002,Urban Spoon Bistro,P002,Tomatoes,Vegetables,90,153,55,55,0,11,177,2,1.1,3.2,176.0,-1.0,Tuesday,0,0,16,0,No Action,12.1,16.67,100.0
2026-01-13,REST002,Urban Spoon Bistro,P003,Rice,Dry Goods,204,233,66,66,0,3,368,4,0.8,2.8,184.8,-1.0,Tuesday,0,0,18,0,No Action,2.4,4.35,100.0
2026-01-13,REST002,Urban Spoon Bistro,P004,Milk,Dairy,70,101,39,39,0,6,126,2,1.0,2.4,93.6,-1.0,Tuesday,0,0,10,0,No Action,6.0,13.33,100.0
2026-01-13,REST002,Urban Spoon Bistro,P005,Cheese,Dairy,129,0,33,33,0,3,93,3,2.8,6.5,214.5,-1.0,Tuesday,0,0,8,0,No Action,8.4,8.33,100.0
2026-01-13,REST002,Urban Spoon Bistro,P006,Potatoes,Vegetables,76,157,58,58,0,8,167,2,0.7,2.5,145.0,-1.0,Tuesday,0,0,14,0,No Action,5.6,12.12,100.0
2026-01-13,REST002,Urban Spoon Bistro,P007,Bread,Bakery,84,0,44,44,0,4,36,1,1.2,3.0,132.0,-1.0,Tuesday,0,0,12,36,Auto-Order,4.8,8.33,100.0
2026-01-13,REST002,Urban Spoon Bistro,P008,Salmon Fillet,Seafood,72,8,22,22,0,3,55,2,6.5,14.5,319.0,-1.0,Tuesday,0,0,6,0,No Action,19.5,12.0,100.0
2026-01-13,REST002,Urban Spoon Bistro,P009,Avocado,Vegetables,78,0,27,27,0,3,48,2,1.5,4.2,113.4,-1.0,Tuesday,0,0,7,5,Auto-Order,4.5,10.0,100.0
2026-01-13,REST002,Urban Spoon Bistro,P010,Pasta,Dry Goods,130,190,52,52,0,3,265,4,0.9,3.0,156.0,-1.0,Tuesday,0,0,14,0,No Action,2.7,5.45,100.0
2026-01-14,REST002,Urban Spoon Bistro,P001,Chicken Breast,Meat,128,114,50,50,0,8,184,3,4.2,9.5,475.0,-0.4,Wednesday,0,1,12,0,No Action,33.6,13.79,100.0
2026-01-14,REST002,Urban Spoon Bistro,P002,Tomatoes,Vegetables,177,0,56,56,0,9,112,2,1.1,3.2,179.2,-0.4,Wednesday,0,0,16,3,Auto-Order,9.9,13.85,100.0
2026-01-14,REST002,Urban Spoon Bistro,P003,Rice,Dry Goods,368,0,63,63,0,4,301,4,0.8,2.8,176.4,-0.4,Wednesday,0,0,18,0,No Action,3.2,5.97,100.0
2026-01-14,REST002,Urban Spoon Bistro,P004,Milk,Dairy,126,0,42,42,0,5,79,2,1.0,2.4,100.8,-0.4,Wednesday,0,0,10,0,No Action,5.0,10.64,100.0
2026-01-14,REST002,Urban Spoon Bistro,P005,Cheese,Dairy,93,0,31,31,0,2,60,3,2.8,6.5,201.5,-0.4,Wednesday,0,0,8,9,Auto-Order,5.6,6.06,100.0
2026-01-14,REST002,Urban Spoon Bistro,P006,Potatoes,Vegetables,167,0,62,62,0,6,99,2,0.7,2.5,155.0,-0.4,Wednesday,0,0,14,8,Auto-Order,4.2,8.82,100.0
2026-01-14,REST002,Urban Spoon Bistro,P007,Bread,Bakery,36,103,44,44,0,6,89,1,1.2,3.0,132.0,-0.4,Wednesday,0,0,12,0,No Action,7.2,12.0,100.0
2026-01-14,REST002,Urban Spoon Bistro,P008,Salmon Fillet,Seafood,55,0,22,22,0,1,32,2,6.5,14.5,319.0,-0.4,Wednesday,0,0,6,12,Auto-Order,6.5,4.35,100.0
2026-01-14,REST002,Urban Spoon Bistro,P009,Avocado,Vegetables,48,66,31,31,0,5,78,2,1.5,4.2,130.2,-0.4,Wednesday,0,0,7,0,No Action,7.5,13.89,100.0
2026-01-14,REST002,Urban Spoon Bistro,P010,Pasta,Dry Goods,265,21,51,51,0,1,234,4,0.9,3.0,153.0,-0.4,Wednesday,0,0,14,0,No Action,0.9,1.92,100.0
2026-01-15,REST002,Urban Spoon Bistro,P001,Chicken Breast,Meat,184,0,40,40,0,7,137,3,4.2,9.5,380.0,4.8,Thursday,0,0,12,0,No Action,29.4,14.89,100.0
2026-01-15,REST002,Urban Spoon Bistro,P002,Tomatoes,Vegetables,112,135,45,45,0,13,189,2,1.1,3.2,144.0,4.8,Thursday,0,0,16,0,No Action,14.3,22.41,100.0
2026-01-15,REST002,Urban Spoon Bistro,P003,Rice,Dry Goods,301,0,68,68,0,3,230,4,0.8,2.8,190.4,4.8,Thursday,0,0,18,0,No Action,2.4,4.23,100.0
2026-01-15,REST002,Urban Spoon Bistro,P004,Milk,Dairy,79,91,36,36,0,6,128,2,1.0,2.4,86.4,4.8,Thursday,0,0,10,0,No Action,6.0,14.29,100.0
2026-01-15,REST002,Urban Spoon Bistro,P005,Cheese,Dairy,60,96,34,34,0,4,118,3,2.8,6.5,221.0,4.8,Thursday,0,0,8,0,No Action,11.2,10.53,100.0
2026-01-15,REST002,Urban Spoon Bistro,P006,Potatoes,Vegetables,99,138,64,64,0,9,164,2,0.7,2.5,160.0,4.8,Thursday,0,0,14,0,No Action,6.3,12.33,100.0
2026-01-15,REST002,Urban Spoon Bistro,P007,Bread,Bakery,89,0,46,46,0,5,38,1,1.2,3.0,138.0,4.8,Thursday,0,0,12,34,Auto-Order,6.0,9.8,100.0
2026-01-15,REST002,Urban Spoon Bistro,P008,Salmon Fillet,Seafood,32,66,22,22,0,4,72,2,6.5,14.5,319.0,4.8,Thursday,0,0,6,0,No Action,26.0,15.38,100.0
2026-01-15,REST002,Urban Spoon Bistro,P009,Avocado,Vegetables,78,0,25,25,0,4,49,2,1.5,4.2,105.0,4.8,Thursday,0,0,7,4,Auto-Order,6.0,13.79,100.0
2026-01-15,REST002,Urban Spoon Bistro,P010,Pasta,Dry Goods,234,0,54,54,0,1,179,4,0.9,3.0,162.0,4.8,Thursday,0,0,14,0,No Action,0.9,1.82,100.0
2026-01-16,REST002,Urban Spoon Bistro,P001,Chicken Breast,Meat,137,0,49,49,0,6,82,3,4.2,9.5,465.5,0.7,Friday,0,0,12,36,Auto-Order,25.2,10.91,100.0
2026-01-16,REST002,Urban Spoon Bistro,P002,Tomatoes,Vegetables,189,0,48,48,0,8,133,2,1.1,3.2,153.6,0.7,Friday,0,0,16,0,No Action,8.8,14.29,100.0
2026-01-16,REST002,Urban Spoon Bistro,P003,Rice,Dry Goods,230,201,60,60,0,3,368,4,0.8,2.8,168.0,0.7,Friday,0,0,18,0,No Action,2.4,4.76,100.0
2026-01-16,REST002,Urban Spoon Bistro,P004,Milk,Dairy,128,0,38,38,0,6,84,2,1.0,2.4,91.2,0.7,Friday,0,0,10,4,Auto-Order,6.0,13.64,100.0
2026-01-16,REST002,Urban Spoon Bistro,P005,Cheese,Dairy,118,0,34,34,0,3,81,3,2.8,6.5,221.0,0.7,Friday,0,0,8,0,No Action,8.4,8.11,100.0
2026-01-16,REST002,Urban Spoon Bistro,P006,Potatoes,Vegetables,164,0,51,51,0,6,107,2,0.7,2.5,127.5,0.7,Friday,0,0,14,14,Auto-Order,4.2,10.53,100.0
2026-01-16,REST002,Urban Spoon Bistro,P007,Bread,Bakery,38,107,38,38,0,8,99,1,1.2,3.0,114.0,0.7,Friday,0,0,12,0,No Action,9.6,17.39,100.0
2026-01-16,REST002,Urban Spoon Bistro,P008,Salmon Fillet,Seafood,72,0,19,19,0,4,49,2,6.5,14.5,275.5,0.7,Friday,0,0,6,2,Auto-Order,26.0,17.39,100.0
2026-01-16,REST002,Urban Spoon Bistro,P009,Avocado,Vegetables,49,69,25,25,0,5,88,2,1.5,4.2,105.0,0.7,Friday,0,0,7,0,No Action,7.5,16.67,100.0
2026-01-16,REST002,Urban Spoon Bistro,P010,Pasta,Dry Goods,179,145,50,50,0,2,272,4,0.9,3.0,150.0,0.7,Friday,0,0,14,0,No Action,1.8,3.85,100.0
2026-01-17,REST002,Urban Spoon Bistro,P001,Chicken Breast,Meat,82,155,51,51,0,8,178,3,4.2,9.5,484.5,3.2,Saturday,1,0,12,0,No Action,33.6,13.56,100.0
2026-01-17,REST002,Urban Spoon Bistro,P002,Tomatoes,Vegetables,133,0,74,74,0,7,52,2,1.1,3.2,236.8,3.2,Saturday,1,0,16,79,Manager Review,7.7,8.64,100.0
2026-01-17,REST002,Urban Spoon Bistro,P003,Rice,Dry Goods,368,0,74,74,0,1,293,4,0.8,2.8,207.2,3.2,Saturday,1,0,18,0,No Action,0.8,1.33,100.0
2026-01-17,REST002,Urban Spoon Bistro,P004,Milk,Dairy,84,87,49,49,0,6,116,2,1.0,2.4,117.6,3.2,Saturday,1,0,10,0,No Action,6.0,10.91,100.0
2026-01-17,REST002,Urban Spoon Bistro,P005,Cheese,Dairy,81,77,41,41,0,5,112,3,2.8,6.5,266.5,3.2,Saturday,1,0,8,0,No Action,14.0,10.87,100.0
2026-01-17,REST002,Urban Spoon Bistro,P006,Potatoes,Vegetables,107,129,56,56,0,8,172,2,0.7,2.5,140.0,3.2,Saturday,1,0,14,0,No Action,5.6,12.5,100.0
2026-01-17,REST002,Urban Spoon Bistro,P007,Bread,Bakery,99,0,50,50,0,7,42,1,1.2,3.0,150.0,3.2,Saturday,1,0,12,39,Auto-Order,8.4,12.28,100.0
2026-01-17,REST002,Urban Spoon Bistro,P008,Salmon Fillet,Seafood,49,42,32,32,0,4,55,2,6.5,14.5,464.0,3.2,Saturday,1,1,6,0,No Action,26.0,11.11,100.0
2026-01-17,REST002,Urban Spoon Bistro,P009,Avocado,Vegetables,88,0,32,32,0,4,52,2,1.5,4.2,134.4,3.2,Saturday,1,0,7,9,Auto-Order,6.0,11.11,100.0
2026-01-17,REST002,Urban Spoon Bistro,P010,Pasta,Dry Goods,272,0,62,62,0,3,207,4,0.9,3.0,186.0,3.2,Saturday,1,0,14,0,No Action,2.7,4.62,100.0
2026-01-18,REST002,Urban Spoon Bistro,P001,Chicken Breast,Meat,178,0,69,69,0,5,104,3,4.2,9.5,655.5,-0.8,Sunday,1,1,12,0,No Action,21.0,6.76,100.0
2026-01-18,REST002,Urban Spoon Bistro,P002,Tomatoes,Vegetables,52,196,65,65,0,11,172,2,1.1,3.2,208.0,-0.8,Sunday,1,0,16,0,No Action,12.1,14.47,100.0
2026-01-18,REST002,Urban Spoon Bistro,P003,Rice,Dry Goods,293,0,76,76,0,1,216,4,0.8,2.8,212.8,-0.8,Sunday,1,0,18,0,No Action,0.8,1.3,100.0
2026-01-18,REST002,Urban Spoon Bistro,P004,Milk,Dairy,116,0,41,41,0,2,73,2,1.0,2.4,98.4,-0.8,Sunday,1,0,10,4,Auto-Order,2.0,4.65,100.0
2026-01-18,REST002,Urban Spoon Bistro,P005,Cheese,Dairy,112,0,34,34,0,3,75,3,2.8,6.5,221.0,-0.8,Sunday,1,0,8,0,No Action,8.4,8.11,100.0
2026-01-18,REST002,Urban Spoon Bistro,P006,Potatoes,Vegetables,172,0,62,62,0,7,103,2,0.7,2.5,155.0,-0.8,Sunday,1,0,14,4,Auto-Order,4.9,10.14,100.0
2026-01-18,REST002,Urban Spoon Bistro,P007,Bread,Bakery,42,98,51,51,0,8,81,1,1.2,3.0,153.0,-0.8,Sunday,1,0,12,0,No Action,9.6,13.56,100.0
2026-01-18,REST002,Urban Spoon Bistro,P008,Salmon Fillet,Seafood,55,0,30,30,0,3,22,2,6.5,14.5,435.0,-0.8,Sunday,1,0,6,22,Auto-Order,19.5,9.09,100.0
2026-01-18,REST002,Urban Spoon Bistro,P009,Avocado,Vegetables,52,65,27,27,0,6,84,2,1.5,4.2,113.4,-0.8,Sunday,1,0,7,0,No Action,9.0,18.18,100.0
2026-01-18,REST002,Urban Spoon Bistro,P010,Pasta,Dry Goods,207,21,58,58,0,0,170,4,0.9,3.0,174.0,-0.8,Sunday,1,0,14,0,No Action,0.0,0.0,100.0
2026-01-19,REST002,Urban Spoon Bistro,P001,Chicken Breast,Meat,104,134,40,40,0,8,190,3,4.2,9.5,380.0,-0.6,Monday,0,0,12,0,No Action,33.6,16.67,100.0
2026-01-19,REST002,Urban Spoon Bistro,P002,Tomatoes,Vegetables,172,0,51,51,0,9,112,2,1.1,3.2,163.2,-0.6,Monday,0,0,16,3,Auto-Order,9.9,15.0,100.0
2026-01-19,REST002,Urban Spoon Bistro,P003,Rice,Dry Goods,216,216,78,78,0,2,352,4,0.8,2.8,218.4,-0.6,Monday,0,1,18,0,No Action,1.6,2.5,100.0
2026-01-19,REST002,Urban Spoon Bistro,P004,Milk,Dairy,73,97,35,35,0,7,128,2,1.0,2.4,84.0,-0.6,Monday,0,0,10,0,No Action,7.0,16.67,100.0
2026-01-19,REST002,Urban Spoon Bistro,P005,Cheese,Dairy,75,91,32,32,0,4,130,3,2.8,6.5,208.0,-0.6,Monday,0,0,8,0,No Action,11.2,11.11,100.0
2026-01-19,REST002,Urban Spoon Bistro,P006,Potatoes,Vegetables,103,131,56,56,0,7,171,2,0.7,2.5,140.0,-0.6,Monday,0,0,14,0,No Action,4.9,11.11,100.0
2026-01-19,REST002,Urban Spoon Bistro,P007,Bread,Bakery,81,0,46,46,0,4,31,1,1.2,3.0,138.0,-0.6,Monday,0,0,12,41,Auto-Order,4.8,8.0,100.0
2026-01-19,REST002,Urban Spoon Bistro,P008,Salmon Fillet,Seafood,22,80,25,25,0,4,73,2,6.5,14.5,362.5,-0.6,Monday,0,0,6,0,No Action,26.0,13.79,100.0
2026-01-19,REST002,Urban Spoon Bistro,P009,Avocado,Vegetables,84,0,26,26,0,4,54,2,1.5,4.2,109.2,-0.6,Monday,0,0,7,0,No Action,6.0,13.33,100.0
2026-01-19,REST002,Urban Spoon Bistro,P010,Pasta,Dry Goods,170,160,52,52,0,3,275,4,0.9,3.0,156.0,-0.6,Monday,0,0,14,0,No Action,2.7,5.45,100.0
2026-01-20,REST002,Urban Spoon Bistro,P001,Chicken Breast,Meat,190,0,46,46,0,5,139,3,4.2,9.5,437.0,-2.0,Tuesday,0,0,12,0,No Action,21.0,9.8,100.0
2026-01-20,REST002,Urban Spoon Bistro,P002,Tomatoes,Vegetables,112,131,56,56,0,12,175,2,1.1,3.2,179.2,-2.0,Tuesday,0,0,16,0,No Action,13.2,17.65,100.0
2026-01-20,REST002,Urban Spoon Bistro,P003,Rice,Dry Goods,352,0,68,68,0,2,282,4,0.8,2.8,190.4,-2.0,Tuesday,0,0,18,0,No Action,1.6,2.86,100.0
2026-01-20,REST002,Urban Spoon Bistro,P004,Milk,Dairy,128,0,43,43,0,3,82,2,1.0,2.4,103.2,-2.0,Tuesday,0,0,10,0,No Action,3.0,6.52,100.0
2026-01-20,REST002,Urban Spoon Bistro,P005,Cheese,Dairy,130,0,30,30,0,1,99,3,2.8,6.5,195.0,-2.0,Tuesday,0,0,8,0,No Action,2.8,3.23,100.0
2026-01-20,REST002,Urban Spoon Bistro,P006,Potatoes,Vegetables,171,0,59,59,0,7,105,2,0.7,2.5,147.5,-2.0,Tuesday,0,0,14,2,Auto-Order,4.9,10.61,100.0
2026-01-20,REST002,Urban Spoon Bistro,P007,Bread,Bakery,31,112,54,54,0,8,81,1,1.2,3.0,162.0,-2.0,Tuesday,0,1,12,0,No Action,9.6,12.9,100.0
2026-01-20,REST002,Urban Spoon Bistro,P008,Salmon Fillet,Seafood,73,0,20,20,0,1,52,2,6.5,14.5,290.0,-2.0,Tuesday,0,0,6,0,No Action,6.5,4.76,100.0
2026-01-20,REST002,Urban Spoon Bistro,P009,Avocado,Vegetables,54,66,29,29,0,6,85,2,1.5,4.2,121.8,-2.0,Tuesday,0,0,7,0,No Action,9.0,17.14,100.0
2026-01-20,REST002,Urban Spoon Bistro,P010,Pasta,Dry Goods,275,0,51,51,0,1,223,4,0.9,3.0,153.0,-2.0,Tuesday,0,0,14,0,No Action,0.9,1.92,100.0
2026-01-21,REST002,Urban Spoon Bistro,P001,Chicken Breast,Meat,139,0,45,45,0,6,88,3,4.2,9.5,427.5,1.1,Wednesday,0,0,12,15,Auto-Order,25.2,11.76,100.0
2026-01-21,REST002,Urban Spoon Bistro,P002,Tomatoes,Vegetables,175,19,59,59,0,10,125,2,1.1,3.2,188.8,1.1,Wednesday,0,0,16,0,No Action,11.0,14.49,100.0
2026-01-21,REST002,Urban Spoon Bistro,P003,Rice,Dry Goods,282,0,63,63,0,3,216,4,0.8,2.8,176.4,1.1,Wednesday,0,0,18,0,No Action,2.4,4.55,100.0
2026-01-21,REST002,Urban Spoon Bistro,P004,Milk,Dairy,82,88,39,39,0,7,124,2,1.0,2.4,93.6,1.1,Wednesday,0,0,10,0,No Action,7.0,15.22,100.0
2026-01-21,REST002,Urban Spoon Bistro,P005,Cheese,Dairy,99,0,31,31,0,3,65,3,2.8,6.5,201.5,1.1,Wednesday,0,0,8,4,Auto-Order,8.4,8.82,100.0
2026-01-21,REST002,Urban Spoon Bistro,P006,Potatoes,Vegetables,105,125,56,56,0,8,166,2,0.7,2.5,140.0,1.1,Wednesday,0,0,14,0,No Action,5.6,12.5,100.0
2026-01-21,REST002,Urban Spoon Bistro,P007,Bread,Bakery,81,0,41,41,0,6,34,1,1.2,3.0,123.0,1.1,Wednesday,0,0,12,38,Auto-Order,7.2,12.77,100.0
2026-01-21,REST002,Urban Spoon Bistro,P008,Salmon Fillet,Seafood,52,0,24,24,0,1,27,2,6.5,14.5,348.0,1.1,Wednesday,0,0,6,17,Auto-Order,6.5,4.0,100.0
2026-01-21,REST002,Urban Spoon Bistro,P009,Avocado,Vegetables,85,0,26,26,0,5,54,2,1.5,4.2,109.2,1.1,Wednesday,0,0,7,0,No Action,7.5,16.13,100.0
2026-01-21,REST002,Urban Spoon Bistro,P010,Pasta,Dry Goods,223,0,50,50,0,2,171,4,0.9,3.0,150.0,1.1,Wednesday,0,0,14,0,No Action,1.8,3.85,100.0
2026-01-22,REST002,Urban Spoon Bistro,P001,Chicken Breast,Meat,88,158,51,51,0,10,185,3,4.2,9.5,484.5,-1.1,Thursday,0,0,12,0,No Action,42.0,16.39,100.0
2026-01-22,REST002,Urban Spoon Bistro,P002,Tomatoes,Vegetables,125,119,52,52,0,10,182,2,1.1,3.2,166.4,-1.1,Thursday,0,0,16,0,No Action,11.0,16.13,100.0
2026-01-22,REST002,Urban Spoon Bistro,P003,Rice,Dry Goods,216,213,70,70,0,3,356,4,0.8,2.8,196.0,-1.1,Thursday,0,0,18,0,No Action,2.4,4.11,100.0
2026-01-22,REST002,Urban Spoon Bistro,P004,Milk,Dairy,124,0,42,42,0,5,77,2,1.0,2.4,100.8,-1.1,Thursday,0,0,10,0,No Action,5.0,10.64,100.0
2026-01-22,REST002,Urban Spoon Bistro,P005,Cheese,Dairy,65,96,32,32,0,4,125,3,2.8,6.5,208.0,-1.1,Thursday,0,0,8,0,No Action,11.2,11.11,100.0
2026-01-22,REST002,Urban Spoon Bistro,P006,Potatoes,Vegetables,166,0,58,58,0,5,103,2,0.7,2.5,145.0,-1.1,Thursday,0,0,14,4,Auto-Order,3.5,7.94,100.0
2026-01-22,REST002,Urban Spoon Bistro,P007,Bread,Bakery,34,101,44,44,0,8,83,1,1.2,3.0,132.0,-1.1,Thursday,0,0,12,0,No Action,9.6,15.38,100.0
2026-01-22,REST002,Urban Spoon Bistro,P008,Salmon Fillet,Seafood,27,72,21,21,0,4,74,2,6.5,14.5,304.5,-1.1,Thursday,0,0,6,0,No Action,26.0,16.0,100.0
2026-01-22,REST002,Urban Spoon Bistro,P009,Avocado,Vegetables,54,58,27,27,0,6,79,2,1.5,4.2,113.4,-1.1,Thursday,0,0,7,0,No Action,9.0,18.18,100.0
2026-01-22,REST002,Urban Spoon Bistro,P010,Pasta,Dry Goods,171,155,46,46,0,2,278,4,0.9,3.0,138.0,-1.1,Thursday,0,0,14,0,No Action,1.8,4.17,100.0
2026-01-23,REST002,Urban Spoon Bistro,P001,Chicken Breast,Meat,185,19,43,43,0,6,155,3,4.2,9.5,408.5,-0.4,Friday,0,0,12,0,No Action,25.2,12.24,100.0
2026-01-23,REST002,Urban Spoon Bistro,P002,Tomatoes,Vegetables,182,0,59,59,0,9,114,2,1.1,3.2,188.8,-0.4,Friday,0,0,16,17,Auto-Order,9.9,13.24,100.0
2026-01-23,REST002,Urban Spoon Bistro,P003,Rice,Dry Goods,356,0,63,63,0,4,289,4,0.8,2.8,176.4,-0.4,Friday,0,0,18,0,No Action,3.2,5.97,100.0
2026-01-23,REST002,Urban Spoon Bistro,P004,Milk,Dairy,77,97,37,37,0,6,131,2,1.0,2.4,88.8,-0.4,Friday,0,0,10,0,No Action,6.0,13.95,100.0
2026-01-23,REST002,Urban Spoon Bistro,P005,Cheese,Dairy,125,0,29,29,0,3,93,3,2.8,6.5,188.5,-0.4,Friday,0,0,8,0,No Action,8.4,9.38,100.0
2026-01-23,REST002,Urban Spoon Bistro,P006,Potatoes,Vegetables,103,133,49,49,0,8,179,2,0.7,2.5,122.5,-0.4,Friday,0,0,14,0,No Action,5.6,14.04,100.0
2026-01-23,REST002,Urban Spoon Bistro,P007,Bread,Bakery,83,0,44,44,0,4,35,1,1.2,3.0,132.0,-0.4,Friday,0,0,12,46,Auto-Order,4.8,8.33,100.0
2026-01-23,REST002,Urban Spoon Bistro,P008,Salmon Fillet,Seafood,74,10,20,20,0,3,61,2,6.5,14.5,290.0,-0.4,Friday,0,0,6,0,No Action,19.5,13.04,100.0
2026-01-23,REST002,Urban Spoon Bistro,P009,Avocado,Vegetables,79,0,27,27,0,3,49,2,1.5,4.2,113.4,-0.4,Friday,0,0,7,12,Auto-Order,4.5,10.0,100.0
2026-01-23,REST002,Urban Spoon Bistro,P010,Pasta,Dry Goods,278,0,51,51,0,3,224,4,0.9,3.0,153.0,-0.4,Friday,0,0,14,0,No Action,2.7,5.56,100.0
2026-01-24,REST002,Urban Spoon Bistro,P001,Chicken Breast,Meat,155,0,49,49,0,5,101,3,4.2,9.5,465.5,3.1,Saturday,1,0,12,17,Auto-Order,21.0,9.26,100.0
2026-01-24,REST002,Urban Spoon Bistro,P002,Tomatoes,Vegetables,114,136,67,67,0,11,172,2,1.1,3.2,214.4,3.1,Saturday,1,0,16,0,No Action,12.1,14.1,100.0
2026-01-24,REST002,Urban Spoon Bistro,P003,Rice,Dry Goods,289,0,89,89,0,1,199,4,0.8,2.8,249.2,3.1,Saturday,1,0,18,0,No Action,0.8,1.11,100.0
2026-01-24,REST002,Urban Spoon Bistro,P004,Milk,Dairy,131,0,45,45,0,4,82,2,1.0,2.4,108.0,3.1,Saturday,1,0,10,6,Auto-Order,4.0,8.16,100.0
2026-01-24,REST002,Urban Spoon Bistro,P005,Cheese,Dairy,93,0,42,42,0,4,47,3,2.8,6.5,273.0,3.1,Saturday,1,0,8,31,Auto-Order,11.2,8.7,100.0
2026-01-24,REST002,Urban Spoon Bistro,P006,Potatoes,Vegetables,179,0,72,72,0,6,101,2,0.7,2.5,180.0,3.1,Saturday,1,0,14,20,Auto-Order,4.2,7.69,100.0
2026-01-24,REST002,Urban Spoon Bistro,P007,Bread,Bakery,35,103,47,47,0,8,83,1,1.2,3.0,141.0,3.1,Saturday,1,0,12,0,No Action,9.6,14.55,100.0
2026-01-24,REST002,Urban Spoon Bistro,P008,Salmon Fillet,Seafood,61,0,26,26,0,3,32,2,6.5,14.5,377.0,3.1,Saturday,1,0,6,19,Auto-Order,19.5,10.34,100.0
2026-01-24,REST002,Urban Spoon Bistro,P009,Avocado,Vegetables,49,64,30,30,0,6,77,2,1.5,4.2,126.0,3.1,Saturday,1,0,7,0,No Action,9.0,16.67,100.0
2026-01-24,REST002,Urban Spoon Bistro,P010,Pasta,Dry Goods,224,0,67,67,0,2,155,4,0.9,3.0,201.0,3.1,Saturday,1,0,14,0,No Action,1.8,2.9,100.0
2026-01-25,REST002,Urban Spoon Bistro,P001,Chicken Breast,Meat,101,146,46,46,0,9,192,3,4.2,9.5,437.0,4.7,Sunday,1,0,12,0,No Action,37.8,16.36,100.0
2026-01-25,REST002,Urban Spoon Bistro,P002,Tomatoes,Vegetables,172,0,56,56,0,8,108,2,1.1,3.2,179.2,4.7,Sunday,1,0,16,7,Auto-Order,8.8,12.5,100.0
2026-01-25,REST002,Urban Spoon Bistro,P003,Rice,Dry Goods,199,231,83,83,0,4,343,4,0.8,2.8,232.4,4.7,Sunday,1,0,18,0,No Action,3.2,4.6,100.0
2026-01-25,REST002,Urban Spoon Bistro,P004,Milk,Dairy,82,88,45,45,0,5,120,2,1.0,2.4,108.0,4.7,Sunday,1,0,10,0,No Action,5.0,10.0,100.0
2026-01-25,REST002,Urban Spoon Bistro,P005,Cheese,Dairy,47,120,35,35,0,5,127,3,2.8,6.5,227.5,4.7,Sunday,1,0,8,0,No Action,14.0,12.5,100.0
2026-01-25,REST002,Urban Spoon Bistro,P006,Potatoes,Vegetables,101,126,67,67,0,8,152,2,0.7,2.5,167.5,4.7,Sunday,1,0,14,0,No Action,5.6,10.67,100.0
2026-01-25,REST002,Urban Spoon Bistro,P007,Bread,Bakery,83,0,51,51,0,4,28,1,1.2,3.0,153.0,4.7,Sunday,1,0,12,44,Auto-Order,4.8,7.27,100.0
2026-01-25,REST002,Urban Spoon Bistro,P008,Salmon Fillet,Seafood,32,65,23,23,0,3,71,2,6.5,14.5,333.5,4.7,Sunday,1,0,6,0,No Action,19.5,11.54,100.0
2026-01-25,REST002,Urban Spoon Bistro,P009,Avocado,Vegetables,77,0,37,37,0,3,37,2,1.5,4.2,155.4,4.7,Sunday,1,0,7,16,Auto-Order,4.5,7.5,100.0
2026-01-25,REST002,Urban Spoon Bistro,P010,Pasta,Dry Goods,155,166,58,58,0,2,261,4,0.9,3.0,174.0,4.7,Sunday,1,0,14,0,No Action,1.8,3.33,100.0
2026-01-26,REST002,Urban Spoon Bistro,P001,Chicken Breast,Meat,192,0,44,44,0,6,142,3,4.2,9.5,418.0,0.6,Monday,0,0,12,0,No Action,25.2,12.0,100.0
2026-01-26,REST002,Urban Spoon Bistro,P002,Tomatoes,Vegetables,108,142,56,56,0,12,182,2,1.1,3.2,179.2,0.6,Monday,0,0,16,0,No Action,13.2,17.65,100.0
2026-01-26,REST002,Urban Spoon Bistro,P003,Rice,Dry Goods,343,0,61,61,0,3,279,4,0.8,2.8,170.8,0.6,Monday,0,0,18,0,No Action,2.4,4.69,100.0
2026-01-26,REST002,Urban Spoon Bistro,P004,Milk,Dairy,120,14,37,37,0,4,93,2,1.0,2.4,88.8,0.6,Monday,0,0,10,0,No Action,4.0,9.76,100.0
2026-01-26,REST002,Urban Spoon Bistro,P005,Cheese,Dairy,127,0,27,27,0,4,96,3,2.8,6.5,175.5,0.6,Monday,0,0,8,0,No Action,11.2,12.9,100.0
2026-01-26,REST002,Urban Spoon Bistro,P006,Potatoes,Vegetables,152,0,56,56,0,6,90,2,0.7,2.5,140.0,0.6,Monday,0,0,14,17,Auto-Order,4.2,9.68,100.0
2026-01-26,REST002,Urban Spoon Bistro,P007,Bread,Bakery,28,115,46,46,0,8,89,1,1.2,3.0,138.0,0.6,Monday,0,0,12,0,No Action,9.6,14.81,100.0
2026-01-26,REST002,Urban Spoon Bistro,P008,Salmon Fillet,Seafood,71,0,22,22,0,4,45,2,6.5,14.5,319.0,0.6,Monday,0,0,6,0,No Action,26.0,15.38,100.0
2026-01-26,REST002,Urban Spoon Bistro,P009,Avocado,Vegetables,37,74,28,28,0,5,78,2,1.5,4.2,117.6,0.6,Monday,0,0,7,0,No Action,7.5,15.15,100.0
2026-01-26,REST002,Urban Spoon Bistro,P010,Pasta,Dry Goods,261,29,50,50,0,1,239,4,0.9,3.0,150.0,0.6,Monday,0,0,14,0,No Action,0.9,1.96,100.0
2026-01-27,REST002,Urban Spoon Bistro,P001,Chicken Breast,Meat,142,0,44,44,0,6,92,3,4.2,9.5,418.0,0.5,Tuesday,0,0,12,11,Auto-Order,25.2,12.0,100.0
2026-01-27,REST002,Urban Spoon Bistro,P002,Tomatoes,Vegetables,182,0,69,69,0,9,104,2,1.1,3.2,220.8,0.5,Tuesday,0,1,16,11,Auto-Order,9.9,11.54,100.0
2026-01-27,REST002,Urban Spoon Bistro,P003,Rice,Dry Goods,279,0,68,68,0,1,210,4,0.8,2.8,190.4,0.5,Tuesday,0,0,18,0,No Action,0.8,1.45,100.0
2026-01-27,REST002,Urban Spoon Bistro,P004,Milk,Dairy,93,0,37,37,0,3,53,2,1.0,2.4,88.8,0.5,Tuesday,0,0,10,24,Auto-Order,3.0,7.5,100.0
2026-01-27,REST002,Urban Spoon Bistro,P005,Cheese,Dairy,96,0,32,32,0,1,63,3,2.8,6.5,208.0,0.5,Tuesday,0,0,8,6,Auto-Order,2.8,3.03,100.0
2026-01-27,REST002,Urban Spoon Bistro,P006,Potatoes,Vegetables,90,138,57,57,0,8,163,2,0.7,2.5,142.5,0.5,Tuesday,0,0,14,0,No Action,5.6,12.31,100.0
2026-01-27,REST002,Urban Spoon Bistro,P007,Bread,Bakery,89,0,42,42,0,6,41,1,1.2,3.0,126.0,0.5,Tuesday,0,0,12,31,Auto-Order,7.2,12.5,100.0
2026-01-27,REST002,Urban Spoon Bistro,P008,Salmon Fillet,Seafood,45,48,20,20,0,5,68,2,6.5,14.5,290.0,0.5,Tuesday,0,0,6,0,No Action,32.5,20.0,100.0
2026-01-27,REST002,Urban Spoon Bistro,P009,Avocado,Vegetables,78,0,27,27,0,3,48,2,1.5,4.2,113.4,0.5,Tuesday,0,0,7,5,Auto-Order,4.5,10.0,100.0
2026-01-27,REST002,Urban Spoon Bistro,P010,Pasta,Dry Goods,239,0,54,54,0,3,182,4,0.9,3.0,162.0,0.5,Tuesday,0,0,14,0,No Action,2.7,5.26,100.0
2026-01-28,REST002,Urban Spoon Bistro,P001,Chicken Breast,Meat,92,147,52,52,0,11,176,3,4.2,9.5,494.0,-1.9,Wednesday,0,0,12,0,No Action,46.2,17.46,100.0
2026-01-28,REST002,Urban Spoon Bistro,P002,Tomatoes,Vegetables,104,140,58,58,0,14,172,2,1.1,3.2,185.6,-1.9,Wednesday,0,0,16,0,No Action,15.4,19.44,100.0
2026-01-28,REST002,Urban Spoon Bistro,P003,Rice,Dry Goods,210,228,63,63,0,2,373,4,0.8,2.8,176.4,-1.9,Wednesday,0,0,18,0,No Action,1.6,3.08,100.0
2026-01-28,REST002,Urban Spoon Bistro,P004,Milk,Dairy,53,117,48,48,0,6,116,2,1.0,2.4,115.2,-1.9,Wednesday,0,1,10,0,No Action,6.0,11.11,100.0
2026-01-28,REST002,Urban Spoon Bistro,P005,Cheese,Dairy,63,100,31,31,0,6,126,3,2.8,6.5,201.5,-1.9,Wednesday,0,0,8,0,No Action,16.8,16.22,100.0
2026-01-28,REST002,Urban Spoon Bistro,P006,Potatoes,Vegetables,163,0,71,71,0,7,85,2,0.7,2.5,177.5,-1.9,Wednesday,0,1,14,22,Auto-Order,4.9,8.97,100.0
2026-01-28,REST002,Urban Spoon Bistro,P007,Bread,Bakery,41,95,43,43,0,7,86,1,1.2,3.0,129.0,-1.9,Wednesday,0,0,12,0,No Action,8.4,14.0,100.0
2026-01-28,REST002,Urban Spoon Bistro,P008,Salmon Fillet,Seafood,68,0,29,29,0,3,36,2,6.5,14.5,420.5,-1.9,Wednesday,0,1,6,8,Auto-Order,19.5,9.38,100.0
2026-01-28,REST002,Urban Spoon Bistro,P009,Avocado,Vegetables,48,72,34,34,0,5,81,2,1.5,4.2,142.8,-1.9,Wednesday,0,1,7,0,No Action,7.5,12.82,100.0
2026-01-28,REST002,Urban Spoon Bistro,P010,Pasta,Dry Goods,182,0,55,55,0,1,126,4,0.9,3.0,165.0,-1.9,Wednesday,0,0,14,0,No Action,0.9,1.79,100.0
2026-01-29,REST002,Urban Spoon Bistro,P001,Chicken Breast,Meat,176,0,44,44,0,7,125,3,4.2,9.5,418.0,1.1,Thursday,0,0,12,0,No Action,29.4,13.73,100.0
2026-01-29,REST002,Urban Spoon Bistro,P002,Tomatoes,Vegetables,172,0,61,61,0,9,102,2,1.1,3.2,195.2,1.1,Thursday,0,0,16,13,Auto-Order,9.9,12.86,100.0
2026-01-29,REST002,Urban Spoon Bistro,P003,Rice,Dry Goods,373,0,63,63,0,3,307,4,0.8,2.8,176.4,1.1,Thursday,0,0,18,0,No Action,2.4,4.55,100.0
2026-01-29,REST002,Urban Spoon Bistro,P004,Milk,Dairy,116,0,34,34,0,4,78,2,1.0,2.4,81.6,1.1,Thursday,0,0,10,0,No Action,4.0,10.53,100.0
2026-01-29,REST002,Urban Spoon Bistro,P005,Cheese,Dairy,126,0,33,33,0,3,90,3,2.8,6.5,214.5,1.1,Thursday,0,0,8,0,No Action,8.4,8.33,100.0
2026-01-29,REST002,Urban Spoon Bistro,P006,Potatoes,Vegetables,85,151,63,63,0,9,164,2,0.7,2.5,157.5,1.1,Thursday,0,0,14,0,No Action,6.3,12.5,100.0
2026-01-29,REST002,Urban Spoon Bistro,P007,Bread,Bakery,86,0,45,45,0,6,35,1,1.2,3.0,135.0,1.1,Thursday,0,0,12,37,Auto-Order,7.2,11.76,100.0
2026-01-29,REST002,Urban Spoon Bistro,P008,Salmon Fillet,Seafood,36,59,18,18,0,4,73,2,6.5,14.5,261.0,1.1,Thursday,0,0,6,0,No Action,26.0,18.18,100.0
2026-01-29,REST002,Urban Spoon Bistro,P009,Avocado,Vegetables,81,0,30,30,0,2,49,2,1.5,4.2,126.0,1.1,Thursday,0,0,7,4,Auto-Order,3.0,6.25,100.0
2026-01-29,REST002,Urban Spoon Bistro,P010,Pasta,Dry Goods,126,196,53,53,0,2,267,4,0.9,3.0,159.0,1.1,Thursday,0,0,14,0,No Action,1.8,3.64,100.0
2026-01-30,REST002,Urban Spoon Bistro,P001,Chicken Breast,Meat,125,115,63,63,0,10,167,3,4.2,9.5,598.5,0.2,Friday,0,1,12,0,No Action,42.0,13.7,100.0
2026-01-30,REST002,Urban Spoon Bistro,P002,Tomatoes,Vegetables,102,146,56,56,0,12,180,2,1.1,3.2,179.2,0.2,Friday,0,0,16,0,No Action,13.2,17.65,100.0
2026-01-30,REST002,Urban Spoon Bistro,P003,Rice,Dry Goods,307,0,56,56,0,3,248,4,0.8,2.8,156.8,0.2,Friday,0,0,18,0,No Action,2.4,5.08,100.0
2026-01-30,REST002,Urban Spoon Bistro,P004,Milk,Dairy,78,90,36,36,0,4,128,2,1.0,2.4,86.4,0.2,Friday,0,0,10,0,No Action,4.0,10.0,100.0
2026-01-30,REST002,Urban Spoon Bistro,P005,Cheese,Dairy,90,0,35,35,0,1,54,3,2.8,6.5,227.5,0.2,Friday,0,0,8,24,Auto-Order,2.8,2.78,100.0
2026-01-30,REST002,Urban Spoon Bistro,P006,Potatoes,Vegetables,164,0,61,61,0,5,98,2,0.7,2.5,152.5,0.2,Friday,0,0,14,23,Auto-Order,3.5,7.58,100.0
2026-01-30,REST002,Urban Spoon Bistro,P007,Bread,Bakery,35,107,45,45,0,7,90,1,1.2,3.0,135.0,0.2,Friday,0,0,12,0,No Action,8.4,13.46,100.0
2026-01-30,REST002,Urban Spoon Bistro,P008,Salmon Fillet,Seafood,73,0,23,23,0,2,48,2,6.5,14.5,333.5,0.2,Friday,0,0,6,3,Auto-Order,13.0,8.0,100.0
2026-01-30,REST002,Urban Spoon Bistro,P009,Avocado,Vegetables,49,62,24,24,0,5,82,2,1.5,4.2,100.8,0.2,Friday,0,0,7,0,No Action,7.5,17.24,100.0
2026-01-30,REST002,Urban Spoon Bistro,P010,Pasta,Dry Goods,267,0,45,45,0,1,221,4,0.9,3.0,135.0,0.2,Friday,0,0,14,0,No Action,0.9,2.17,100.0
2026-01-31,REST002,Urban Spoon Bistro,P001,Chicken Breast,Meat,167,0,53,53,0,5,109,3,4.2,9.5,503.5,0.1,Saturday,1,0,12,9,Auto-Order,21.0,8.62,100.0
2026-01-31,REST002,Urban Spoon Bistro,P002,Tomatoes,Vegetables,180,0,70,70,0,8,102,2,1.1,3.2,224.0,0.1,Saturday,1,0,16,29,Auto-Order,8.8,10.26,100.0
2026-01-31,REST002,Urban Spoon Bistro,P003,Rice,Dry Goods,248,0,74,74,0,2,172,4,0.8,2.8,207.2,0.1,Saturday,1,0,18,6,Auto-Order,1.6,2.63,100.0
2026-01-31,REST002,Urban Spoon Bistro,P004,Milk,Dairy,128,0,46,46,0,3,79,2,1.0,2.4,110.4,0.1,Saturday,1,0,10,9,Auto-Order,3.0,6.12,100.0
2026-01-31,REST002,Urban Spoon Bistro,P005,Cheese,Dairy,54,103,35,35,0,4,118,3,2.8,6.5,227.5,0.1,Saturday,1,0,8,0,No Action,11.2,10.26,100.0
2026-01-31,REST002,Urban Spoon Bistro,P006,Potatoes,Vegetables,98,130,62,62,0,9,157,2,0.7,2.5,155.0,0.1,Saturday,1,0,14,0,No Action,6.3,12.68,100.0
2026-01-31,REST002,Urban Spoon Bistro,P007,Bread,Bakery,90,0,49,49,0,6,35,1,1.2,3.0,147.0,0.1,Saturday,1,0,12,46,Auto-Order,7.2,10.91,100.0
2026-01-31,REST002,Urban Spoon Bistro,P008,Salmon Fillet,Seafood,48,53,27,27,0,5,69,2,6.5,14.5,391.5,0.1,Saturday,1,0,6,0,No Action,32.5,15.62,100.0
2026-01-31,REST002,Urban Spoon Bistro,P009,Avocado,Vegetables,82,0,32,32,0,4,46,2,1.5,4.2,134.4,0.1,Saturday,1,0,7,15,Auto-Order,6.0,11.11,100.0
2026-01-31,REST002,Urban Spoon Bistro,P010,Pasta,Dry Goods,221,0,74,74,0,1,146,4,0.9,3.0,222.0,0.1,Saturday,1,0,14,0,No Action,0.9,1.33,100.0
2026-02-01,REST002,Urban Spoon Bistro,P001,Chicken Breast,Meat,109,137,52,52,0,7,187,3,4.2,9.5,494.0,4.2,Sunday,1,0,12,0,No Action,29.4,11.86,100.0
2026-02-01,REST002,Urban Spoon Bistro,P002,Tomatoes,Vegetables,102,149,61,61,0,13,177,2,1.1,3.2,195.2,4.2,Sunday,1,0,16,0,No Action,14.3,17.57,100.0
2026-02-01,REST002,Urban Spoon Bistro,P003,Rice,Dry Goods,172,260,100,100,0,4,328,4,0.8,2.8,280.0,4.2,Sunday,1,1,18,0,No Action,3.2,3.85,100.0
2026-02-01,REST002,Urban Spoon Bistro,P004,Milk,Dairy,79,87,59,59,0,6,101,2,1.0,2.4,141.6,4.2,Sunday,1,1,10,0,No Action,6.0,9.23,100.0
2026-02-01,REST002,Urban Spoon Bistro,P005,Cheese,Dairy,118,0,36,36,0,4,78,3,2.8,6.5,234.0,4.2,Sunday,1,0,8,0,No Action,11.2,10.0,100.0
2026-02-01,REST002,Urban Spoon Bistro,P006,Potatoes,Vegetables,157,0,78,78,0,4,75,2,0.7,2.5,195.0,4.2,Sunday,1,1,14,32,Auto-Order,2.8,4.88,100.0
2026-02-01,REST002,Urban Spoon Bistro,P007,Bread,Bakery,35,100,57,57,0,8,70,1,1.2,3.0,171.0,4.2,Sunday,1,0,12,2,Auto-Order,9.6,12.31,100.0
2026-02-01,REST002,Urban Spoon Bistro,P008,Salmon Fillet,Seafood,69,0,25,25,0,3,41,2,6.5,14.5,362.5,4.2,Sunday,1,0,6,3,Auto-Order,19.5,10.71,100.0
2026-02-01,REST002,Urban Spoon Bistro,P009,Avocado,Vegetables,46,77,32,32,0,5,86,2,1.5,4.2,134.4,4.2,Sunday,1,0,7,0,No Action,7.5,13.51,100.0
2026-02-01,REST002,Urban Spoon Bistro,P010,Pasta,Dry Goods,146,176,65,65,0,4,253,4,0.9,3.0,195.0,4.2,Sunday,1,0,14,0,No Action,3.6,5.8,100.0
2026-02-02,REST002,Urban Spoon Bistro,P001,Chicken Breast,Meat,187,0,45,45,0,7,135,3,4.2,9.5,427.5,3.3,Monday,0,0,12,0,No Action,29.4,13.46,100.0
2026-02-02,REST002,Urban Spoon Bistro,P002,Tomatoes,Vegetables,177,0,58,58,0,9,110,2,1.1,3.2,185.6,3.3,Monday,0,0,16,5,Auto-Order,9.9,13.43,100.0
2026-02-02,REST002,Urban Spoon Bistro,P003,Rice,Dry Goods,328,0,64,64,0,3,261,4,0.8,2.8,179.2,3.3,Monday,0,0,18,0,No Action,2.4,4.48,100.0
2026-02-02,REST002,Urban Spoon Bistro,P004,Milk,Dairy,101,0,35,35,0,2,64,2,1.0,2.4,84.0,3.3,Monday,0,0,10,13,Auto-Order,2.0,5.41,100.0
2026-02-02,REST002,Urban Spoon Bistro,P005,Cheese,Dairy,78,86,32,32,0,4,128,3,2.8,6.5,208.0,3.3,Monday,0,0,8,0,No Action,11.2,11.11,100.0
2026-02-02,REST002,Urban Spoon Bistro,P006,Potatoes,Vegetables,75,152,64,64,0,9,154,2,0.7,2.5,160.0,3.3,Monday,0,0,14,0,No Action,6.3,12.33,100.0
2026-02-02,REST002,Urban Spoon Bistro,P007,Bread,Bakery,70,0,44,44,0,4,22,1,1.2,3.0,132.0,3.3,Monday,0,0,12,50,Auto-Order,4.8,8.33,100.0
2026-02-02,REST002,Urban Spoon Bistro,P008,Salmon Fillet,Seafood,41,50,26,26,0,3,62,2,6.5,14.5,377.0,3.3,Monday,0,0,6,0,No Action,19.5,10.34,100.0
2026-02-02,REST002,Urban Spoon Bistro,P009,Avocado,Vegetables,86,0,31,31,0,3,52,2,1.5,4.2,130.2,3.3,Monday,0,0,7,1,Auto-Order,4.5,8.82,100.0
2026-02-02,REST002,Urban Spoon Bistro,P010,Pasta,Dry Goods,253,0,54,54,0,2,197,4,0.9,3.0,162.0,3.3,Monday,0,0,14,0,No Action,1.8,3.57,100.0
2026-02-03,REST002,Urban Spoon Bistro,P001,Chicken Breast,Meat,135,0,43,43,0,5,87,3,4.2,9.5,408.5,-0.5,Tuesday,0,0,12,16,Auto-Order,21.0,10.42,100.0
2026-02-03,REST002,Urban Spoon Bistro,P002,Tomatoes,Vegetables,110,137,61,61,0,11,175,2,1.1,3.2,195.2,-0.5,Tuesday,0,0,16,0,No Action,12.1,15.28,100.0
2026-02-03,REST002,Urban Spoon Bistro,P003,Rice,Dry Goods,261,0,57,57,0,2,202,4,0.8,2.8,159.6,-0.5,Tuesday,0,0,18,0,No Action,1.6,3.39,100.0
2026-02-03,REST002,Urban Spoon Bistro,P004,Milk,Dairy,64,105,45,45,0,7,117,2,1.0,2.4,108.0,-0.5,Tuesday,0,0,10,0,No Action,7.0,13.46,100.0
2026-02-03,REST002,Urban Spoon Bistro,P005,Cheese,Dairy,128,0,31,31,0,4,93,3,2.8,6.5,201.5,-0.5,Tuesday,0,0,8,0,No Action,11.2,11.43,100.0
2026-02-03,REST002,Urban Spoon Bistro,P006,Potatoes,Vegetables,154,0,64,64,0,5,85,2,0.7,2.5,160.0,-0.5,Tuesday,0,0,14,22,Auto-Order,3.5,7.25,100.0
2026-02-03,REST002,Urban Spoon Bistro,P007,Bread,Bakery,22,111,36,36,0,8,89,1,1.2,3.0,108.0,-0.5,Tuesday,0,0,12,0,No Action,9.6,18.18,100.0
2026-02-03,REST002,Urban Spoon Bistro,P008,Salmon Fillet,Seafood,62,0,25,25,0,4,33,2,6.5,14.5,362.5,-0.5,Tuesday,0,0,6,11,Auto-Order,26.0,13.79,100.0
2026-02-03,REST002,Urban Spoon Bistro,P009,Avocado,Vegetables,52,60,29,29,0,7,76,2,1.5,4.2,121.8,-0.5,Tuesday,0,0,7,0,No Action,10.5,19.44,100.0
2026-02-03,REST002,Urban Spoon Bistro,P010,Pasta,Dry Goods,197,0,56,56,0,1,140,4,0.9,3.0,168.0,-0.5,Tuesday,0,0,14,0,No Action,0.9,1.75,100.0
2026-02-04,REST002,Urban Spoon Bistro,P001,Chicken Breast,Meat,87,153,48,48,0,7,185,3,4.2,9.5,456.0,1.1,Wednesday,0,0,12,0,No Action,29.4,12.73,100.0
2026-02-04,REST002,Urban Spoon Bistro,P002,Tomatoes,Vegetables,175,0,64,64,0,9,102,2,1.1,3.2,204.8,1.1,Wednesday,0,0,16,13,Auto-Order,9.9,12.33,100.0
2026-02-04,REST002,Urban Spoon Bistro,P003,Rice,Dry Goods,202,232,64,64,0,2,368,4,0.8,2.8,179.2,1.1,Wednesday,0,0,18,0,No Action,1.6,3.03,100.0
2026-02-04,REST002,Urban Spoon Bistro,P004,Milk,Dairy,117,0,34,34,0,3,80,2,1.0,2.4,81.6,1.1,Wednesday,0,0,10,0,No Action,3.0,8.11,100.0
2026-02-04,REST002,Urban Spoon Bistro,P005,Cheese,Dairy,93,0,31,31,0,3,59,3,2.8,6.5,201.5,1.1,Wednesday,0,0,8,10,Auto-Order,8.4,8.82,100.0
2026-02-04,REST002,Urban Spoon Bistro,P006,Potatoes,Vegetables,85,152,51,51,0,9,177,2,0.7,2.5,127.5,1.1,Wednesday,0,0,14,0,No Action,6.3,15.0,100.0
2026-02-04,REST002,Urban Spoon Bistro,P007,Bread,Bakery,89,0,40,40,0,5,44,1,1.2,3.0,120.0,1.1,Wednesday,0,0,12,28,Auto-Order,6.0,11.11,100.0
2026-02-04,REST002,Urban Spoon Bistro,P008,Salmon Fillet,Seafood,33,69,22,22,0,3,77,2,6.5,14.5,319.0,1.1,Wednesday,0,0,6,0,No Action,19.5,12.0,100.0
2026-02-04,REST002,Urban Spoon Bistro,P009,Avocado,Vegetables,76,0,29,29,0,4,43,2,1.5,4.2,121.8,1.1,Wednesday,0,0,7,10,Auto-Order,6.0,12.12,100.0
2026-02-04,REST002,Urban Spoon Bistro,P010,Pasta,Dry Goods,140,183,53,53,0,3,267,4,0.9,3.0,159.0,1.1,Wednesday,0,0,14,0,No Action,2.7,5.36,100.0
2026-02-05,REST002,Urban Spoon Bistro,P001,Chicken Breast,Meat,185,0,38,38,0,6,141,3,4.2,9.5,361.0,-0.6,Thursday,0,0,12,0,No Action,25.2,13.64,100.0
2026-02-05,REST002,Urban Spoon Bistro,P002,Tomatoes,Vegetables,102,147,59,59,0,12,178,2,1.1,3.2,188.8,-0.6,Thursday,0,0,16,0,No Action,13.2,16.9,100.0
2026-02-05,REST002,Urban Spoon Bistro,P003,Rice,Dry Goods,368,0,73,73,0,3,292,4,0.8,2.8,204.4,-0.6,Thursday,0,0,18,0,No Action,2.4,3.95,100.0
2026-02-05,REST002,Urban Spoon Bistro,P004,Milk,Dairy,80,83,42,42,0,6,115,2,1.0,2.4,100.8,-0.6,Thursday,0,0,10,0,No Action,6.0,12.5,100.0
2026-02-05,REST002,Urban Spoon Bistro,P005,Cheese,Dairy,59,107,32,32,0,3,131,3,2.8,6.5,208.0,-0.6,Thursday,0,0,8,0,No Action,8.4,8.57,100.0
2026-02-05,REST002,Urban Spoon Bistro,P006,Potatoes,Vegetables,177,0,64,64,0,6,107,2,0.7,2.5,160.0,-0.6,Thursday,0,0,14,0,No Action,4.2,8.57,100.0
2026-02-05,REST002,Urban Spoon Bistro,P007,Bread,Bakery,44,92,53,53,0,8,75,1,1.2,3.0,159.0,-0.6,Thursday,0,1,12,0,No Action,9.6,13.11,100.0
2026-02-05,REST002,Urban Spoon Bistro,P008,Salmon Fillet,Seafood,77,0,24,24,0,4,49,2,6.5,14.5,348.0,-0.6,Thursday,0,0,6,0,No Action,26.0,14.29,100.0
2026-02-05,REST002,Urban Spoon Bistro,P009,Avocado,Vegetables,43,76,24,24,0,4,91,2,1.5,4.2,100.8,-0.6,Thursday,0,0,7,0,No Action,6.0,14.29,100.0
2026-02-05,REST002,Urban Spoon Bistro,P010,Pasta,Dry Goods,267,0,57,57,0,1,209,4,0.9,3.0,171.0,-0.6,Thursday,0,0,14,0,No Action,0.9,1.72,100.0
2026-02-06,REST002,Urban Spoon Bistro,P001,Chicken Breast,Meat,141,0,41,41,0,5,95,3,4.2,9.5,389.5,2.2,Friday,0,0,12,23,Auto-Order,21.0,10.87,100.0
2026-02-06,REST002,Urban Spoon Bistro,P002,Tomatoes,Vegetables,178,0,55,55,0,10,113,2,1.1,3.2,176.0,2.2,Friday,0,0,16,18,Auto-Order,11.0,15.38,100.0
2026-02-06,REST002,Urban Spoon Bistro,P003,Rice,Dry Goods,292,0,71,71,0,2,219,4,0.8,2.8,198.8,2.2,Friday,0,0,18,0,No Action,1.6,2.74,100.0
2026-02-06,REST002,Urban Spoon Bistro,P004,Milk,Dairy,115,0,40,40,0,4,71,2,1.0,2.4,96.0,2.2,Friday,0,0,10,17,Auto-Order,4.0,9.09,100.0
2026-02-06,REST002,Urban Spoon Bistro,P005,Cheese,Dairy,131,0,32,32,0,3,96,3,2.8,6.5,208.0,2.2,Friday,0,0,8,0,No Action,8.4,8.57,100.0
2026-02-06,REST002,Urban Spoon Bistro,P006,Potatoes,Vegetables,107,130,74,74,0,9,154,2,0.7,2.5,185.0,2.2,Friday,0,1,14,0,No Action,6.3,10.84,100.0
2026-02-06,REST002,Urban Spoon Bistro,P007,Bread,Bakery,75,0,47,47,0,4,24,1,1.2,3.0,141.0,2.2,Friday,0,0,12,57,Manager Review,4.8,7.84,100.0
2026-02-06,REST002,Urban Spoon Bistro,P008,Salmon Fillet,Seafood,49,52,18,18,0,4,79,2,6.5,14.5,261.0,2.2,Friday,0,0,6,0,No Action,26.0,18.18,100.0
2026-02-06,REST002,Urban Spoon Bistro,P009,Avocado,Vegetables,91,8,27,27,0,4,68,2,1.5,4.2,113.4,2.2,Friday,0,0,7,0,No Action,6.0,12.9,100.0
2026-02-06,REST002,Urban Spoon Bistro,P010,Pasta,Dry Goods,209,22,48,48,0,2,181,4,0.9,3.0,144.0,2.2,Friday,0,0,14,0,No Action,1.8,4.0,100.0
2026-02-07,REST002,Urban Spoon Bistro,P001,Chicken Breast,Meat,95,141,49,49,0,8,179,3,4.2,9.5,465.5,3.8,Saturday,1,0,12,0,No Action,33.6,14.04,100.0
2026-02-07,REST002,Urban Spoon Bistro,P002,Tomatoes,Vegetables,113,136,67,67,0,12,170,2,1.1,3.2,214.4,3.8,Saturday,1,0,16,0,No Action,13.2,15.19,100.0
2026-02-07,REST002,Urban Spoon Bistro,P003,Rice,Dry Goods,219,208,73,73,0,4,350,4,0.8,2.8,204.4,3.8,Saturday,1,0,18,0,No Action,3.2,5.19,100.0
2026-02-07,REST002,Urban Spoon Bistro,P004,Milk,Dairy,71,92,47,47,0,6,110,2,1.0,2.4,112.8,3.8,Saturday,1,0,10,0,No Action,6.0,11.32,100.0
2026-02-07,REST002,Urban Spoon Bistro,P005,Cheese,Dairy,96,0,34,34,0,3,59,3,2.8,6.5,221.0,3.8,Saturday,1,0,8,19,Auto-Order,8.4,8.11,100.0
2026-02-07,REST002,Urban Spoon Bistro,P006,Potatoes,Vegetables,154,0,76,76,0,6,72,2,0.7,2.5,190.0,3.8,Saturday,1,0,14,49,Auto-Order,4.2,7.32,100.0
2026-02-07,REST002,Urban Spoon Bistro,P007,Bread,Bakery,24,115,63,63,0,7,69,1,1.2,3.0,189.0,3.8,Saturday,1,1,12,12,Auto-Order,8.4,10.0,100.0
2026-02-07,REST002,Urban Spoon Bistro,P008,Salmon Fillet,Seafood,79,0,23,23,0,2,54,2,6.5,14.5,333.5,3.8,Saturday,1,0,6,0,No Action,13.0,8.0,100.0
2026-02-07,REST002,Urban Spoon Bistro,P009,Avocado,Vegetables,68,0,30,30,0,3,35,2,1.5,4.2,126.0,3.8,Saturday,1,0,7,26,Auto-Order,4.5,9.09,100.0
2026-02-07,REST002,Urban Spoon Bistro,P010,Pasta,Dry Goods,181,0,63,63,0,1,117,4,0.9,3.0,189.0,3.8,Saturday,1,0,14,17,Auto-Order,0.9,1.56,100.0
2026-02-08,REST002,Urban Spoon Bistro,P001,Chicken Breast,Meat,179,0,58,58,0,6,115,3,4.2,9.5,551.0,-0.8,Sunday,1,0,12,0,No Action,25.2,9.38,100.0
2026-02-08,REST002,Urban Spoon Bistro,P002,Tomatoes,Vegetables,170,26,69,69,0,10,117,2,1.1,3.2,220.8,-0.8,Sunday,1,0,16,0,No Action,11.0,12.66,100.0
2026-02-08,REST002,Urban Spoon Bistro,P003,Rice,Dry Goods,350,0,85,85,0,3,262,4,0.8,2.8,238.0,-0.8,Sunday,1,1,18,0,No Action,2.4,3.41,100.0
2026-02-08,REST002,Urban Spoon Bistro,P004,Milk,Dairy,110,0,50,50,0,4,56,2,1.0,2.4,120.0,-0.8,Sunday,1,0,10,21,Auto-Order,4.0,7.41,100.0
2026-02-08,REST002,Urban Spoon Bistro,P005,Cheese,Dairy,59,99,39,39,0,4,115,3,2.8,6.5,253.5,-0.8,Sunday,1,0,8,0,No Action,11.2,9.3,100.0
2026-02-08,REST002,Urban Spoon Bistro,P006,Potatoes,Vegetables,72,158,68,68,0,7,155,2,0.7,2.5,170.0,-0.8,Sunday,1,0,14,0,No Action,4.9,9.33,100.0
2026-02-08,REST002,Urban Spoon Bistro,P007,Bread,Bakery,69,0,71,64,7,5,0,1,1.2,3.0,192.0,-0.8,Sunday,1,1,12,72,Manager Review,6.0,7.25,90.14
2026-02-08,REST002,Urban Spoon Bistro,P008,Salmon Fillet,Seafood,54,0,25,25,0,1,28,2,6.5,14.5,362.5,-0.8,Sunday,1,0,6,16,Auto-Order,6.5,3.85,100.0
2026-02-08,REST002,Urban Spoon Bistro,P009,Avocado,Vegetables,35,76,29,29,0,5,77,2,1.5,4.2,121.8,-0.8,Sunday,1,0,7,0,No Action,7.5,14.71,100.0
2026-02-08,REST002,Urban Spoon Bistro,P010,Pasta,Dry Goods,117,211,86,86,0,5,237,4,0.9,3.0,258.0,-0.8,Sunday,1,1,14,0,No Action,4.5,5.49,100.0
2026-02-09,REST002,Urban Spoon Bistro,P001,Chicken Breast,Meat,115,130,46,46,0,7,192,3,4.2,9.5,437.0,3.4,Monday,0,0,12,0,No Action,29.4,13.21,100.0
2026-02-09,REST002,Urban Spoon Bistro,P002,Tomatoes,Vegetables,117,128,62,62,0,12,171,2,1.1,3.2,198.4,3.4,Monday,0,0,16,0,No Action,13.2,16.22,100.0
2026-02-09,REST002,Urban Spoon Bistro,P003,Rice,Dry Goods,262,0,74,74,0,2,186,4,0.8,2.8,207.2,3.4,Monday,0,0,18,0,No Action,1.6,2.63,100.0
2026-02-09,REST002,Urban Spoon Bistro,P004,Milk,Dairy,56,110,41,41,0,7,118,2,1.0,2.4,98.4,3.4,Monday,0,0,10,0,No Action,7.0,14.58,100.0
2026-02-09,REST002,Urban Spoon Bistro,P005,Cheese,Dairy,115,0,37,37,0,4,74,3,2.8,6.5,240.5,3.4,Monday,0,0,8,0,No Action,11.2,9.76,100.0
2026-02-09,REST002,Urban Spoon Bistro,P006,Potatoes,Vegetables,155,0,57,57,0,5,93,2,0.7,2.5,142.5,3.4,Monday,0,0,14,14,Auto-Order,3.5,8.06,100.0
2026-02-09,REST002,Urban Spoon Bistro,P007,Bread,Bakery,0,144,48,48,0,8,88,1,1.2,3.0,144.0,3.4,Monday,0,0,12,0,No Action,9.6,14.29,100.0
2026-02-09,REST002,Urban Spoon Bistro,P008,Salmon Fillet,Seafood,28,72,31,31,0,5,64,2,6.5,14.5,449.5,3.4,Monday,0,1,6,0,No Action,32.5,13.89,100.0
2026-02-09,REST002,Urban Spoon Bistro,P009,Avocado,Vegetables,77,0,27,27,0,4,46,2,1.5,4.2,113.4,3.4,Monday,0,0,7,7,Auto-Order,6.0,12.9,100.0
2026-02-09,REST002,Urban Spoon Bistro,P010,Pasta,Dry Goods,237,0,52,52,0,2,183,4,0.9,3.0,156.0,3.4,Monday,0,0,14,0,No Action,1.8,3.7,100.0
2026-02-10,REST002,Urban Spoon Bistro,P001,Chicken Breast,Meat,192,0,48,48,0,6,138,3,4.2,9.5,456.0,2.3,Tuesday,0,0,12,0,No Action,25.2,11.11,100.0
2026-02-10,REST002,Urban Spoon Bistro,P002,Tomatoes,Vegetables,171,0,62,62,0,7,102,2,1.1,3.2,198.4,2.3,Tuesday,0,0,16,13,Auto-Order,7.7,10.14,100.0
2026-02-10,REST002,Urban Spoon Bistro,P003,Rice,Dry Goods,186,253,69,69,0,5,365,4,0.8,2.8,193.2,2.3,Tuesday,0,0,18,0,No Action,4.0,6.76,100.0
2026-02-10,REST002,Urban Spoon Bistro,P004,Milk,Dairy,118,0,41,41,0,7,70,2,1.0,2.4,98.4,2.3,Tuesday,0,0,10,7,Auto-Order,7.0,14.58,100.0
2026-02-10,REST002,Urban Spoon Bistro,P005,Cheese,Dairy,74,81,32,32,0,4,119,3,2.8,6.5,208.0,2.3,Tuesday,0,0,8,0,No Action,11.2,11.11,100.0
2026-02-10,REST002,Urban Spoon Bistro,P006,Potatoes,Vegetables,93,138,64,64,0,8,159,2,0.7,2.5,160.0,2.3,Tuesday,0,0,14,0,No Action,5.6,11.11,100.0
2026-02-10,REST002,Urban Spoon Bistro,P007,Bread,Bakery,88,0,44,44,0,5,39,1,1.2,3.0,132.0,2.3,Tuesday,0,0,12,33,Auto-Order,6.0,10.2,100.0
2026-02-10,REST002,Urban Spoon Bistro,P008,Salmon Fillet,Seafood,64,0,23,23,0,2,39,2,6.5,14.5,333.5,2.3,Tuesday,0,0,6,5,Auto-Order,13.0,8.0,100.0
2026-02-10,REST002,Urban Spoon Bistro,P009,Avocado,Vegetables,46,67,29,29,0,6,78,2,1.5,4.2,121.8,2.3,Tuesday,0,0,7,0,No Action,9.0,17.14,100.0
2026-02-10,REST002,Urban Spoon Bistro,P010,Pasta,Dry Goods,183,0,48,48,0,0,135,4,0.9,3.0,144.0,2.3,Tuesday,0,0,14,0,No Action,0.0,0.0,100.0
2026-02-11,REST002,Urban Spoon Bistro,P001,Chicken Breast,Meat,138,0,44,44,0,3,91,3,4.2,9.5,418.0,3.1,Wednesday,0,0,12,12,Auto-Order,12.6,6.38,100.0
2026-02-11,REST002,Urban Spoon Bistro,P002,Tomatoes,Vegetables,102,148,59,59,0,14,177,2,1.1,3.2,188.8,3.1,Wednesday,0,0,16,0,No Action,15.4,19.18,100.0
2026-02-11,REST002,Urban Spoon Bistro,P003,Rice,Dry Goods,365,0,63,63,0,4,298,4,0.8,2.8,176.4,3.1,Wednesday,0,0,18,0,No Action,3.2,5.97,100.0
2026-02-11,REST002,Urban Spoon Bistro,P004,Milk,Dairy,70,102,37,37,0,5,130,2,1.0,2.4,88.8,3.1,Wednesday,0,0,10,0,No Action,5.0,11.9,100.0
2026-02-11,REST002,Urban Spoon Bistro,P005,Cheese,Dairy,119,0,31,31,0,3,85,3,2.8,6.5,201.5,3.1,Wednesday,0,0,8,0,No Action,8.4,8.82,100.0
2026-02-11,REST002,Urban Spoon Bistro,P006,Potatoes,Vegetables,159,0,55,55,0,7,97,2,0.7,2.5,137.5,3.1,Wednesday,0,0,14,10,Auto-Order,4.9,11.29,100.0
2026-02-11,REST002,Urban Spoon Bistro,P007,Bread,Bakery,39,97,45,45,0,8,83,1,1.2,3.0,135.0,3.1,Wednesday,0,0,12,0,No Action,9.6,15.09,100.0
2026-02-11,REST002,Urban Spoon Bistro,P008,Salmon Fillet,Seafood,39,63,24,24,0,4,74,2,6.5,14.5,348.0,3.1,Wednesday,0,0,6,0,No Action,26.0,14.29,100.0
2026-02-11,REST002,Urban Spoon Bistro,P009,Avocado,Vegetables,78,0,26,26,0,4,48,2,1.5,4.2,109.2,3.1,Wednesday,0,0,7,5,Auto-Order,6.0,13.33,100.0
2026-02-11,REST002,Urban Spoon Bistro,P010,Pasta,Dry Goods,135,186,58,58,0,3,260,4,0.9,3.0,174.0,3.1,Wednesday,0,0,14,0,No Action,2.7,4.92,100.0
2026-02-12,REST002,Urban Spoon Bistro,P001,Chicken Breast,Meat,91,148,46,46,0,9,184,3,4.2,9.5,437.0,6.3,Thursday,0,0,12,0,No Action,37.8,16.36,100.0
2026-02-12,REST002,Urban Spoon Bistro,P002,Tomatoes,Vegetables,177,0,65,65,0,9,103,2,1.1,3.2,208.0,6.3,Thursday,0,0,16,12,Auto-Order,9.9,12.16,100.0
2026-02-12,REST002,Urban Spoon Bistro,P003,Rice,Dry Goods,298,0,71,71,0,1,226,4,0.8,2.8,198.8,6.3,Thursday,0,0,18,0,No Action,0.8,1.39,100.0
2026-02-12,REST002,Urban Spoon Bistro,P004,Milk,Dairy,130,0,42,42,0,4,84,2,1.0,2.4,100.8,6.3,Thursday,0,0,10,0,No Action,4.0,8.7,100.0
2026-02-12,REST002,Urban Spoon Bistro,P005,Cheese,Dairy,85,74,30,30,0,6,123,3,2.8,6.5,195.0,6.3,Thursday,0,0,8,0,No Action,16.8,16.67,100.0
2026-02-12,REST002,Urban Spoon Bistro,P006,Potatoes,Vegetables,97,137,70,70,0,7,157,2,0.7,2.5,175.0,6.3,Thursday,0,1,14,0,No Action,4.9,9.09,100.0
2026-02-12,REST002,Urban Spoon Bistro,P007,Bread,Bakery,83,0,45,45,0,4,34,1,1.2,3.0,135.0,6.3,Thursday,0,0,12,38,Auto-Order,4.8,8.16,100.0
2026-02-12,REST002,Urban Spoon Bistro,P008,Salmon Fillet,Seafood,74,0,26,26,0,4,44,2,6.5,14.5,377.0,6.3,Thursday,0,1,6,0,No Action,26.0,13.33,100.0
2026-02-12,REST002,Urban Spoon Bistro,P009,Avocado,Vegetables,48,72,25,25,0,6,89,2,1.5,4.2,105.0,6.3,Thursday,0,0,7,0,No Action,9.0,19.35,100.0
2026-02-12,REST002,Urban Spoon Bistro,P010,Pasta,Dry Goods,260,0,52,52,0,2,206,4,0.9,3.0,156.0,6.3,Thursday,0,0,14,0,No Action,1.8,3.7,100.0
2026-02-13,REST002,Urban Spoon Bistro,P001,Chicken Breast,Meat,184,0,42,42,0,5,137,3,4.2,9.5,399.0,2.0,Friday,0,0,12,0,No Action,21.0,10.64,100.0
2026-02-13,REST002,Urban Spoon Bistro,P002,Tomatoes,Vegetables,103,143,60,60,0,12,174,2,1.1,3.2,192.0,2.0,Friday,0,0,16,0,No Action,13.2,16.67,100.0
2026-02-13,REST002,Urban Spoon Bistro,P003,Rice,Dry Goods,226,203,68,68,0,4,357,4,0.8,2.8,190.4,2.0,Friday,0,0,18,0,No Action,3.2,5.56,100.0
2026-02-13,REST002,Urban Spoon Bistro,P004,Milk,Dairy,84,88,43,43,0,6,123,2,1.0,2.4,103.2,2.0,Friday,0,0,10,0,No Action,6.0,12.24,100.0
2026-02-13,REST002,Urban Spoon Bistro,P005,Cheese,Dairy,123,0,28,28,0,4,91,3,2.8,6.5,182.0,2.0,Friday,0,0,8,0,No Action,11.2,12.5,100.0
2026-02-13,REST002,Urban Spoon Bistro,P006,Potatoes,Vegetables,157,0,54,54,0,7,96,2,0.7,2.5,135.0,2.0,Friday,0,0,14,25,Auto-Order,4.9,11.48,100.0
2026-02-13,REST002,Urban Spoon Bistro,P007,Bread,Bakery,34,103,43,43,0,7,87,1,1.2,3.0,129.0,2.0,Friday,0,0,12,0,No Action,8.4,14.0,100.0
2026-02-13,REST002,Urban Spoon Bistro,P008,Salmon Fillet,Seafood,44,59,22,22,0,5,76,2,6.5,14.5,319.0,2.0,Friday,0,0,6,0,No Action,32.5,18.52,100.0
2026-02-13,REST002,Urban Spoon Bistro,P009,Avocado,Vegetables,89,0,29,29,0,4,56,2,1.5,4.2,121.8,2.0,Friday,0,0,7,5,Auto-Order,6.0,12.12,100.0
2026-02-13,REST002,Urban Spoon Bistro,P010,Pasta,Dry Goods,206,0,80,80,0,2,124,4,0.9,3.0,240.0,2.0,Friday,0,1,14,10,Auto-Order,1.8,2.44,100.0
2026-02-14,REST002,Urban Spoon Bistro,P001,Chicken Breast,Meat,137,0,53,53,0,6,78,3,4.2,9.5,503.5,4.4,Saturday,1,0,12,40,Auto-Order,25.2,10.17,100.0
2026-02-14,REST002,Urban Spoon Bistro,P002,Tomatoes,Vegetables,174,0,62,62,0,10,102,2,1.1,3.2,198.4,4.4,Saturday,1,0,16,29,Auto-Order,11.0,13.89,100.0
2026-02-14,REST002,Urban Spoon Bistro,P003,Rice,Dry Goods,357,0,93,93,0,3,261,4,0.8,2.8,260.4,4.4,Saturday,1,1,18,0,No Action,2.4,3.12,100.0
2026-02-14,REST002,Urban Spoon Bistro,P004,Milk,Dairy,123,0,43,43,0,5,75,2,1.0,2.4,103.2,4.4,Saturday,1,0,10,13,Auto-Order,5.0,10.42,100.0
2026-02-14,REST002,Urban Spoon Bistro,P005,Cheese,Dairy,91,0,46,46,0,3,42,3,2.8,6.5,299.0,4.4,Saturday,1,1,8,36,Auto-Order,8.4,6.12,100.0
2026-02-14,REST002,Urban Spoon Bistro,P006,Potatoes,Vegetables,96,136,69,69,0,8,155,2,0.7,2.5,172.5,4.4,Saturday,1,0,14,0,No Action,5.6,10.39,100.0
2026-02-14,REST002,Urban Spoon Bistro,P007,Bread,Bakery,87,0,46,46,0,5,36,1,1.2,3.0,138.0,4.4,Saturday,1,0,12,45,Auto-Order,6.0,9.8,100.0
2026-02-14,REST002,Urban Spoon Bistro,P008,Salmon Fillet,Seafood,76,0,26,26,0,3,47,2,6.5,14.5,377.0,4.4,Saturday,1,0,6,4,Auto-Order,19.5,10.34,100.0
2026-02-14,REST002,Urban Spoon Bistro,P009,Avocado,Vegetables,56,58,45,45,0,6,63,2,1.5,4.2,189.0,4.4,Saturday,1,1,7,0,No Action,9.0,11.76,100.0
2026-02-14,REST002,Urban Spoon Bistro,P010,Pasta,Dry Goods,124,207,63,63,0,3,265,4,0.9,3.0,189.0,4.4,Saturday,1,0,14,0,No Action,2.7,4.55,100.0
2026-02-15,REST002,Urban Spoon Bistro,P001,Chicken Breast,Meat,78,165,57,57,0,8,178,3,4.2,9.5,541.5,1.5,Sunday,1,0,12,0,No Action,33.6,12.31,100.0
2026-02-15,REST002,Urban Spoon Bistro,P002,Tomatoes,Vegetables,102,153,67,67,0,13,175,2,1.1,3.2,214.4,1.5,Sunday,1,0,16,0,No Action,14.3,16.25,100.0
2026-02-15,REST002,Urban Spoon Bistro,P003,Rice,Dry Goods,261,0,84,84,0,2,175,4,0.8,2.8,235.2,1.5,Sunday,1,0,18,0,No Action,1.6,2.33,100.0
2026-02-15,REST002,Urban Spoon Bistro,P004,Milk,Dairy,75,93,43,43,0,7,118,2,1.0,2.4,103.2,1.5,Sunday,1,0,10,0,No Action,7.0,14.0,100.0
2026-02-15,REST002,Urban Spoon Bistro,P005,Cheese,Dairy,42,118,36,36,0,4,120,3,2.8,6.5,234.0,1.5,Sunday,1,0,8,0,No Action,11.2,10.0,100.0
2026-02-15,REST002,Urban Spoon Bistro,P006,Potatoes,Vegetables,155,0,89,89,0,6,60,2,0.7,2.5,222.5,1.5,Sunday,1,1,14,47,Auto-Order,4.2,6.32,100.0
2026-02-15,REST002,Urban Spoon Bistro,P007,Bread,Bakery,36,103,52,52,0,8,79,1,1.2,3.0,156.0,1.5,Sunday,1,0,12,0,No Action,9.6,13.33,100.0
2026-02-15,REST002,Urban Spoon Bistro,P008,Salmon Fillet,Seafood,47,50,25,25,0,3,69,2,6.5,14.5,362.5,1.5,Sunday,1,0,6,0,No Action,19.5,10.71,100.0
2026-02-15,REST002,Urban Spoon Bistro,P009,Avocado,Vegetables,63,0,32,32,0,3,28,2,1.5,4.2,134.4,1.5,Sunday,1,0,7,25,Auto-Order,4.5,8.57,100.0
2026-02-15,REST002,Urban Spoon Bistro,P010,Pasta,Dry Goods,265,0,71,71,0,2,192,4,0.9,3.0,213.0,1.5,Sunday,1,0,14,0,No Action,1.8,2.74,100.0
2026-02-16,REST002,Urban Spoon Bistro,P001,Chicken Breast,Meat,178,0,44,44,0,6,128,3,4.2,9.5,418.0,4.7,Monday,0,0,12,0,No Action,25.2,12.0,100.0
2026-02-16,REST002,Urban Spoon Bistro,P002,Tomatoes,Vegetables,175,0,67,67,0,8,100,2,1.1,3.2,214.4,4.7,Monday,0,0,16,15,Auto-Order,8.8,10.67,100.0
2026-02-16,REST002,Urban Spoon Bistro,P003,Rice,Dry Goods,175,256,67,67,0,4,360,4,0.8,2.8,187.6,4.7,Monday,0,0,18,0,No Action,3.2,5.63,100.0
2026-02-16,REST002,Urban Spoon Bistro,P004,Milk,Dairy,118,0,42,42,0,3,73,2,1.0,2.4,100.8,4.7,Monday,0,0,10,4,Auto-Order,3.0,6.67,100.0
2026-02-16,REST002,Urban Spoon Bistro,P005,Cheese,Dairy,120,0,30,30,0,4,86,3,2.8,6.5,195.0,4.7,Monday,0,0,8,0,No Action,11.2,11.76,100.0
2026-02-16,REST002,Urban Spoon Bistro,P006,Potatoes,Vegetables,60,172,63,63,0,7,162,2,0.7,2.5,157.5,4.7,Monday,0,0,14,0,No Action,4.9,10.0,100.0
2026-02-16,REST002,Urban Spoon Bistro,P007,Bread,Bakery,79,0,38,38,0,3,38,1,1.2,3.0,114.0,4.7,Monday,0,0,12,34,Auto-Order,3.6,7.32,100.0
2026-02-16,REST002,Urban Spoon Bistro,P008,Salmon Fillet,Seafood,69,0,19,19,0,4,46,2,6.5,14.5,275.5,4.7,Monday,0,0,6,0,No Action,26.0,17.39,100.0
2026-02-16,REST002,Urban Spoon Bistro,P009,Avocado,Vegetables,28,85,27,27,0,5,81,2,1.5,4.2,113.4,4.7,Monday,0,0,7,0,No Action,7.5,15.62,100.0
2026-02-16,REST002,Urban Spoon Bistro,P010,Pasta,Dry Goods,192,0,58,58,0,1,133,4,0.9,3.0,174.0,4.7,Monday,0,0,14,0,No Action,0.9,1.69,100.0
2026-02-17,REST002,Urban Spoon Bistro,P001,Chicken Breast,Meat,128,112,42,42,0,7,191,3,4.2,9.5,399.0,2.5,Tuesday,0,0,12,0,No Action,29.4,14.29,100.0
2026-02-17,REST002,Urban Spoon Bistro,P002,Tomatoes,Vegetables,100,147,63,63,0,11,173,2,1.1,3.2,201.6,2.5,Tuesday,0,0,16,0,No Action,12.1,14.86,100.0
2026-02-17,REST002,Urban Spoon Bistro,P003,Rice,Dry Goods,360,0,71,71,0,4,285,4,0.8,2.8,198.8,2.5,Tuesday,0,0,18,0,No Action,3.2,5.33,100.0
2026-02-17,REST002,Urban Spoon Bistro,P004,Milk,Dairy,73,93,37,37,0,6,123,2,1.0,2.4,88.8,2.5,Tuesday,0,0,10,0,No Action,6.0,13.95,100.0
2026-02-17,REST002,Urban Spoon Bistro,P005,Cheese,Dairy,86,81,32,32,0,3,132,3,2.8,6.5,208.0,2.5,Tuesday,0,0,8,0,No Action,8.4,8.57,100.0
2026-02-17,REST002,Urban Spoon Bistro,P006,Potatoes,Vegetables,162,0,60,60,0,7,95,2,0.7,2.5,150.0,2.5,Tuesday,0,0,14,12,Auto-Order,4.9,10.45,100.0
2026-02-17,REST002,Urban Spoon Bistro,P007,Bread,Bakery,38,95,44,44,0,7,82,1,1.2,3.0,132.0,2.5,Tuesday,0,0,12,0,No Action,8.4,13.73,100.0
2026-02-17,REST002,Urban Spoon Bistro,P008,Salmon Fillet,Seafood,46,46,25,25,0,3,64,2,6.5,14.5,362.5,2.5,Tuesday,0,1,6,0,No Action,19.5,10.71,100.0
2026-02-17,REST002,Urban Spoon Bistro,P009,Avocado,Vegetables,81,0,27,27,0,3,51,2,1.5,4.2,113.4,2.5,Tuesday,0,0,7,2,Auto-Order,4.5,10.0,100.0
2026-02-17,REST002,Urban Spoon Bistro,P010,Pasta,Dry Goods,133,187,49,49,0,1,270,4,0.9,3.0,147.0,2.5,Tuesday,0,0,14,0,No Action,0.9,2.0,100.0
2026-02-18,REST002,Urban Spoon Bistro,P001,Chicken Breast,Meat,191,0,44,44,0,6,141,3,4.2,9.5,418.0,0.9,Wednesday,0,0,12,0,No Action,25.2,12.0,100.0
2026-02-18,REST002,Urban Spoon Bistro,P002,Tomatoes,Vegetables,173,0,52,52,0,8,113,2,1.1,3.2,166.4,0.9,Wednesday,0,0,16,2,Auto-Order,8.8,13.33,100.0
2026-02-18,REST002,Urban Spoon Bistro,P003,Rice,Dry Goods,285,0,71,71,0,2,212,4,0.8,2.8,198.8,0.9,Wednesday,0,0,18,0,No Action,1.6,2.74,100.0
2026-02-18,REST002,Urban Spoon Bistro,P004,Milk,Dairy,123,0,41,41,0,4,78,2,1.0,2.4,98.4,0.9,Wednesday,0,0,10,0,No Action,4.0,8.89,100.0
2026-02-18,REST002,Urban Spoon Bistro,P005,Cheese,Dairy,132,0,34,34,0,4,94,3,2.8,6.5,221.0,0.9,Wednesday,0,0,8,0,No Action,11.2,10.53,100.0
2026-02-18,REST002,Urban Spoon Bistro,P006,Potatoes,Vegetables,95,143,49,49,0,9,180,2,0.7,2.5,122.5,0.9,Wednesday,0,0,14,0,No Action,6.3,15.52,100.0
2026-02-18,REST002,Urban Spoon Bistro,P007,Bread,Bakery,82,0,49,49,0,3,30,1,1.2,3.0,147.0,0.9,Wednesday,0,0,12,42,Auto-Order,3.6,5.77,100.0
2026-02-18,REST002,Urban Spoon Bistro,P008,Salmon Fillet,Seafood,64,0,24,24,0,3,37,2,6.5,14.5,348.0,0.9,Wednesday,0,0,6,7,Auto-Order,19.5,11.11,100.0
2026-02-18,REST002,Urban Spoon Bistro,P009,Avocado,Vegetables,51,67,37,37,0,5,76,2,1.5,4.2,155.4,0.9,Wednesday,0,1,7,0,No Action,7.5,11.9,100.0
2026-02-18,REST002,Urban Spoon Bistro,P010,Pasta,Dry Goods,270,0,73,73,0,1,196,4,0.9,3.0,219.0,0.9,Wednesday,0,1,14,0,No Action,0.9,1.35,100.0
2026-02-19,REST002,Urban Spoon Bistro,P001,Chicken Breast,Meat,141,0,46,46,0,6,89,3,4.2,9.5,437.0,3.5,Thursday,0,0,12,14,Auto-Order,25.2,11.54,100.0
2026-02-19,REST002,Urban Spoon Bistro,P002,Tomatoes,Vegetables,113,142,60,60,0,12,183,2,1.1,3.2,192.0,3.5,Thursday,0,0,16,0,No Action,13.2,16.67,100.0
2026-02-19,REST002,Urban Spoon Bistro,P003,Rice,Dry Goods,212,222,74,74,0,4,356,4,0.8,2.8,207.2,3.5,Thursday,0,0,18,0,No Action,3.2,5.13,100.0
2026-02-19,REST002,Urban Spoon Bistro,P004,Milk,Dairy,78,96,42,42,0,6,126,2,1.0,2.4,100.8,3.5,Thursday,0,0,10,0,No Action,6.0,12.5,100.0
2026-02-19,REST002,Urban Spoon Bistro,P005,Cheese,Dairy,94,0,43,43,0,2,49,3,2.8,6.5,279.5,3.5,Thursday,0,1,8,20,Auto-Order,5.6,4.44,100.0
2026-02-19,REST002,Urban Spoon Bistro,P006,Potatoes,Vegetables,180,0,54,54,0,7,119,2,0.7,2.5,135.0,3.5,Thursday,0,0,14,0,No Action,4.9,11.48,100.0
2026-02-19,REST002,Urban Spoon Bistro,P007,Bread,Bakery,30,107,41,41,0,8,88,1,1.2,3.0,123.0,3.5,Thursday,0,0,12,0,No Action,9.6,16.33,100.0
2026-02-19,REST002,Urban Spoon Bistro,P008,Salmon Fillet,Seafood,37,58,27,27,0,4,64,2,6.5,14.5,391.5,3.5,Thursday,0,0,6,0,No Action,26.0,12.9,100.0
2026-02-19,REST002,Urban Spoon Bistro,P009,Avocado,Vegetables,76,0,27,27,0,3,46,2,1.5,4.2,113.4,3.5,Thursday,0,0,7,7,Auto-Order,4.5,10.0,100.0
2026-02-19,REST002,Urban Spoon Bistro,P010,Pasta,Dry Goods,196,0,55,55,0,2,139,4,0.9,3.0,165.0,3.5,Thursday,0,0,14,0,No Action,1.8,3.51,100.0
2026-02-20,REST002,Urban Spoon Bistro,P001,Chicken Breast,Meat,89,156,49,49,0,9,187,3,4.2,9.5,465.5,2.8,Friday,0,0,12,0,No Action,37.8,15.52,100.0
2026-02-20,REST002,Urban Spoon Bistro,P002,Tomatoes,Vegetables,183,0,63,63,0,9,111,2,1.1,3.2,201.6,2.8,Friday,0,0,16,20,Auto-Order,9.9,12.5,100.0
2026-02-20,REST002,Urban Spoon Bistro,P003,Rice,Dry Goods,356,0,69,69,0,2,285,4,0.8,2.8,193.2,2.8,Friday,0,0,18,0,No Action,1.6,2.82,100.0
2026-02-20,REST002,Urban Spoon Bistro,P004,Milk,Dairy,126,22,38,38,0,5,105,2,1.0,2.4,91.2,2.8,Friday,0,0,10,0,No Action,5.0,11.63,100.0
2026-02-20,REST002,Urban Spoon Bistro,P005,Cheese,Dairy,49,108,33,33,0,3,121,3,2.8,6.5,214.5,2.8,Friday,0,0,8,0,No Action,8.4,8.33,100.0
2026-02-20,REST002,Urban Spoon Bistro,P006,Potatoes,Vegetables,119,0,59,59,0,4,56,2,0.7,2.5,147.5,2.8,Friday,0,0,14,65,Manager Review,2.8,6.35,100.0
2026-02-20,REST002,Urban Spoon Bistro,P007,Bread,Bakery,88,0,53,53,0,5,30,1,1.2,3.0,159.0,2.8,Friday,0,1,12,51,Manager Review,6.0,8.62,100.0
2026-02-20,REST002,Urban Spoon Bistro,P008,Salmon Fillet,Seafood,64,0,22,22,0,3,39,2,6.5,14.5,319.0,2.8,Friday,0,0,6,12,Auto-Order,19.5,12.0,100.0
2026-02-20,REST002,Urban Spoon Bistro,P009,Avocado,Vegetables,46,69,37,37,0,5,73,2,1.5,4.2,155.4,2.8,Friday,0,1,7,0,No Action,7.5,11.9,100.0
2026-02-20,REST002,Urban Spoon Bistro,P010,Pasta,Dry Goods,139,184,56,56,0,2,265,4,0.9,3.0,168.0,2.8,Friday,0,0,14,0,No Action,1.8,3.45,100.0
2026-02-21,REST002,Urban Spoon Bistro,P001,Chicken Breast,Meat,187,0,55,55,0,5,127,3,4.2,9.5,522.5,0.6,Saturday,1,0,12,0,No Action,21.0,8.33,100.0
2026-02-21,REST002,Urban Spoon Bistro,P002,Tomatoes,Vegetables,111,137,82,82,0,13,153,2,1.1,3.2,262.4,0.6,Saturday,1,1,16,0,No Action,14.3,13.68,100.0
2026-02-21,REST002,Urban Spoon Bistro,P003,Rice,Dry Goods,285,0,83,83,0,3,199,4,0.8,2.8,232.4,0.6,Saturday,1,0,18,0,No Action,2.4,3.49,100.0
2026-02-21,REST002,Urban Spoon Bistro,P004,Milk,Dairy,105,0,34,34,0,3,68,2,1.0,2.4,81.6,0.6,Saturday,1,0,10,20,Auto-Order,3.0,8.11,100.0
2026-02-21,REST002,Urban Spoon Bistro,P005,Cheese,Dairy,121,0,30,30,0,2,89,3,2.8,6.5,195.0,0.6,Saturday,1,0,8,0,No Action,5.6,6.25,100.0
2026-02-21,REST002,Urban Spoon Bistro,P006,Potatoes,Vegetables,56,176,64,64,0,8,160,2,0.7,2.5,160.0,0.6,Saturday,1,0,14,0,No Action,5.6,11.11,100.0
2026-02-21,REST002,Urban Spoon Bistro,P007,Bread,Bakery,30,109,47,47,0,9,83,1,1.2,3.0,141.0,0.6,Saturday,1,0,12,0,No Action,10.8,16.07,100.0
2026-02-21,REST002,Urban Spoon Bistro,P008,Salmon Fillet,Seafood,39,60,27,27,0,3,69,2,6.5,14.5,391.5,0.6,Saturday,1,0,6,0,No Action,19.5,10.0,100.0
2026-02-21,REST002,Urban Spoon Bistro,P009,Avocado,Vegetables,73,0,30,30,0,3,40,2,1.5,4.2,126.0,0.6,Saturday,1,0,7,21,Auto-Order,4.5,9.09,100.0
2026-02-21,REST002,Urban Spoon Bistro,P010,Pasta,Dry Goods,265,0,60,60,0,1,204,4,0.9,3.0,180.0,0.6,Saturday,1,0,14,0,No Action,0.9,1.64,100.0
2026-02-22,REST002,Urban Spoon Bistro,P001,Chicken Breast,Meat,127,117,50,50,0,9,185,3,4.2,9.5,475.0,5.1,Sunday,1,0,12,0,No Action,37.8,15.25,100.0
2026-02-22,REST002,Urban Spoon Bistro,P002,Tomatoes,Vegetables,153,23,87,87,0,9,80,2,1.1,3.2,278.4,5.1,Sunday,1,1,16,35,Auto-Order,9.9,9.38,100.0
2026-02-22,REST002,Urban Spoon Bistro,P003,Rice,Dry Goods,199,233,76,76,0,3,353,4,0.8,2.8,212.8,5.1,Sunday,1,0,18,0,No Action,2.4,3.8,100.0
2026-02-22,REST002,Urban Spoon Bistro,P004,Milk,Dairy,68,105,52,52,0,6,115,2,1.0,2.4,124.8,5.1,Sunday,1,0,10,0,No Action,6.0,10.34,100.0
2026-02-22,REST002,Urban Spoon Bistro,P005,Cheese,Dairy,89,0,34,34,0,3,52,3,2.8,6.5,221.0,5.1,Sunday,1,0,8,17,Auto-Order,8.4,8.11,100.0
2026-02-22,REST002,Urban Spoon Bistro,P006,Potatoes,Vegetables,160,0,59,59,0,6,95,2,0.7,2.5,147.5,5.1,Sunday,1,0,14,12,Auto-Order,4.2,9.23,100.0
2026-02-22,REST002,Urban Spoon Bistro,P007,Bread,Bakery,83,0,56,56,0,5,22,1,1.2,3.0,168.0,5.1,Sunday,1,0,12,50,Auto-Order,6.0,8.2,100.0
2026-02-22,REST002,Urban Spoon Bistro,P008,Salmon Fillet,Seafood,69,0,20,20,0,2,47,2,6.5,14.5,290.0,5.1,Sunday,1,0,6,0,No Action,13.0,9.09,100.0
2026-02-22,REST002,Urban Spoon Bistro,P009,Avocado,Vegetables,40,81,30,30,0,6,85,2,1.5,4.2,126.0,5.1,Sunday,1,0,7,0,No Action,9.0,16.67,100.0
2026-02-22,REST002,Urban Spoon Bistro,P010,Pasta,Dry Goods,204,0,56,56,0,1,147,4,0.9,3.0,168.0,5.1,Sunday,1,0,14,0,No Action,0.9,1.75,100.0
2026-02-23,REST002,Urban Spoon Bistro,P001,Chicken Breast,Meat,185,0,42,42,0,5,138,3,4.2,9.5,399.0,7.2,Monday,0,0,12,0,No Action,21.0,10.64,100.0
2026-02-23,REST002,Urban Spoon Bistro,P002,Tomatoes,Vegetables,80,163,53,53,0,11,179,2,1.1,3.2,169.6,7.2,Monday,0,0,16,0,No Action,12.1,17.19,100.0
2026-02-23,REST002,Urban Spoon Bistro,P003,Rice,Dry Goods,353,0,56,56,0,3,294,4,0.8,2.8,156.8,7.2,Monday,0,0,18,0,No Action,2.4,5.08,100.0
2026-02-23,REST002,Urban Spoon Bistro,P004,Milk,Dairy,115,0,42,42,0,4,69,2,1.0,2.4,100.8,7.2,Monday,0,0,10,8,Auto-Order,4.0,8.7,100.0
2026-02-23,REST002,Urban Spoon Bistro,P005,Cheese,Dairy,52,103,35,35,0,5,115,3,2.8,6.5,227.5,7.2,Monday,0,0,8,0,No Action,14.0,12.5,100.0
2026-02-23,REST002,Urban Spoon Bistro,P006,Potatoes,Vegetables,95,141,57,57,0,8,171,2,0.7,2.5,142.5,7.2,Monday,0,0,14,0,No Action,5.6,12.31,100.0
2026-02-23,REST002,Urban Spoon Bistro,P007,Bread,Bakery,22,123,46,46,0,9,90,1,1.2,3.0,138.0,7.2,Monday,0,0,12,0,No Action,10.8,16.36,100.0
2026-02-23,REST002,Urban Spoon Bistro,P008,Salmon Fillet,Seafood,47,46,25,25,0,4,64,2,6.5,14.5,362.5,7.2,Monday,0,0,6,0,No Action,26.0,13.79,100.0
2026-02-23,REST002,Urban Spoon Bistro,P009,Avocado,Vegetables,85,0,26,26,0,3,56,2,1.5,4.2,109.2,7.2,Monday,0,0,7,0,No Action,4.5,10.34,100.0
2026-02-23,REST002,Urban Spoon Bistro,P010,Pasta,Dry Goods,147,181,49,49,0,3,276,4,0.9,3.0,147.0,7.2,Monday,0,0,14,0,No Action,2.7,5.77,100.0
2026-02-24,REST002,Urban Spoon Bistro,P001,Chicken Breast,Meat,138,0,54,54,0,6,78,3,4.2,9.5,513.0,2.4,Tuesday,0,1,12,25,Auto-Order,25.2,10.0,100.0
2026-02-24,REST002,Urban Spoon Bistro,P002,Tomatoes,Vegetables,179,0,60,60,0,9,110,2,1.1,3.2,192.0,2.4,Tuesday,0,0,16,5,Auto-Order,9.9,13.04,100.0
2026-02-24,REST002,Urban Spoon Bistro,P003,Rice,Dry Goods,294,0,75,75,0,4,215,4,0.8,2.8,210.0,2.4,Tuesday,0,0,18,0,No Action,3.2,5.06,100.0
2026-02-24,REST002,Urban Spoon Bistro,P004,Milk,Dairy,69,96,34,34,0,5,126,2,1.0,2.4,81.6,2.4,Tuesday,0,0,10,0,No Action,5.0,12.82,100.0
2026-02-24,REST002,Urban Spoon Bistro,P005,Cheese,Dairy,115,0,32,32,0,4,79,3,2.8,6.5,208.0,2.4,Tuesday,0,0,8,0,No Action,11.2,11.11,100.0
2026-02-24,REST002,Urban Spoon Bistro,P006,Potatoes,Vegetables,171,0,66,66,0,5,100,2,0.7,2.5,165.0,2.4,Tuesday,0,0,14,7,Auto-Order,3.5,7.04,100.0
2026-02-24,REST002,Urban Spoon Bistro,P007,Bread,Bakery,90,0,39,39,0,5,46,1,1.2,3.0,117.0,2.4,Tuesday,0,0,12,26,Auto-Order,6.0,11.36,100.0
2026-02-24,REST002,Urban Spoon Bistro,P008,Salmon Fillet,Seafood,64,0,24,24,0,3,37,2,6.5,14.5,348.0,2.4,Tuesday,0,0,6,7,Auto-Order,19.5,11.11,100.0
2026-02-24,REST002,Urban Spoon Bistro,P009,Avocado,Vegetables,56,57,29,29,0,5,79,2,1.5,4.2,121.8,2.4,Tuesday,0,0,7,0,No Action,7.5,14.71,100.0
2026-02-24,REST002,Urban Spoon Bistro,P010,Pasta,Dry Goods,276,0,49,49,0,2,225,4,0.9,3.0,147.0,2.4,Tuesday,0,0,14,0,No Action,1.8,3.92,100.0
2026-02-25,REST002,Urban Spoon Bistro,P001,Chicken Breast,Meat,78,165,47,47,0,9,187,3,4.2,9.5,446.5,6.4,Wednesday,0,0,12,0,No Action,37.8,16.07,100.0
2026-02-25,REST002,Urban Spoon Bistro,P002,Tomatoes,Vegetables,110,134,60,60,0,13,171,2,1.1,3.2,192.0,6.4,Wednesday,0,0,16,0,No Action,14.3,17.81,100.0
2026-02-25,REST002,Urban Spoon Bistro,P003,Rice,Dry Goods,215,214,67,67,0,4,358,4,0.8,2.8,187.6,6.4,Wednesday,0,0,18,0,No Action,3.2,5.63,100.0
2026-02-25,REST002,Urban Spoon Bistro,P004,Milk,Dairy,126,0,42,42,0,5,79,2,1.0,2.4,100.8,6.4,Wednesday,0,0,10,0,No Action,5.0,10.64,100.0
2026-02-25,REST002,Urban Spoon Bistro,P005,Cheese,Dairy,79,85,26,26,0,4,134,3,2.8,6.5,169.0,6.4,Wednesday,0,0,8,0,No Action,11.2,13.33,100.0
2026-02-25,REST002,Urban Spoon Bistro,P006,Potatoes,Vegetables,100,127,50,50,0,9,168,2,0.7,2.5,125.0,6.4,Wednesday,0,0,14,0,No Action,6.3,15.25,100.0
2026-02-25,REST002,Urban Spoon Bistro,P007,Bread,Bakery,46,91,41,41,0,7,89,1,1.2,3.0,123.0,6.4,Wednesday,0,0,12,0,No Action,8.4,14.58,100.0
2026-02-25,REST002,Urban Spoon Bistro,P008,Salmon Fillet,Seafood,37,57,26,26,0,2,66,2,6.5,14.5,377.0,6.4,Wednesday,0,1,6,0,No Action,13.0,7.14,100.0
2026-02-25,REST002,Urban Spoon Bistro,P009,Avocado,Vegetables,79,0,29,29,0,3,47,2,1.5,4.2,121.8,6.4,Wednesday,0,0,7,6,Auto-Order,4.5,9.38,100.0
2026-02-25,REST002,Urban Spoon Bistro,P010,Pasta,Dry Goods,225,0,60,60,0,2,163,4,0.9,3.0,180.0,6.4,Wednesday,0,0,14,0,No Action,1.8,3.23,100.0
2026-02-26,REST002,Urban Spoon Bistro,P001,Chicken Breast,Meat,187,0,41,41,0,7,139,3,4.2,9.5,389.5,7.4,Thursday,0,0,12,0,No Action,29.4,14.58,100.0
2026-02-26,REST002,Urban Spoon Bistro,P002,Tomatoes,Vegetables,171,0,62,62,0,8,101,2,1.1,3.2,198.4,7.4,Thursday,0,0,16,14,Auto-Order,8.8,11.43,100.0
2026-02-26,REST002,Urban Spoon Bistro,P003,Rice,Dry Goods,358,0,66,66,0,3,289,4,0.8,2.8,184.8,7.4,Thursday,0,0,18,0,No Action,2.4,4.35,100.0
2026-02-26,REST002,Urban Spoon Bistro,P004,Milk,Dairy,79,87,46,46,0,4,116,2,1.0,2.4,110.4,7.4,Thursday,0,1,10,0,No Action,4.0,8.0,100.0
2026-02-26,REST002,Urban Spoon Bistro,P005,Cheese,Dairy,134,0,34,34,0,4,96,3,2.8,6.5,221.0,7.4,Thursday,0,0,8,0,No Action,11.2,10.53,100.0
2026-02-26,REST002,Urban Spoon Bistro,P006,Potatoes,Vegetables,168,0,56,56,0,8,104,2,0.7,2.5,140.0,7.4,Thursday,0,0,14,3,Auto-Order,5.6,12.5,100.0
2026-02-26,REST002,Urban Spoon Bistro,P007,Bread,Bakery,89,0,40,40,0,5,44,1,1.2,3.0,120.0,7.4,Thursday,0,0,12,28,Auto-Order,6.0,11.11,100.0
2026-02-26,REST002,Urban Spoon Bistro,P008,Salmon Fillet,Seafood,66,0,21,21,0,3,42,2,6.5,14.5,304.5,7.4,Thursday,0,0,6,2,Auto-Order,19.5,12.5,100.0
2026-02-26,REST002,Urban Spoon Bistro,P009,Avocado,Vegetables,47,67,25,25,0,5,84,2,1.5,4.2,105.0,7.4,Thursday,0,0,7,0,No Action,7.5,16.67,100.0
2026-02-26,REST002,Urban Spoon Bistro,P010,Pasta,Dry Goods,163,156,50,50,0,3,266,4,0.9,3.0,150.0,7.4,Thursday,0,0,14,0,No Action,2.7,5.66,100.0
2026-02-27,REST002,Urban Spoon Bistro,P001,Chicken Breast,Meat,139,0,47,47,0,5,87,3,4.2,9.5,446.5,3.7,Friday,0,0,12,31,Auto-Order,21.0,9.62,100.0
2026-02-27,REST002,Urban Spoon Bistro,P002,Tomatoes,Vegetables,101,153,60,60,0,12,182,2,1.1,3.2,192.0,3.7,Friday,0,0,16,0,No Action,13.2,16.67,100.0
2026-02-27,REST002,Urban Spoon Bistro,P003,Rice,Dry Goods,289,0,93,93,0,1,195,4,0.8,2.8,260.4,3.7,Friday,0,1,18,0,No Action,0.8,1.06,100.0
2026-02-27,REST002,Urban Spoon Bistro,P004,Milk,Dairy,116,0,41,41,0,4,71,2,1.0,2.4,98.4,3.7,Friday,0,0,10,17,Auto-Order,4.0,8.89,100.0
2026-02-27,REST002,Urban Spoon Bistro,P005,Cheese,Dairy,96,0,30,30,0,3,63,3,2.8,6.5,195.0,3.7,Friday,0,0,8,15,Auto-Order,8.4,9.09,100.0
2026-02-27,REST002,Urban Spoon Bistro,P006,Potatoes,Vegetables,104,134,58,58,0,9,171,2,0.7,2.5,145.0,3.7,Friday,0,0,14,0,No Action,6.3,13.43,100.0
2026-02-27,REST002,Urban Spoon Bistro,P007,Bread,Bakery,44,94,39,39,0,9,90,1,1.2,3.0,117.0,3.7,Friday,0,0,12,0,No Action,10.8,18.75,100.0
2026-02-27,REST002,Urban Spoon Bistro,P008,Salmon Fillet,Seafood,42,49,21,21,0,4,66,2,6.5,14.5,304.5,3.7,Friday,0,0,6,0,No Action,26.0,16.0,100.0
2026-02-27,REST002,Urban Spoon Bistro,P009,Avocado,Vegetables,84,0,23,23,0,2,59,2,1.5,4.2,96.6,3.7,Friday,0,0,7,2,Auto-Order,3.0,8.0,100.0
2026-02-27,REST002,Urban Spoon Bistro,P010,Pasta,Dry Goods,266,0,50,50,0,2,214,4,0.9,3.0,150.0,3.7,Friday,0,0,14,0,No Action,1.8,3.85,100.0
2026-02-28,REST002,Urban Spoon Bistro,P001,Chicken Breast,Meat,87,158,49,49,0,8,188,3,4.2,9.5,465.5,5.8,Saturday,1,0,12,0,No Action,33.6,14.04,100.0
2026-02-28,REST002,Urban Spoon Bistro,P002,Tomatoes,Vegetables,182,0,77,77,0,9,96,2,1.1,3.2,246.4,5.8,Saturday,1,0,16,35,Auto-Order,9.9,10.47,100.0
2026-02-28,REST002,Urban Spoon Bistro,P003,Rice,Dry Goods,195,244,101,101,0,4,334,4,0.8,2.8,282.8,5.8,Saturday,1,1,18,0,No Action,3.2,3.81,100.0
2026-02-28,REST002,Urban Spoon Bistro,P004,Milk,Dairy,71,101,44,44,0,7,121,2,1.0,2.4,105.6,5.8,Saturday,1,0,10,0,No Action,7.0,13.73,100.0
2026-02-28,REST002,Urban Spoon Bistro,P005,Cheese,Dairy,63,97,33,33,0,5,122,3,2.8,6.5,214.5,5.8,Saturday,1,0,8,0,No Action,14.0,13.16,100.0
2026-02-28,REST002,Urban Spoon Bistro,P006,Potatoes,Vegetables,171,0,59,59,0,7,105,2,0.7,2.5,147.5,5.8,Saturday,1,0,14,16,Auto-Order,4.9,10.61,100.0
2026-02-28,REST002,Urban Spoon Bistro,P007,Bread,Bakery,90,20,53,53,0,6,51,1,1.2,3.0,159.0,5.8,Saturday,1,0,12,30,Auto-Order,7.2,10.17,100.0
2026-02-28,REST002,Urban Spoon Bistro,P008,Salmon Fillet,Seafood,66,0,25,25,0,2,39,2,6.5,14.5,362.5,5.8,Saturday,1,0,6,12,Auto-Order,13.0,7.41,100.0
2026-02-28,REST002,Urban Spoon Bistro,P009,Avocado,Vegetables,59,55,30,30,0,4,80,2,1.5,4.2,126.0,5.8,Saturday,1,0,7,0,No Action,6.0,11.76,100.0
2026-02-28,REST002,Urban Spoon Bistro,P010,Pasta,Dry Goods,214,0,64,64,0,2,148,4,0.9,3.0,192.0,5.8,Saturday,1,0,14,0,No Action,1.8,3.03,100.0
2026-03-01,REST002,Urban Spoon Bistro,P001,Chicken Breast,Meat,188,0,55,55,0,6,127,3,4.2,9.5,522.5,4.9,Sunday,1,0,12,0,No Action,25.2,9.84,100.0
2026-03-01,REST002,Urban Spoon Bistro,P002,Tomatoes,Vegetables,96,152,68,68,0,12,168,2,1.1,3.2,217.6,4.9,Sunday,1,0,16,0,No Action,13.2,15.0,100.0
2026-03-01,REST002,Urban Spoon Bistro,P003,Rice,Dry Goods,334,0,77,77,0,3,254,4,0.8,2.8,215.6,4.9,Sunday,1,0,18,0,No Action,2.4,3.75,100.0
2026-03-01,REST002,Urban Spoon Bistro,P004,Milk,Dairy,121,0,42,42,0,4,75,2,1.0,2.4,100.8,4.9,Sunday,1,0,10,2,Auto-Order,4.0,8.7,100.0
2026-03-01,REST002,Urban Spoon Bistro,P005,Cheese,Dairy,122,0,34,34,0,4,84,3,2.8,6.5,221.0,4.9,Sunday,1,0,8,0,No Action,11.2,10.53,100.0
2026-03-01,REST002,Urban Spoon Bistro,P006,Potatoes,Vegetables,105,134,72,72,0,8,159,2,0.7,2.5,180.0,4.9,Sunday,1,0,14,0,No Action,5.6,10.0,100.0
2026-03-01,REST002,Urban Spoon Bistro,P007,Bread,Bakery,51,83,51,51,0,8,75,1,1.2,3.0,153.0,4.9,Sunday,1,0,12,0,No Action,9.6,13.56,100.0
2026-03-01,REST002,Urban Spoon Bistro,P008,Salmon Fillet,Seafood,39,62,27,27,0,4,70,2,6.5,14.5,391.5,4.9,Sunday,1,0,6,0,No Action,26.0,12.9,100.0
2026-03-01,REST002,Urban Spoon Bistro,P009,Avocado,Vegetables,80,0,32,32,0,3,45,2,1.5,4.2,134.4,4.9,Sunday,1,0,7,8,Auto-Order,4.5,8.57,100.0
2026-03-01,REST002,Urban Spoon Bistro,P010,Pasta,Dry Goods,148,181,65,65,0,3,261,4,0.9,3.0,195.0,4.9,Sunday,1,0,14,0,No Action,2.7,4.41,100.0
2026-03-02,REST002,Urban Spoon Bistro,P001,Chicken Breast,Meat,127,110,41,41,0,9,187,3,4.2,9.5,389.5,4.6,Monday,0,0,12,0,No Action,37.8,18.0,100.0
2026-03-02,REST002,Urban Spoon Bistro,P002,Tomatoes,Vegetables,168,0,58,58,0,8,102,2,1.1,3.2,185.6,4.6,Monday,0,0,16,13,Auto-Order,8.8,12.12,100.0
2026-03-02,REST002,Urban Spoon Bistro,P003,Rice,Dry Goods,254,39,83,83,0,2,208,4,0.8,2.8,232.4,4.6,Monday,0,0,18,0,No Action,1.6,2.35,100.0
2026-03-02,REST002,Urban Spoon Bistro,P004,Milk,Dairy,75,93,41,41,0,5,122,2,1.0,2.4,98.4,4.6,Monday,0,0,10,0,No Action,5.0,10.87,100.0
2026-03-02,REST002,Urban Spoon Bistro,P005,Cheese,Dairy,84,78,32,32,0,5,125,3,2.8,6.5,208.0,4.6,Monday,0,0,8,0,No Action,14.0,13.51,100.0
2026-03-02,REST002,Urban Spoon Bistro,P006,Potatoes,Vegetables,159,0,56,56,0,5,98,2,0.7,2.5,140.0,4.6,Monday,0,0,14,9,Auto-Order,3.5,8.2,100.0
2026-03-02,REST002,Urban Spoon Bistro,P007,Bread,Bakery,75,0,59,59,0,3,13,1,1.2,3.0,177.0,4.6,Monday,0,1,12,59,Manager Review,3.6,4.84,100.0
2026-03-02,REST002,Urban Spoon Bistro,P008,Salmon Fillet,Seafood,70,0,20,20,0,3,47,2,6.5,14.5,290.0,4.6,Monday,0,0,6,0,No Action,19.5,13.04,100.0
2026-03-02,REST002,Urban Spoon Bistro,P009,Avocado,Vegetables,45,75,27,27,0,5,88,2,1.5,4.2,113.4,4.6,Monday,0,0,7,0,No Action,7.5,15.62,100.0
2026-03-02,REST002,Urban Spoon Bistro,P010,Pasta,Dry Goods,261,0,55,55,0,2,204,4,0.9,3.0,165.0,4.6,Monday,0,0,14,0,No Action,1.8,3.51,100.0
2026-03-03,REST002,Urban Spoon Bistro,P001,Chicken Breast,Meat,187,13,46,46,0,7,147,3,4.2,9.5,437.0,5.5,Tuesday,0,0,12,0,No Action,29.4,13.21,100.0
2026-03-03,REST002,Urban Spoon Bistro,P002,Tomatoes,Vegetables,102,151,75,75,0,11,167,2,1.1,3.2,240.0,5.5,Tuesday,0,1,16,0,No Action,12.1,12.79,100.0
2026-03-03,REST002,Urban Spoon Bistro,P003,Rice,Dry Goods,208,226,67,67,0,4,363,4,0.8,2.8,187.6,5.5,Tuesday,0,0,18,0,No Action,3.2,5.63,100.0
2026-03-03,REST002,Urban Spoon Bistro,P004,Milk,Dairy,122,0,41,41,0,4,77,2,1.0,2.4,98.4,5.5,Tuesday,0,0,10,0,No Action,4.0,8.89,100.0
2026-03-03,REST002,Urban Spoon Bistro,P005,Cheese,Dairy,125,0,33,33,0,6,86,3,2.8,6.5,214.5,5.5,Tuesday,0,0,8,0,No Action,16.8,15.38,100.0
2026-03-03,REST002,Urban Spoon Bistro,P006,Potatoes,Vegetables,98,137,62,62,0,8,165,2,0.7,2.5,155.0,5.5,Tuesday,0,0,14,0,No Action,5.6,11.43,100.0
2026-03-03,REST002,Urban Spoon Bistro,P007,Bread,Bakery,13,130,45,45,0,8,90,1,1.2,3.0,135.0,5.5,Tuesday,0,0,12,0,No Action,9.6,15.09,100.0
2026-03-03,REST002,Urban Spoon Bistro,P008,Salmon Fillet,Seafood,47,46,22,22,0,3,68,2,6.5,14.5,319.0,5.5,Tuesday,0,0,6,0,No Action,19.5,12.0,100.0
2026-03-03,REST002,Urban Spoon Bistro,P009,Avocado,Vegetables,88,0,26,26,0,4,58,2,1.5,4.2,109.2,5.5,Tuesday,0,0,7,0,No Action,6.0,13.33,100.0
2026-03-03,REST002,Urban Spoon Bistro,P010,Pasta,Dry Goods,204,0,46,46,0,1,157,4,0.9,3.0,138.0,5.5,Tuesday,0,0,14,0,No Action,0.9,2.13,100.0
2026-03-04,REST002,Urban Spoon Bistro,P001,Chicken Breast,Meat,147,0,49,49,0,6,92,3,4.2,9.5,465.5,8.1,Wednesday,0,0,12,11,Auto-Order,25.2,10.91,100.0
2026-03-04,REST002,Urban Spoon Bistro,P002,Tomatoes,Vegetables,167,0,56,56,0,9,102,2,1.1,3.2,179.2,8.1,Wednesday,0,0,16,13,Auto-Order,9.9,13.85,100.0
2026-03-04,REST002,Urban Spoon Bistro,P003,Rice,Dry Goods,363,0,60,60,0,3,300,4,0.8,2.8,168.0,8.1,Wednesday,0,0,18,0,No Action,2.4,4.76,100.0
2026-03-04,REST002,Urban Spoon Bistro,P004,Milk,Dairy,77,86,45,45,0,6,112,2,1.0,2.4,108.0,8.1,Wednesday,0,0,10,0,No Action,6.0,11.76,100.0
2026-03-04,REST002,Urban Spoon Bistro,P005,Cheese,Dairy,86,75,29,29,0,5,127,3,2.8,6.5,188.5,8.1,Wednesday,0,0,8,0,No Action,14.0,14.71,100.0
2026-03-04,REST002,Urban Spoon Bistro,P006,Potatoes,Vegetables,165,0,53,53,0,6,106,2,0.7,2.5,132.5,8.1,Wednesday,0,0,14,1,Auto-Order,4.2,10.17,100.0
2026-03-04,REST002,Urban Spoon Bistro,P007,Bread,Bakery,90,0,43,43,0,6,41,1,1.2,3.0,129.0,8.1,Wednesday,0,0,12,31,Auto-Order,7.2,12.24,100.0
2026-03-04,REST002,Urban Spoon Bistro,P008,Salmon Fillet,Seafood,68,0,22,22,0,4,42,2,6.5,14.5,319.0,8.1,Wednesday,0,0,6,2,Auto-Order,26.0,15.38,100.0
2026-03-04,REST002,Urban Spoon Bistro,P009,Avocado,Vegetables,58,54,24,24,0,6,82,2,1.5,4.2,100.8,8.1,Wednesday,0,0,7,0,No Action,9.0,20.0,100.0
2026-03-04,REST002,Urban Spoon Bistro,P010,Pasta,Dry Goods,157,162,43,43,0,2,274,4,0.9,3.0,129.0,8.1,Wednesday,0,0,14,0,No Action,1.8,4.44,100.0
2026-03-05,REST002,Urban Spoon Bistro,P001,Chicken Breast,Meat,92,147,45,45,0,8,186,3,4.2,9.5,427.5,8.2,Thursday,0,0,12,0,No Action,33.6,15.09,100.0
2026-03-05,REST002,Urban Spoon Bistro,P002,Tomatoes,Vegetables,102,144,60,60,0,11,175,2,1.1,3.2,192.0,8.2,Thursday,0,0,16,0,No Action,12.1,15.49,100.0
2026-03-05,REST002,Urban Spoon Bistro,P003,Rice,Dry Goods,300,0,69,69,0,3,228,4,0.8,2.8,193.2,8.2,Thursday,0,0,18,0,No Action,2.4,4.17,100.0
2026-03-05,REST002,Urban Spoon Bistro,P004,Milk,Dairy,112,0,38,38,0,4,70,2,1.0,2.4,91.2,8.2,Thursday,0,0,10,7,Auto-Order,4.0,9.52,100.0
2026-03-05,REST002,Urban Spoon Bistro,P005,Cheese,Dairy,127,0,32,32,0,3,92,3,2.8,6.5,208.0,8.2,Thursday,0,0,8,0,No Action,8.4,8.57,100.0
2026-03-05,REST002,Urban Spoon Bistro,P006,Potatoes,Vegetables,106,132,58,58,0,9,171,2,0.7,2.5,145.0,8.2,Thursday,0,0,14,0,No Action,6.3,13.43,100.0
2026-03-05,REST002,Urban Spoon Bistro,P007,Bread,Bakery,41,95,47,47,0,8,81,1,1.2,3.0,141.0,8.2,Thursday,0,0,12,0,No Action,9.6,14.55,100.0
2026-03-05,REST002,Urban Spoon Bistro,P008,Salmon Fillet,Seafood,42,58,25,25,0,4,71,2,6.5,14.5,362.5,8.2,Thursday,0,0,6,0,No Action,26.0,13.79,100.0
2026-03-05,REST002,Urban Spoon Bistro,P009,Avocado,Vegetables,82,0,32,32,0,4,46,2,1.5,4.2,134.4,8.2,Thursday,0,0,7,7,Auto-Order,6.0,11.11,100.0
2026-03-05,REST002,Urban Spoon Bistro,P010,Pasta,Dry Goods,274,0,52,52,0,1,221,4,0.9,3.0,156.0,8.2,Thursday,0,0,14,0,No Action,0.9,1.89,100.0
2026-03-06,REST002,Urban Spoon Bistro,P001,Chicken Breast,Meat,186,0,44,44,0,7,135,3,4.2,9.5,418.0,5.2,Friday,0,0,12,0,No Action,29.4,13.73,100.0
2026-03-06,REST002,Urban Spoon Bistro,P002,Tomatoes,Vegetables,175,0,62,62,0,8,105,2,1.1,3.2,198.4,5.2,Friday,0,0,16,26,Auto-Order,8.8,11.43,100.0
2026-03-06,REST002,Urban Spoon Bistro,P003,Rice,Dry Goods,228,202,62,62,0,3,365,4,0.8,2.8,173.6,5.2,Friday,0,0,18,0,No Action,2.4,4.62,100.0
2026-03-06,REST002,Urban Spoon Bistro,P004,Milk,Dairy,70,100,39,39,0,6,125,2,1.0,2.4,93.6,5.2,Friday,0,0,10,0,No Action,6.0,13.33,100.0
2026-03-06,REST002,Urban Spoon Bistro,P005,Cheese,Dairy,92,0,30,30,0,4,58,3,2.8,6.5,195.0,5.2,Friday,0,0,8,20,Auto-Order,11.2,11.76,100.0
2026-03-06,REST002,Urban Spoon Bistro,P006,Potatoes,Vegetables,171,0,59,59,0,6,106,2,0.7,2.5,147.5,5.2,Friday,0,0,14,15,Auto-Order,4.2,9.23,100.0
2026-03-06,REST002,Urban Spoon Bistro,P007,Bread,Bakery,81,0,49,49,0,4,28,1,1.2,3.0,147.0,5.2,Friday,0,0,12,53,Manager Review,4.8,7.55,100.0
2026-03-06,REST002,Urban Spoon Bistro,P008,Salmon Fillet,Seafood,71,0,22,22,0,2,47,2,6.5,14.5,319.0,5.2,Friday,0,0,6,4,Auto-Order,13.0,8.33,100.0
2026-03-06,REST002,Urban Spoon Bistro,P009,Avocado,Vegetables,46,76,26,26,0,5,91,2,1.5,4.2,109.2,5.2,Friday,0,0,7,0,No Action,7.5,16.13,100.0
2026-03-06,REST002,Urban Spoon Bistro,P010,Pasta,Dry Goods,221,0,61,61,0,3,157,4,0.9,3.0,183.0,5.2,Friday,0,1,14,0,No Action,2.7,4.69,100.0
2026-03-07,REST002,Urban Spoon Bistro,P001,Chicken Breast,Meat,135,0,59,59,0,5,71,3,4.2,9.5,560.5,5.3,Saturday,1,0,12,47,Auto-Order,21.0,7.81,100.0
2026-03-07,REST002,Urban Spoon Bistro,P002,Tomatoes,Vegetables,105,147,88,88,0,12,152,2,1.1,3.2,281.6,5.3,Saturday,1,1,16,0,No Action,13.2,12.0,100.0
2026-03-07,REST002,Urban Spoon Bistro,P003,Rice,Dry Goods,365,0,87,87,0,3,275,4,0.8,2.8,243.6,5.3,Saturday,1,0,18,0,No Action,2.4,3.33,100.0
2026-03-07,REST002,Urban Spoon Bistro,P004,Milk,Dairy,125,0,43,43,0,3,79,2,1.0,2.4,103.2,5.3,Saturday,1,0,10,9,Auto-Order,3.0,6.52,100.0
2026-03-07,REST002,Urban Spoon Bistro,P005,Cheese,Dairy,58,106,32,32,0,3,129,3,2.8,6.5,208.0,5.3,Saturday,1,0,8,0,No Action,8.4,8.57,100.0
2026-03-07,REST002,Urban Spoon Bistro,P006,Potatoes,Vegetables,106,125,64,64,0,8,159,2,0.7,2.5,160.0,5.3,Saturday,1,0,14,0,No Action,5.6,11.11,100.0
2026-03-07,REST002,Urban Spoon Bistro,P007,Bread,Bakery,28,114,51,51,0,8,83,1,1.2,3.0,153.0,5.3,Saturday,1,0,12,0,No Action,9.6,13.56,100.0
2026-03-07,REST002,Urban Spoon Bistro,P008,Salmon Fillet,Seafood,47,48,25,25,0,2,68,2,6.5,14.5,362.5,5.3,Saturday,1,0,6,0,No Action,13.0,7.41,100.0
2026-03-07,REST002,Urban Spoon Bistro,P009,Avocado,Vegetables,91,0,38,38,0,3,50,2,1.5,4.2,159.6,5.3,Saturday,1,0,7,11,Auto-Order,4.5,7.32,100.0
2026-03-07,REST002,Urban Spoon Bistro,P010,Pasta,Dry Goods,157,167,56,56,0,3,265,4,0.9,3.0,168.0,5.3,Saturday,1,0,14,0,No Action,2.7,5.08,100.0
2026-03-08,REST002,Urban Spoon Bistro,P001,Chicken Breast,Meat,71,171,49,49,0,8,185,3,4.2,9.5,465.5,2.9,Sunday,1,0,12,0,No Action,33.6,14.04,100.0
2026-03-08,REST002,Urban Spoon Bistro,P002,Tomatoes,Vegetables,152,0,68,68,0,8,76,2,1.1,3.2,217.6,2.9,Sunday,1,0,16,39,Auto-Order,8.8,10.53,100.0
2026-03-08,REST002,Urban Spoon Bistro,P003,Rice,Dry Goods,275,0,82,82,0,2,191,4,0.8,2.8,229.6,2.9,Sunday,1,0,18,0,No Action,1.6,2.38,100.0
2026-03-08,REST002,Urban Spoon Bistro,P004,Milk,Dairy,79,88,50,50,0,8,109,2,1.0,2.4,120.0,2.9,Sunday,1,0,10,0,No Action,8.0,13.79,100.0
2026-03-08,REST002,Urban Spoon Bistro,P005,Cheese,Dairy,129,0,36,36,0,3,90,3,2.8,6.5,234.0,2.9,Sunday,1,0,8,0,No Action,8.4,7.69,100.0
2026-03-08,REST002,Urban Spoon Bistro,P006,Potatoes,Vegetables,159,0,72,72,0,6,81,2,0.7,2.5,180.0,2.9,Sunday,1,0,14,26,Auto-Order,4.2,7.69,100.0
2026-03-08,REST002,Urban Spoon Bistro,P007,Bread,Bakery,83,0,49,49,0,6,28,1,1.2,3.0,147.0,2.9,Sunday,1,0,12,44,Auto-Order,7.2,10.91,100.0
2026-03-08,REST002,Urban Spoon Bistro,P008,Salmon Fillet,Seafood,68,0,24,24,0,1,43,2,6.5,14.5,348.0,2.9,Sunday,1,0,6,1,Auto-Order,6.5,4.0,100.0
2026-03-08,REST002,Urban Spoon Bistro,P009,Avocado,Vegetables,50,64,31,31,0,5,78,2,1.5,4.2,130.2,2.9,Sunday,1,0,7,0,No Action,7.5,13.89,100.0
2026-03-08,REST002,Urban Spoon Bistro,P010,Pasta,Dry Goods,265,0,60,60,0,1,204,4,0.9,3.0,180.0,2.9,Sunday,1,0,14,0,No Action,0.9,1.64,100.0
2026-03-09,REST002,Urban Spoon Bistro,P001,Chicken Breast,Meat,185,0,47,47,0,7,131,3,4.2,9.5,446.5,9.3,Monday,0,0,12,0,No Action,29.4,12.96,100.0
2026-03-09,REST002,Urban Spoon Bistro,P002,Tomatoes,Vegetables,76,167,59,59,0,13,171,2,1.1,3.2,188.8,9.3,Monday,0,0,16,0,No Action,14.3,18.06,100.0
2026-03-09,REST002,Urban Spoon Bistro,P003,Rice,Dry Goods,191,240,62,62,0,3,366,4,0.8,2.8,173.6,9.3,Monday,0,0,18,0,No Action,2.4,4.62,100.0
2026-03-09,REST002,Urban Spoon Bistro,P004,Milk,Dairy,109,0,40,40,0,5,64,2,1.0,2.4,96.0,9.3,Monday,0,0,10,13,Auto-Order,5.0,11.11,100.0
2026-03-09,REST002,Urban Spoon Bistro,P005,Cheese,Dairy,90,0,30,30,0,3,57,3,2.8,6.5,195.0,9.3,Monday,0,0,8,12,Auto-Order,8.4,9.09,100.0
2026-03-09,REST002,Urban Spoon Bistro,P006,Potatoes,Vegetables,81,154,55,55,0,7,173,2,0.7,2.5,137.5,9.3,Monday,0,0,14,0,No Action,4.9,11.29,100.0
2026-03-09,REST002,Urban Spoon Bistro,P007,Bread,Bakery,28,116,51,51,0,8,85,1,1.2,3.0,153.0,9.3,Monday,0,0,12,0,No Action,9.6,13.56,100.0
2026-03-09,REST002,Urban Spoon Bistro,P008,Salmon Fillet,Seafood,43,48,22,22,0,3,66,2,6.5,14.5,319.0,9.3,Monday,0,0,6,0,No Action,19.5,12.0,100.0
2026-03-09,REST002,Urban Spoon Bistro,P009,Avocado,Vegetables,78,0,31,31,0,2,45,2,1.5,4.2,130.2,9.3,Monday,0,0,7,8,Auto-Order,3.0,6.06,100.0
2026-03-09,REST002,Urban Spoon Bistro,P010,Pasta,Dry Goods,204,0,45,45,0,3,156,4,0.9,3.0,135.0,9.3,Monday,0,0,14,0,No Action,2.7,6.25,100.0
2026-03-10,REST002,Urban Spoon Bistro,P001,Chicken Breast,Meat,131,0,44,44,0,3,84,3,4.2,9.5,418.0,6.1,Tuesday,0,0,12,19,Auto-Order,12.6,6.38,100.0
2026-03-10,REST002,Urban Spoon Bistro,P002,Tomatoes,Vegetables,171,0,56,56,0,9,106,2,1.1,3.2,179.2,6.1,Tuesday,0,0,16,9,Auto-Order,9.9,13.85,100.0
2026-03-10,REST002,Urban Spoon Bistro,P003,Rice,Dry Goods,366,0,71,71,0,3,292,4,0.8,2.8,198.8,6.1,Tuesday,0,0,18,0,No Action,2.4,4.05,100.0
2026-03-10,REST002,Urban Spoon Bistro,P004,Milk,Dairy,64,103,38,38,0,6,123,2,1.0,2.4,91.2,6.1,Tuesday,0,0,10,0,No Action,6.0,13.64,100.0
2026-03-10,REST002,Urban Spoon Bistro,P005,Cheese,Dairy,57,100,33,33,0,4,120,3,2.8,6.5,214.5,6.1,Tuesday,0,0,8,0,No Action,11.2,10.81,100.0
2026-03-10,REST002,Urban Spoon Bistro,P006,Potatoes,Vegetables,173,0,48,48,0,6,119,2,0.7,2.5,120.0,6.1,Tuesday,0,0,14,0,No Action,4.2,11.11,100.0
2026-03-10,REST002,Urban Spoon Bistro,P007,Bread,Bakery,85,0,41,41,0,5,39,1,1.2,3.0,123.0,6.1,Tuesday,0,0,12,33,Auto-Order,6.0,10.87,100.0
2026-03-10,REST002,Urban Spoon Bistro,P008,Salmon Fillet,Seafood,66,0,19,19,0,2,45,2,6.5,14.5,275.5,6.1,Tuesday,0,0,6,0,No Action,13.0,9.52,100.0
2026-03-10,REST002,Urban Spoon Bistro,P009,Avocado,Vegetables,45,78,26,26,0,6,91,2,1.5,4.2,109.2,6.1,Tuesday,0,0,7,0,No Action,9.0,18.75,100.0
2026-03-10,REST002,Urban Spoon Bistro,P010,Pasta,Dry Goods,156,168,44,44,0,2,278,4,0.9,3.0,132.0,6.1,Tuesday,0,0,14,0,No Action,1.8,4.35,100.0
2026-03-11,REST002,Urban Spoon Bistro,P001,Chicken Breast,Meat,84,159,50,50,0,9,184,3,4.2,9.5,475.0,5.6,Wednesday,0,0,12,0,No Action,37.8,15.25,100.0
2026-03-11,REST002,Urban Spoon Bistro,P002,Tomatoes,Vegetables,106,139,57,57,0,12,176,2,1.1,3.2,182.4,5.6,Wednesday,0,0,16,0,No Action,13.2,17.39,100.0
2026-03-11,REST002,Urban Spoon Bistro,P003,Rice,Dry Goods,292,0,73,73,0,3,216,4,0.8,2.8,204.4,5.6,Wednesday,0,0,18,0,No Action,2.4,3.95,100.0
2026-03-11,REST002,Urban Spoon Bistro,P004,Milk,Dairy,123,0,42,42,0,4,77,2,1.0,2.4,100.8,5.6,Wednesday,0,0,10,0,No Action,4.0,8.7,100.0
2026-03-11,REST002,Urban Spoon Bistro,P005,Cheese,Dairy,120,0,31,31,0,3,86,3,2.8,6.5,201.5,5.6,Wednesday,0,0,8,0,No Action,8.4,8.82,100.0
2026-03-11,REST002,Urban Spoon Bistro,P006,Potatoes,Vegetables,119,0,53,53,0,3,63,2,0.7,2.5,132.5,5.6,Wednesday,0,0,14,44,Auto-Order,2.1,5.36,100.0
2026-03-11,REST002,Urban Spoon Bistro,P007,Bread,Bakery,39,106,39,39,0,9,97,1,1.2,3.0,117.0,5.6,Wednesday,0,0,12,0,No Action,10.8,18.75,100.0
2026-03-11,REST002,Urban Spoon Bistro,P008,Salmon Fillet,Seafood,45,54,18,18,0,4,77,2,6.5,14.5,261.0,5.6,Wednesday,0,0,6,0,No Action,26.0,18.18,100.0
2026-03-11,REST002,Urban Spoon Bistro,P009,Avocado,Vegetables,91,0,29,29,0,4,58,2,1.5,4.2,121.8,5.6,Wednesday,0,0,7,0,No Action,6.0,12.12,100.0
2026-03-11,REST002,Urban Spoon Bistro,P010,Pasta,Dry Goods,278,0,48,48,0,3,227,4,0.9,3.0,144.0,5.6,Wednesday,0,0,14,0,No Action,2.7,5.88,100.0
2026-03-12,REST002,Urban Spoon Bistro,P001,Chicken Breast,Meat,184,0,46,46,0,5,133,3,4.2,9.5,437.0,5.1,Thursday,0,0,12,0,No Action,21.0,9.8,100.0
2026-03-12,REST002,Urban Spoon Bistro,P002,Tomatoes,Vegetables,176,0,51,51,0,10,115,2,1.1,3.2,163.2,5.1,Thursday,0,0,16,0,No Action,11.0,16.39,100.0
2026-03-12,REST002,Urban Spoon Bistro,P003,Rice,Dry Goods,216,215,86,86,0,2,343,4,0.8,2.8,240.8,5.1,Thursday,0,1,18,0,No Action,1.6,2.27,100.0
2026-03-12,REST002,Urban Spoon Bistro,P004,Milk,Dairy,77,91,40,40,0,6,122,2,1.0,2.4,96.0,5.1,Thursday,0,0,10,0,No Action,6.0,13.04,100.0
2026-03-12,REST002,Urban Spoon Bistro,P005,Cheese,Dairy,86,70,32,32,0,5,119,3,2.8,6.5,208.0,5.1,Thursday,0,0,8,0,No Action,14.0,13.51,100.0
2026-03-12,REST002,Urban Spoon Bistro,P006,Potatoes,Vegetables,63,170,54,54,0,9,170,2,0.7,2.5,135.0,5.1,Thursday,0,0,14,0,No Action,6.3,14.29,100.0
2026-03-12,REST002,Urban Spoon Bistro,P007,Bread,Bakery,97,16,41,41,0,6,66,1,1.2,3.0,123.0,5.1,Thursday,0,0,12,6,Auto-Order,7.2,12.77,100.0
2026-03-12,REST002,Urban Spoon Bistro,P008,Salmon Fillet,Seafood,77,0,21,21,0,3,53,2,6.5,14.5,304.5,5.1,Thursday,0,0,6,0,No Action,19.5,12.5,100.0
2026-03-12,REST002,Urban Spoon Bistro,P009,Avocado,Vegetables,58,58,26,26,0,4,86,2,1.5,4.2,109.2,5.1,Thursday,0,0,7,0,No Action,6.0,13.33,100.0
2026-03-12,REST002,Urban Spoon Bistro,P010,Pasta,Dry Goods,227,0,52,52,0,1,174,4,0.9,3.0,156.0,5.1,Thursday,0,0,14,0,No Action,0.9,1.89,100.0
2026-03-13,REST002,Urban Spoon Bistro,P001,Chicken Breast,Meat,133,0,41,41,0,4,88,3,4.2,9.5,389.5,6.1,Friday,0,0,12,30,Auto-Order,16.8,8.89,100.0
2026-03-13,REST002,Urban Spoon Bistro,P002,Tomatoes,Vegetables,115,138,61,61,0,12,180,2,1.1,3.2,195.2,6.1,Friday,0,0,16,0,No Action,13.2,16.44,100.0
2026-03-13,REST002,Urban Spoon Bistro,P003,Rice,Dry Goods,343,0,66,66,0,2,275,4,0.8,2.8,184.8,6.1,Friday,0,0,18,0,No Action,1.6,2.94,100.0
2026-03-13,REST002,Urban Spoon Bistro,P004,Milk,Dairy,122,0,43,43,0,5,74,2,1.0,2.4,103.2,6.1,Friday,0,0,10,14,Auto-Order,5.0,10.42,100.0
2026-03-13,REST002,Urban Spoon Bistro,P005,Cheese,Dairy,119,0,28,28,0,4,87,3,2.8,6.5,182.0,6.1,Friday,0,0,8,0,No Action,11.2,12.5,100.0
2026-03-13,REST002,Urban Spoon Bistro,P006,Potatoes,Vegetables,170,0,53,53,0,7,110,2,0.7,2.5,132.5,6.1,Friday,0,0,14,11,Auto-Order,4.9,11.67,100.0
2026-03-13,REST002,Urban Spoon Bistro,P007,Bread,Bakery,66,0,43,43,0,3,20,1,1.2,3.0,129.0,6.1,Friday,0,0,12,61,Manager Review,3.6,6.52,100.0
2026-03-13,REST002,Urban Spoon Bistro,P008,Salmon Fillet,Seafood,53,0,24,24,0,1,28,2,6.5,14.5,348.0,6.1,Friday,0,0,6,23,Auto-Order,6.5,4.0,100.0
2026-03-13,REST002,Urban Spoon Bistro,P009,Avocado,Vegetables,86,0,28,28,0,7,51,2,1.5,4.2,117.6,6.1,Friday,0,0,7,10,Auto-Order,10.5,20.0,100.0
2026-03-13,REST002,Urban Spoon Bistro,P010,Pasta,Dry Goods,174,147,56,56,0,2,263,4,0.9,3.0,168.0,6.1,Friday,0,0,14,0,No Action,1.8,3.45,100.0
2026-03-14,REST002,Urban Spoon Bistro,P001,Chicken Breast,Meat,88,150,52,52,0,9,177,3,4.2,9.5,494.0,7.5,Saturday,1,0,12,0,No Action,37.8,14.75,100.0
2026-03-14,REST002,Urban Spoon Bistro,P002,Tomatoes,Vegetables,180,0,71,71,0,9,100,2,1.1,3.2,227.2,7.5,Saturday,1,0,16,31,Auto-Order,9.9,11.25,100.0
2026-03-14,REST002,Urban Spoon Bistro,P003,Rice,Dry Goods,275,0,72,72,0,2,201,4,0.8,2.8,201.6,7.5,Saturday,1,0,18,0,No Action,1.6,2.7,100.0
2026-03-14,REST002,Urban Spoon Bistro,P004,Milk,Dairy,74,94,52,52,0,6,110,2,1.0,2.4,124.8,7.5,Saturday,1,0,10,0,No Action,6.0,10.34,100.0
2026-03-14,REST002,Urban Spoon Bistro,P005,Cheese,Dairy,87,0,38,38,0,2,47,3,2.8,6.5,247.0,7.5,Saturday,1,0,8,31,Auto-Order,5.6,5.0,100.0
2026-03-14,REST002,Urban Spoon Bistro,P006,Potatoes,Vegetables,110,123,65,65,0,9,159,2,0.7,2.5,162.5,7.5,Saturday,1,0,14,0,No Action,6.3,12.16,100.0
2026-03-14,REST002,Urban Spoon Bistro,P007,Bread,Bakery,20,114,52,52,0,8,74,1,1.2,3.0,156.0,7.5,Saturday,1,0,12,7,Auto-Order,9.6,13.33,100.0
2026-03-14,REST002,Urban Spoon Bistro,P008,Salmon Fillet,Seafood,28,70,28,28,0,4,66,2,6.5,14.5,406.0,7.5,Saturday,1,0,6,0,No Action,26.0,12.5,100.0
2026-03-14,REST002,Urban Spoon Bistro,P009,Avocado,Vegetables,51,70,33,33,0,5,83,2,1.5,4.2,138.6,7.5,Saturday,1,0,7,0,No Action,7.5,13.16,100.0
2026-03-14,REST002,Urban Spoon Bistro,P010,Pasta,Dry Goods,263,0,65,65,0,2,196,4,0.9,3.0,195.0,7.5,Saturday,1,0,14,0,No Action,1.8,2.99,100.0
2026-03-15,REST002,Urban Spoon Bistro,P001,Chicken Breast,Meat,177,0,52,52,0,6,119,3,4.2,9.5,494.0,5.0,Sunday,1,0,12,0,No Action,25.2,10.34,100.0
2026-03-15,REST002,Urban Spoon Bistro,P002,Tomatoes,Vegetables,100,155,87,87,0,13,155,2,1.1,3.2,278.4,5.0,Sunday,1,0,16,0,No Action,14.3,13.0,100.0
2026-03-15,REST002,Urban Spoon Bistro,P003,Rice,Dry Goods,201,236,74,74,0,3,360,4,0.8,2.8,207.2,5.0,Sunday,1,0,18,0,No Action,2.4,3.9,100.0
2026-03-15,REST002,Urban Spoon Bistro,P004,Milk,Dairy,110,10,48,48,0,4,68,2,1.0,2.4,115.2,5.0,Sunday,1,0,10,9,Auto-Order,4.0,7.69,100.0
2026-03-15,REST002,Urban Spoon Bistro,P005,Cheese,Dairy,47,112,35,35,0,6,118,3,2.8,6.5,227.5,5.0,Sunday,1,0,8,0,No Action,16.8,14.63,100.0
2026-03-15,REST002,Urban Spoon Bistro,P006,Potatoes,Vegetables,159,0,69,69,0,6,84,2,0.7,2.5,172.5,5.0,Sunday,1,0,14,23,Auto-Order,4.2,8.0,100.0
2026-03-15,REST002,Urban Spoon Bistro,P007,Bread,Bakery,74,0,60,60,0,4,10,1,1.2,3.0,180.0,5.0,Sunday,1,1,12,62,Manager Review,4.8,6.25,100.0
2026-03-15,REST002,Urban Spoon Bistro,P008,Salmon Fillet,Seafood,66,0,25,25,0,2,39,2,6.5,14.5,362.5,5.0,Sunday,1,0,6,5,Auto-Order,13.0,7.41,100.0
2026-03-15,REST002,Urban Spoon Bistro,P009,Avocado,Vegetables,83,0,35,35,0,3,45,2,1.5,4.2,147.0,5.0,Sunday,1,0,7,8,Auto-Order,4.5,7.89,100.0
2026-03-15,REST002,Urban Spoon Bistro,P010,Pasta,Dry Goods,196,0,64,64,0,2,130,4,0.9,3.0,192.0,5.0,Sunday,1,0,14,0,No Action,1.8,3.03,100.0
2026-03-16,REST002,Urban Spoon Bistro,P001,Chicken Breast,Meat,119,127,45,45,0,10,191,3,4.2,9.5,427.5,2.9,Monday,0,0,12,0,No Action,42.0,18.18,100.0
2026-03-16,REST002,Urban Spoon Bistro,P002,Tomatoes,Vegetables,155,24,62,62,0,9,108,2,1.1,3.2,198.4,2.9,Monday,0,0,16,7,Auto-Order,9.9,12.68,100.0
2026-03-16,REST002,Urban Spoon Bistro,P003,Rice,Dry Goods,360,0,77,77,0,3,280,4,0.8,2.8,215.6,2.9,Monday,0,0,18,0,No Action,2.4,3.75,100.0
2026-03-16,REST002,Urban Spoon Bistro,P004,Milk,Dairy,68,105,41,41,0,5,127,2,1.0,2.4,98.4,2.9,Monday,0,0,10,0,No Action,5.0,10.87,100.0
2026-03-16,REST002,Urban Spoon Bistro,P005,Cheese,Dairy,118,0,29,29,0,3,86,3,2.8,6.5,188.5,2.9,Monday,0,0,8,0,No Action,8.4,9.38,100.0
2026-03-16,REST002,Urban Spoon Bistro,P006,Potatoes,Vegetables,84,151,65,65,0,9,161,2,0.7,2.5,162.5,2.9,Monday,0,0,14,0,No Action,6.3,12.16,100.0
2026-03-16,REST002,Urban Spoon Bistro,P007,Bread,Bakery,10,125,38,38,0,7,90,1,1.2,3.0,114.0,2.9,Monday,0,0,12,0,No Action,8.4,15.56,100.0
2026-03-16,REST002,Urban Spoon Bistro,P008,Salmon Fillet,Seafood,39,62,25,25,0,5,71,2,6.5,14.5,362.5,2.9,Monday,0,0,6,0,No Action,32.5,16.67,100.0
2026-03-16,REST002,Urban Spoon Bistro,P009,Avocado,Vegetables,45,75,33,33,0,5,82,2,1.5,4.2,138.6,2.9,Monday,0,0,7,0,No Action,7.5,13.16,100.0
2026-03-16,REST002,Urban Spoon Bistro,P010,Pasta,Dry Goods,130,195,59,59,0,5,261,4,0.9,3.0,177.0,2.9,Monday,0,0,14,0,No Action,4.5,7.81,100.0
2026-03-17,REST002,Urban Spoon Bistro,P001,Chicken Breast,Meat,191,0,46,46,0,6,139,3,4.2,9.5,437.0,9.2,Tuesday,0,0,12,0,No Action,25.2,11.54,100.0
2026-03-17,REST002,Urban Spoon Bistro,P002,Tomatoes,Vegetables,108,135,59,59,0,11,173,2,1.1,3.2,188.8,9.2,Tuesday,0,0,16,0,No Action,12.1,15.71,100.0
2026-03-17,REST002,Urban Spoon Bistro,P003,Rice,Dry Goods,280,23,68,68,0,2,233,4,0.8,2.8,190.4,9.2,Tuesday,0,0,18,0,No Action,1.6,2.86,100.0
2026-03-17,REST002,Urban Spoon Bistro,P004,Milk,Dairy,127,0,41,41,0,4,82,2,1.0,2.4,98.4,9.2,Tuesday,0,0,10,0,No Action,4.0,8.89,100.0
2026-03-17,REST002,Urban Spoon Bistro,P005,Cheese,Dairy,86,73,29,29,0,4,126,3,2.8,6.5,188.5,9.2,Tuesday,0,0,8,0,No Action,11.2,12.12,100.0
2026-03-17,REST002,Urban Spoon Bistro,P006,Potatoes,Vegetables,161,0,60,60,0,8,93,2,0.7,2.5,150.0,9.2,Tuesday,0,0,14,14,Auto-Order,5.6,11.76,100.0
2026-03-17,REST002,Urban Spoon Bistro,P007,Bread,Bakery,90,0,41,41,0,5,44,1,1.2,3.0,123.0,9.2,Tuesday,0,0,12,28,Auto-Order,6.0,10.87,100.0
2026-03-17,REST002,Urban Spoon Bistro,P008,Salmon Fillet,Seafood,71,0,22,22,0,2,47,2,6.5,14.5,319.0,9.2,Tuesday,0,0,6,0,No Action,13.0,8.33,100.0
2026-03-17,REST002,Urban Spoon Bistro,P009,Avocado,Vegetables,82,0,28,28,0,4,50,2,1.5,4.2,117.6,9.2,Tuesday,0,0,7,3,Auto-Order,6.0,12.5,100.0
2026-03-17,REST002,Urban Spoon Bistro,P010,Pasta,Dry Goods,261,0,51,51,0,2,208,4,0.9,3.0,153.0,9.2,Tuesday,0,0,14,0,No Action,1.8,3.77,100.0
2026-03-18,REST002,Urban Spoon Bistro,P001,Chicken Breast,Meat,139,0,48,48,0,6,85,3,4.2,9.5,456.0,11.3,Wednesday,0,0,12,18,Auto-Order,25.2,11.11,100.0
2026-03-18,REST002,Urban Spoon Bistro,P002,Tomatoes,Vegetables,173,0,56,56,0,7,110,2,1.1,3.2,179.2,11.3,Wednesday,0,0,16,5,Auto-Order,7.7,11.11,100.0
2026-03-18,REST002,Urban Spoon Bistro,P003,Rice,Dry Goods,233,203,67,67,0,4,365,4,0.8,2.8,187.6,11.3,Wednesday,0,0,18,0,No Action,3.2,5.63,100.0
2026-03-18,REST002,Urban Spoon Bistro,P004,Milk,Dairy,82,85,38,38,0,7,122,2,1.0,2.4,91.2,11.3,Wednesday,0,0,10,0,No Action,7.0,15.56,100.0
2026-03-18,REST002,Urban Spoon Bistro,P005,Cheese,Dairy,126,0,30,30,0,3,93,3,2.8,6.5,195.0,11.3,Wednesday,0,0,8,0,No Action,8.4,9.09,100.0
2026-03-18,REST002,Urban Spoon Bistro,P006,Potatoes,Vegetables,93,140,50,50,0,9,174,2,0.7,2.5,125.0,11.3,Wednesday,0,0,14,0,No Action,6.3,15.25,100.0
2026-03-18,REST002,Urban Spoon Bistro,P007,Bread,Bakery,44,101,40,40,0,8,97,1,1.2,3.0,120.0,11.3,Wednesday,0,0,12,0,No Action,9.6,16.67,100.0
2026-03-18,REST002,Urban Spoon Bistro,P008,Salmon Fillet,Seafood,47,55,23,23,0,3,76,2,6.5,14.5,333.5,11.3,Wednesday,0,0,6,0,No Action,19.5,11.54,100.0
2026-03-18,REST002,Urban Spoon Bistro,P009,Avocado,Vegetables,50,61,28,28,0,4,79,2,1.5,4.2,117.6,11.3,Wednesday,0,0,7,0,No Action,6.0,12.5,100.0
2026-03-18,REST002,Urban Spoon Bistro,P010,Pasta,Dry Goods,208,0,66,66,0,1,141,4,0.9,3.0,198.0,11.3,Wednesday,0,1,14,0,No Action,0.9,1.49,100.0
2026-03-19,REST002,Urban Spoon Bistro,P001,Chicken Breast,Meat,85,156,47,47,0,8,186,3,4.2,9.5,446.5,6.0,Thursday,0,0,12,0,No Action,33.6,14.55,100.0
2026-03-19,REST002,Urban Spoon Bistro,P002,Tomatoes,Vegetables,110,136,61,61,0,14,171,2,1.1,3.2,195.2,6.0,Thursday,0,0,16,0,No Action,15.4,18.67,100.0
2026-03-19,REST002,Urban Spoon Bistro,P003,Rice,Dry Goods,365,0,72,72,0,4,289,4,0.8,2.8,201.6,6.0,Thursday,0,0,18,0,No Action,3.2,5.26,100.0
2026-03-19,REST002,Urban Spoon Bistro,P004,Milk,Dairy,122,0,40,40,0,4,78,2,1.0,2.4,96.0,6.0,Thursday,0,0,10,0,No Action,4.0,9.09,100.0
2026-03-19,REST002,Urban Spoon Bistro,P005,Cheese,Dairy,93,0,34,34,0,3,56,3,2.8,6.5,221.0,6.0,Thursday,0,0,8,13,Auto-Order,8.4,8.11,100.0
2026-03-19,REST002,Urban Spoon Bistro,P006,Potatoes,Vegetables,174,0,62,62,0,7,105,2,0.7,2.5,155.0,6.0,Thursday,0,0,14,2,Auto-Order,4.9,10.14,100.0
2026-03-19,REST002,Urban Spoon Bistro,P007,Bread,Bakery,97,0,46,46,0,5,46,1,1.2,3.0,138.0,6.0,Thursday,0,0,12,26,Auto-Order,6.0,9.8,100.0
2026-03-19,REST002,Urban Spoon Bistro,P008,Salmon Fillet,Seafood,76,0,23,23,0,3,50,2,6.5,14.5,333.5,6.0,Thursday,0,0,6,0,No Action,19.5,11.54,100.0
2026-03-19,REST002,Urban Spoon Bistro,P009,Avocado,Vegetables,79,0,28,28,0,5,46,2,1.5,4.2,117.6,6.0,Thursday,0,0,7,7,Auto-Order,7.5,15.15,100.0
2026-03-19,REST002,Urban Spoon Bistro,P010,Pasta,Dry Goods,141,190,52,52,0,3,276,4,0.9,3.0,156.0,6.0,Thursday,0,0,14,0,No Action,2.7,5.45,100.0
2026-03-20,REST002,Urban Spoon Bistro,P001,Chicken Breast,Meat,186,0,47,47,0,7,132,3,4.2,9.5,446.5,7.6,Friday,0,0,12,0,No Action,29.4,12.96,100.0
2026-03-20,REST002,Urban Spoon Bistro,P002,Tomatoes,Vegetables,171,0,56,56,0,9,106,2,1.1,3.2,179.2,7.6,Friday,0,0,16,25,Auto-Order,9.9,13.85,100.0
2026-03-20,REST002,Urban Spoon Bistro,P003,Rice,Dry Goods,289,0,68,68,0,2,219,4,0.8,2.8,190.4,7.6,Friday,0,0,18,0,No Action,1.6,2.86,100.0
2026-03-20,REST002,Urban Spoon Bistro,P004,Milk,Dairy,78,90,40,40,0,7,121,2,1.0,2.4,96.0,7.6,Friday,0,0,10,0,No Action,7.0,14.89,100.0
2026-03-20,REST002,Urban Spoon Bistro,P005,Cheese,Dairy,56,99,31,31,0,6,118,3,2.8,6.5,201.5,7.6,Friday,0,0,8,0,No Action,16.8,16.22,100.0
2026-03-20,REST002,Urban Spoon Bistro,P006,Potatoes,Vegetables,105,131,53,53,0,7,176,2,0.7,2.5,132.5,7.6,Friday,0,0,14,0,No Action,4.9,11.67,100.0
2026-03-20,REST002,Urban Spoon Bistro,P007,Bread,Bakery,46,98,46,46,0,8,90,1,1.2,3.0,138.0,7.6,Friday,0,0,12,0,No Action,9.6,14.81,100.0
2026-03-20,REST002,Urban Spoon Bistro,P008,Salmon Fillet,Seafood,50,0,20,20,0,3,27,2,6.5,14.5,290.0,7.6,Friday,0,0,6,24,Auto-Order,19.5,13.04,100.0
2026-03-20,REST002,Urban Spoon Bistro,P009,Avocado,Vegetables,46,75,29,29,0,6,86,2,1.5,4.2,121.8,7.6,Friday,0,0,7,0,No Action,9.0,17.14,100.0
2026-03-20,REST002,Urban Spoon Bistro,P010,Pasta,Dry Goods,276,0,62,62,0,3,211,4,0.9,3.0,186.0,7.6,Friday,0,1,14,0,No Action,2.7,4.62,100.0
2026-03-21,REST002,Urban Spoon Bistro,P001,Chicken Breast,Meat,132,0,54,54,0,6,72,3,4.2,9.5,513.0,9.0,Saturday,1,0,12,46,Auto-Order,25.2,10.0,100.0
2026-03-21,REST002,Urban Spoon Bistro,P002,Tomatoes,Vegetables,106,137,67,67,0,14,162,2,1.1,3.2,214.4,9.0,Saturday,1,0,16,0,No Action,15.4,17.28,100.0
2026-03-21,REST002,Urban Spoon Bistro,P003,Rice,Dry Goods,219,211,83,83,0,3,344,4,0.8,2.8,232.4,9.0,Saturday,1,0,18,0,No Action,2.4,3.49,100.0
2026-03-21,REST002,Urban Spoon Bistro,P004,Milk,Dairy,121,0,43,43,0,3,75,2,1.0,2.4,103.2,9.0,Saturday,1,0,10,13,Auto-Order,3.0,6.52,100.0
2026-03-21,REST002,Urban Spoon Bistro,P005,Cheese,Dairy,118,0,34,34,0,2,82,3,2.8,6.5,221.0,9.0,Saturday,1,0,8,0,No Action,5.6,5.56,100.0
2026-03-21,REST002,Urban Spoon Bistro,P006,Potatoes,Vegetables,176,0,64,64,0,5,107,2,0.7,2.5,160.0,9.0,Saturday,1,0,14,14,Auto-Order,3.5,7.25,100.0
2026-03-21,REST002,Urban Spoon Bistro,P007,Bread,Bakery,90,0,47,47,0,3,40,1,1.2,3.0,141.0,9.0,Saturday,1,0,12,41,Auto-Order,3.6,6.0,100.0
2026-03-21,REST002,Urban Spoon Bistro,P008,Salmon Fillet,Seafood,27,69,28,28,0,4,64,2,6.5,14.5,406.0,9.0,Saturday,1,0,6,0,No Action,26.0,12.5,100.0
2026-03-21,REST002,Urban Spoon Bistro,P009,Avocado,Vegetables,86,0,30,30,0,5,51,2,1.5,4.2,126.0,9.0,Saturday,1,0,7,10,Auto-Order,7.5,14.29,100.0
2026-03-21,REST002,Urban Spoon Bistro,P010,Pasta,Dry Goods,211,0,55,55,0,2,154,4,0.9,3.0,165.0,9.0,Saturday,1,0,14,0,No Action,1.8,3.51,100.0
2026-03-22,REST002,Urban Spoon Bistro,P001,Chicken Breast,Meat,72,169,50,50,0,9,182,3,4.2,9.5,475.0,9.4,Sunday,1,0,12,0,No Action,37.8,15.25,100.0
2026-03-22,REST002,Urban Spoon Bistro,P002,Tomatoes,Vegetables,162,0,65,65,0,9,88,2,1.1,3.2,208.0,9.4,Sunday,1,0,16,27,Auto-Order,9.9,12.16,100.0
2026-03-22,REST002,Urban Spoon Bistro,P003,Rice,Dry Goods,344,0,106,106,0,3,235,4,0.8,2.8,296.8,9.4,Sunday,1,1,18,0,No Action,2.4,2.75,100.0
2026-03-22,REST002,Urban Spoon Bistro,P004,Milk,Dairy,75,90,47,47,0,5,113,2,1.0,2.4,112.8,9.4,Sunday,1,0,10,0,No Action,5.0,9.62,100.0
2026-03-22,REST002,Urban Spoon Bistro,P005,Cheese,Dairy,82,74,39,39,0,4,113,3,2.8,6.5,253.5,9.4,Sunday,1,0,8,0,No Action,11.2,9.3,100.0
2026-03-22,REST002,Urban Spoon Bistro,P006,Potatoes,Vegetables,107,122,65,65,0,10,154,2,0.7,2.5,162.5,9.4,Sunday,1,0,14,0,No Action,7.0,13.33,100.0
2026-03-22,REST002,Urban Spoon Bistro,P007,Bread,Bakery,40,105,51,51,0,7,87,1,1.2,3.0,153.0,9.4,Sunday,1,0,12,0,No Action,8.4,12.07,100.0
2026-03-22,REST002,Urban Spoon Bistro,P008,Salmon Fillet,Seafood,64,0,25,25,0,3,36,2,6.5,14.5,362.5,9.4,Sunday,1,0,6,8,Auto-Order,19.5,10.71,100.0
2026-03-22,REST002,Urban Spoon Bistro,P009,Avocado,Vegetables,51,70,32,32,0,5,84,2,1.5,4.2,134.4,9.4,Sunday,1,0,7,0,No Action,7.5,13.51,100.0
2026-03-22,REST002,Urban Spoon Bistro,P010,Pasta,Dry Goods,154,174,60,60,0,3,265,4,0.9,3.0,180.0,9.4,Sunday,1,0,14,0,No Action,2.7,4.76,100.0
2026-03-23,REST002,Urban Spoon Bistro,P001,Chicken Breast,Meat,182,0,44,44,0,7,131,3,4.2,9.5,418.0,9.4,Monday,0,0,12,0,No Action,29.4,13.73,100.0
2026-03-23,REST002,Urban Spoon Bistro,P002,Tomatoes,Vegetables,88,160,59,59,0,12,177,2,1.1,3.2,188.8,9.4,Monday,0,0,16,0,No Action,13.2,16.9,100.0
2026-03-23,REST002,Urban Spoon Bistro,P003,Rice,Dry Goods,235,197,86,86,0,3,343,4,0.8,2.8,240.8,9.4,Monday,0,1,18,0,No Action,2.4,3.37,100.0
2026-03-23,REST002,Urban Spoon Bistro,P004,Milk,Dairy,113,0,41,41,0,3,69,2,1.0,2.4,98.4,9.4,Monday,0,0,10,8,Auto-Order,3.0,6.82,100.0
2026-03-23,REST002,Urban Spoon Bistro,P005,Cheese,Dairy,113,0,35,35,0,4,74,3,2.8,6.5,227.5,9.4,Monday,0,1,8,0,No Action,11.2,10.26,100.0
2026-03-23,REST002,Urban Spoon Bistro,P006,Potatoes,Vegetables,154,0,62,62,0,4,88,2,0.7,2.5,155.0,9.4,Monday,0,0,14,19,Auto-Order,2.8,6.06,100.0
2026-03-23,REST002,Urban Spoon Bistro,P007,Bread,Bakery,87,0,46,46,0,6,35,1,1.2,3.0,138.0,9.4,Monday,0,0,12,37,Auto-Order,7.2,11.54,100.0
2026-03-23,REST002,Urban Spoon Bistro,P008,Salmon Fillet,Seafood,36,58,19,19,0,4,71,2,6.5,14.5,275.5,9.4,Monday,0,0,6,0,No Action,26.0,17.39,100.0
2026-03-23,REST002,Urban Spoon Bistro,P009,Avocado,Vegetables,84,0,26,26,0,4,54,2,1.5,4.2,109.2,9.4,Monday,0,0,7,0,No Action,6.0,13.33,100.0
2026-03-23,REST002,Urban Spoon Bistro,P010,Pasta,Dry Goods,265,0,63,63,0,2,200,4,0.9,3.0,189.0,9.4,Monday,0,1,14,0,No Action,1.8,3.08,100.0
2026-03-24,REST002,Urban Spoon Bistro,P001,Chicken Breast,Meat,131,0,40,40,0,4,87,3,4.2,9.5,380.0,7.8,Tuesday,0,0,12,16,Auto-Order,16.8,9.09,100.0
2026-03-24,REST002,Urban Spoon Bistro,P002,Tomatoes,Vegetables,177,0,56,56,0,10,111,2,1.1,3.2,179.2,7.8,Tuesday,0,0,16,4,Auto-Order,11.0,15.15,100.0
2026-03-24,REST002,Urban Spoon Bistro,P003,Rice,Dry Goods,343,0,62,62,0,3,278,4,0.8,2.8,173.6,7.8,Tuesday,0,0,18,0,No Action,2.4,4.62,100.0
2026-03-24,REST002,Urban Spoon Bistro,P004,Milk,Dairy,69,105,39,39,0,6,129,2,1.0,2.4,93.6,7.8,Tuesday,0,0,10,0,No Action,6.0,13.33,100.0
2026-03-24,REST002,Urban Spoon Bistro,P005,Cheese,Dairy,74,85,30,30,0,4,125,3,2.8,6.5,195.0,7.8,Tuesday,0,0,8,0,No Action,11.2,11.76,100.0
2026-03-24,REST002,Urban Spoon Bistro,P006,Potatoes,Vegetables,88,151,60,60,0,9,170,2,0.7,2.5,150.0,7.8,Tuesday,0,0,14,0,No Action,6.3,13.04,100.0
2026-03-24,REST002,Urban Spoon Bistro,P007,Bread,Bakery,35,108,46,46,0,7,90,1,1.2,3.0,138.0,7.8,Tuesday,0,0,12,0,No Action,8.4,13.21,100.0
2026-03-24,REST002,Urban Spoon Bistro,P008,Salmon Fillet,Seafood,71,0,22,22,0,3,46,2,6.5,14.5,319.0,7.8,Tuesday,0,0,6,0,No Action,19.5,12.0,100.0
2026-03-24,REST002,Urban Spoon Bistro,P009,Avocado,Vegetables,54,66,28,28,0,5,87,2,1.5,4.2,117.6,7.8,Tuesday,0,0,7,0,No Action,7.5,15.15,100.0
2026-03-24,REST002,Urban Spoon Bistro,P010,Pasta,Dry Goods,200,0,46,46,0,3,151,4,0.9,3.0,138.0,7.8,Tuesday,0,0,14,0,No Action,2.7,6.12,100.0
2026-03-25,REST002,Urban Spoon Bistro,P001,Chicken Breast,Meat,87,158,48,48,0,9,188,3,4.2,9.5,456.0,10.5,Wednesday,0,0,12,0,No Action,37.8,15.79,100.0
2026-03-25,REST002,Urban Spoon Bistro,P002,Tomatoes,Vegetables,111,138,57,57,0,12,180,2,1.1,3.2,182.4,10.5,Wednesday,0,0,16,0,No Action,13.2,17.39,100.0
2026-03-25,REST002,Urban Spoon Bistro,P003,Rice,Dry Goods,278,0,75,75,0,2,201,4,0.8,2.8,210.0,10.5,Wednesday,0,0,18,0,No Action,1.6,2.6,100.0
2026-03-25,REST002,Urban Spoon Bistro,P004,Milk,Dairy,129,0,41,41,0,5,83,2,1.0,2.4,98.4,10.5,Wednesday,0,0,10,0,No Action,5.0,10.87,100.0
2026-03-25,REST002,Urban Spoon Bistro,P005,Cheese,Dairy,125,0,30,30,0,4,91,3,2.8,6.5,195.0,10.5,Wednesday,0,0,8,0,No Action,11.2,11.76,100.0
2026-03-25,REST002,Urban Spoon Bistro,P006,Potatoes,Vegetables,170,0,63,63,0,7,100,2,0.7,2.5,157.5,10.5,Wednesday,0,0,14,7,Auto-Order,4.9,10.0,100.0
2026-03-25,REST002,Urban Spoon Bistro,P007,Bread,Bakery,90,0,45,45,0,5,40,1,1.2,3.0,135.0,10.5,Wednesday,0,0,12,32,Auto-Order,6.0,10.0,100.0
2026-03-25,REST002,Urban Spoon Bistro,P008,Salmon Fillet,Seafood,46,57,20,20,0,4,79,2,6.5,14.5,290.0,10.5,Wednesday,0,0,6,0,No Action,26.0,16.67,100.0
2026-03-25,REST002,Urban Spoon Bistro,P009,Avocado,Vegetables,87,0,29,29,0,4,54,2,1.5,4.2,121.8,10.5,Wednesday,0,0,7,0,No Action,6.0,12.12,100.0
2026-03-25,REST002,Urban Spoon Bistro,P010,Pasta,Dry Goods,151,172,46,46,0,2,275,4,0.9,3.0,138.0,10.5,Wednesday,0,0,14,0,No Action,1.8,4.17,100.0
2026-03-26,REST002,Urban Spoon Bistro,P001,Chicken Breast,Meat,188,0,45,45,0,5,138,3,4.2,9.5,427.5,10.3,Thursday,0,0,12,0,No Action,21.0,10.0,100.0
2026-03-26,REST002,Urban Spoon Bistro,P002,Tomatoes,Vegetables,180,0,54,54,0,9,117,2,1.1,3.2,172.8,10.3,Thursday,0,0,16,0,No Action,9.9,14.29,100.0
2026-03-26,REST002,Urban Spoon Bistro,P003,Rice,Dry Goods,201,232,71,71,0,4,358,4,0.8,2.8,198.8,10.3,Thursday,0,0,18,0,No Action,3.2,5.33,100.0
2026-03-26,REST002,Urban Spoon Bistro,P004,Milk,Dairy,83,81,41,41,0,6,117,2,1.0,2.4,98.4,10.3,Thursday,0,0,10,0,No Action,6.0,12.77,100.0
2026-03-26,REST002,Urban Spoon Bistro,P005,Cheese,Dairy,91,0,29,29,0,2,60,3,2.8,6.5,188.5,10.3,Thursday,0,0,8,9,Auto-Order,5.6,6.45,100.0
2026-03-26,REST002,Urban Spoon Bistro,P006,Potatoes,Vegetables,100,134,56,56,0,9,169,2,0.7,2.5,140.0,10.3,Thursday,0,0,14,0,No Action,6.3,13.85,100.0
2026-03-26,REST002,Urban Spoon Bistro,P007,Bread,Bakery,40,100,42,42,0,6,92,1,1.2,3.0,126.0,10.3,Thursday,0,0,12,0,No Action,7.2,12.5,100.0
2026-03-26,REST002,Urban Spoon Bistro,P008,Salmon Fillet,Seafood,79,0,29,29,0,4,46,2,6.5,14.5,420.5,10.3,Thursday,0,1,6,0,No Action,26.0,12.12,100.0
2026-03-26,REST002,Urban Spoon Bistro,P009,Avocado,Vegetables,54,58,25,25,0,5,82,2,1.5,4.2,105.0,10.3,Thursday,0,0,7,0,No Action,7.5,16.67,100.0
2026-03-26,REST002,Urban Spoon Bistro,P010,Pasta,Dry Goods,275,0,50,50,0,0,225,4,0.9,3.0,150.0,10.3,Thursday,0,0,14,0,No Action,0.0,0.0,100.0
2026-03-27,REST002,Urban Spoon Bistro,P001,Chicken Breast,Meat,138,0,45,45,0,4,89,3,4.2,9.5,427.5,10.4,Friday,0,0,12,29,Auto-Order,16.8,8.16,100.0
2026-03-27,REST002,Urban Spoon Bistro,P002,Tomatoes,Vegetables,117,136,58,58,0,13,182,2,1.1,3.2,185.6,10.4,Friday,0,0,16,0,No Action,14.3,18.31,100.0
2026-03-27,REST002,Urban Spoon Bistro,P003,Rice,Dry Goods,358,0,71,71,0,4,283,4,0.8,2.8,198.8,10.4,Friday,0,0,18,0,No Action,3.2,5.33,100.0
2026-03-27,REST002,Urban Spoon Bistro,P004,Milk,Dairy,117,0,38,38,0,4,75,2,1.0,2.4,91.2,10.4,Friday,0,0,10,13,Auto-Order,4.0,9.52,100.0
2026-03-27,REST002,Urban Spoon Bistro,P005,Cheese,Dairy,60,100,31,31,0,4,125,3,2.8,6.5,201.5,10.4,Friday,0,0,8,0,No Action,11.2,11.43,100.0
2026-03-27,REST002,Urban Spoon Bistro,P006,Potatoes,Vegetables,169,0,55,55,0,5,109,2,0.7,2.5,137.5,10.4,Friday,0,0,14,12,Auto-Order,3.5,8.33,100.0
2026-03-27,REST002,Urban Spoon Bistro,P007,Bread,Bakery,92,0,47,47,0,5,40,1,1.2,3.0,141.0,10.4,Friday,0,0,12,41,Auto-Order,6.0,9.62,100.0
2026-03-27,REST002,Urban Spoon Bistro,P008,Salmon Fillet,Seafood,46,53,22,22,0,3,74,2,6.5,14.5,319.0,10.4,Friday,0,0,6,0,No Action,19.5,12.0,100.0
2026-03-27,REST002,Urban Spoon Bistro,P009,Avocado,Vegetables,82,0,27,27,0,4,51,2,1.5,4.2,113.4,10.4,Friday,0,0,7,10,Auto-Order,6.0,12.9,100.0
2026-03-27,REST002,Urban Spoon Bistro,P010,Pasta,Dry Goods,225,0,47,47,0,0,178,4,0.9,3.0,141.0,10.4,Friday,0,0,14,0,No Action,0.0,0.0,100.0
2026-03-28,REST002,Urban Spoon Bistro,P001,Chicken Breast,Meat,89,152,50,50,0,8,183,3,4.2,9.5,475.0,13.4,Saturday,1,0,12,0,No Action,33.6,13.79,100.0
2026-03-28,REST002,Urban Spoon Bistro,P002,Tomatoes,Vegetables,182,0,64,64,0,9,109,2,1.1,3.2,204.8,13.4,Saturday,1,0,16,22,Auto-Order,9.9,12.33,100.0
2026-03-28,REST002,Urban Spoon Bistro,P003,Rice,Dry Goods,283,0,88,88,0,2,193,4,0.8,2.8,246.4,13.4,Saturday,1,0,18,0,No Action,1.6,2.22,100.0
2026-03-28,REST002,Urban Spoon Bistro,P004,Milk,Dairy,75,96,51,51,0,5,115,2,1.0,2.4,122.4,13.4,Saturday,1,0,10,0,No Action,5.0,8.93,100.0
2026-03-28,REST002,Urban Spoon Bistro,P005,Cheese,Dairy,125,0,35,35,0,3,87,3,2.8,6.5,227.5,13.4,Saturday,1,0,8,0,No Action,8.4,7.89,100.0
2026-03-28,REST002,Urban Spoon Bistro,P006,Potatoes,Vegetables,109,123,65,65,0,7,160,2,0.7,2.5,162.5,13.4,Saturday,1,0,14,0,No Action,4.9,9.72,100.0
2026-03-28,REST002,Urban Spoon Bistro,P007,Bread,Bakery,40,93,48,48,0,7,78,1,1.2,3.0,144.0,13.4,Saturday,1,0,12,3,Auto-Order,8.4,12.73,100.0
2026-03-28,REST002,Urban Spoon Bistro,P008,Salmon Fillet,Seafood,74,0,26,26,0,2,46,2,6.5,14.5,377.0,13.4,Saturday,1,0,6,5,Auto-Order,13.0,7.14,100.0
2026-03-28,REST002,Urban Spoon Bistro,P009,Avocado,Vegetables,51,67,35,35,0,4,79,2,1.5,4.2,147.0,13.4,Saturday,1,0,7,0,No Action,6.0,10.26,100.0
2026-03-28,REST002,Urban Spoon Bistro,P010,Pasta,Dry Goods,178,149,61,61,0,2,264,4,0.9,3.0,183.0,13.4,Saturday,1,0,14,0,No Action,1.8,3.17,100.0
2026-03-29,REST002,Urban Spoon Bistro,P001,Chicken Breast,Meat,183,13,54,54,0,6,136,3,4.2,9.5,513.0,10.0,Sunday,1,0,12,0,No Action,25.2,10.0,100.0
2026-03-29,REST002,Urban Spoon Bistro,P002,Tomatoes,Vegetables,109,138,67,67,0,14,166,2,1.1,3.2,214.4,10.0,Sunday,1,0,16,0,No Action,15.4,17.28,100.0
2026-03-29,REST002,Urban Spoon Bistro,P003,Rice,Dry Goods,193,235,88,88,0,4,336,4,0.8,2.8,246.4,10.0,Sunday,1,0,18,0,No Action,3.2,4.35,100.0
2026-03-29,REST002,Urban Spoon Bistro,P004,Milk,Dairy,115,0,46,46,0,4,65,2,1.0,2.4,110.4,10.0,Sunday,1,0,10,12,Auto-Order,4.0,8.0,100.0
2026-03-29,REST002,Urban Spoon Bistro,P005,Cheese,Dairy,87,0,36,36,0,2,49,3,2.8,6.5,234.0,10.0,Sunday,1,0,8,20,Auto-Order,5.6,5.26,100.0
2026-03-29,REST002,Urban Spoon Bistro,P006,Potatoes,Vegetables,160,0,62,62,0,4,94,2,0.7,2.5,155.0,10.0,Sunday,1,0,14,13,Auto-Order,2.8,6.06,100.0
2026-03-29,REST002,Urban Spoon Bistro,P007,Bread,Bakery,78,23,50,50,0,6,45,1,1.2,3.0,150.0,10.0,Sunday,1,0,12,27,Auto-Order,7.2,10.71,100.0
2026-03-29,REST002,Urban Spoon Bistro,P008,Salmon Fillet,Seafood,46,47,26,26,0,3,64,2,6.5,14.5,377.0,10.0,Sunday,1,0,6,0,No Action,19.5,10.34,100.0
2026-03-29,REST002,Urban Spoon Bistro,P009,Avocado,Vegetables,79,0,31,31,0,5,43,2,1.5,4.2,130.2,10.0,Sunday,1,0,7,10,Auto-Order,7.5,13.89,100.0
2026-03-29,REST002,Urban Spoon Bistro,P010,Pasta,Dry Goods,264,0,71,71,0,2,191,4,0.9,3.0,213.0,10.0,Sunday,1,1,14,0,No Action,1.8,2.74,100.0
2026-03-30,REST002,Urban Spoon Bistro,P001,Chicken Breast,Meat,136,0,47,47,0,3,86,3,4.2,9.5,446.5,10.2,Monday,0,0,12,17,Auto-Order,12.6,6.0,100.0
2026-03-30,REST002,Urban Spoon Bistro,P002,Tomatoes,Vegetables,166,0,57,57,0,9,100,2,1.1,3.2,182.4,10.2,Monday,0,0,16,15,Auto-Order,9.9,13.64,100.0
2026-03-30,REST002,Urban Spoon Bistro,P003,Rice,Dry Goods,336,0,73,73,0,3,260,4,0.8,2.8,204.4,10.2,Monday,0,0,18,0,No Action,2.4,3.95,100.0
2026-03-30,REST002,Urban Spoon Bistro,P004,Milk,Dairy,65,101,44,44,0,6,116,2,1.0,2.4,105.6,10.2,Monday,0,0,10,0,No Action,6.0,12.0,100.0
2026-03-30,REST002,Urban Spoon Bistro,P005,Cheese,Dairy,49,106,30,30,0,6,119,3,2.8,6.5,195.0,10.2,Monday,0,0,8,0,No Action,16.8,16.67,100.0
2026-03-30,REST002,Urban Spoon Bistro,P006,Potatoes,Vegetables,94,141,54,54,0,8,173,2,0.7,2.5,135.0,10.2,Monday,0,0,14,0,No Action,5.6,12.9,100.0
2026-03-30,REST002,Urban Spoon Bistro,P007,Bread,Bakery,45,96,44,44,0,8,89,1,1.2,3.0,132.0,10.2,Monday,0,0,12,0,No Action,9.6,15.38,100.0
2026-03-30,REST002,Urban Spoon Bistro,P008,Salmon Fillet,Seafood,64,0,24,24,0,3,37,2,6.5,14.5,348.0,10.2,Monday,0,0,6,7,Auto-Order,19.5,11.11,100.0
2026-03-30,REST002,Urban Spoon Bistro,P009,Avocado,Vegetables,43,72,29,29,0,6,80,2,1.5,4.2,121.8,10.2,Monday,0,0,7,0,No Action,9.0,17.14,100.0
2026-03-30,REST002,Urban Spoon Bistro,P010,Pasta,Dry Goods,191,0,55,55,0,3,133,4,0.9,3.0,165.0,10.2,Monday,0,0,14,0,No Action,2.7,5.17,100.0
2026-03-31,REST002,Urban Spoon Bistro,P001,Chicken Breast,Meat,86,160,50,50,0,9,187,3,4.2,9.5,475.0,10.3,Tuesday,0,0,12,0,No Action,37.8,15.25,100.0
2026-03-31,REST002,Urban Spoon Bistro,P002,Tomatoes,Vegetables,100,154,59,59,0,14,181,2,1.1,3.2,188.8,10.3,Tuesday,0,0,16,0,No Action,15.4,19.18,100.0
2026-03-31,REST002,Urban Spoon Bistro,P003,Rice,Dry Goods,260,0,62,62,0,1,197,4,0.8,2.8,173.6,10.3,Tuesday,0,0,18,0,No Action,0.8,1.59,100.0
2026-03-31,REST002,Urban Spoon Bistro,P004,Milk,Dairy,116,0,39,39,0,4,73,2,1.0,2.4,93.6,10.3,Tuesday,0,0,10,4,Auto-Order,4.0,9.3,100.0
2026-03-31,REST002,Urban Spoon Bistro,P005,Cheese,Dairy,119,0,37,37,0,4,78,3,2.8,6.5,240.5,10.3,Tuesday,0,1,8,0,No Action,11.2,9.76,100.0
2026-03-31,REST002,Urban Spoon Bistro,P006,Potatoes,Vegetables,173,0,52,52,0,5,116,2,0.7,2.5,130.0,10.3,Tuesday,0,0,14,0,No Action,3.5,8.77,100.0
2026-03-31,REST002,Urban Spoon Bistro,P007,Bread,Bakery,89,0,48,48,0,6,35,1,1.2,3.0,144.0,10.3,Tuesday,0,0,12,37,Auto-Order,7.2,11.11,100.0
2026-03-31,REST002,Urban Spoon Bistro,P008,Salmon Fillet,Seafood,37,66,27,27,0,4,72,2,6.5,14.5,391.5,10.3,Tuesday,0,0,6,0,No Action,26.0,12.9,100.0
2026-03-31,REST002,Urban Spoon Bistro,P009,Avocado,Vegetables,80,0,24,24,0,5,51,2,1.5,4.2,100.8,10.3,Tuesday,0,0,7,2,Auto-Order,7.5,17.24,100.0
2026-03-31,REST002,Urban Spoon Bistro,P010,Pasta,Dry Goods,133,186,56,56,0,2,261,4,0.9,3.0,168.0,10.3,Tuesday,0,0,14,0,No Action,1.8,3.45,100.0
2026-04-01,REST002,Urban Spoon Bistro,P001,Chicken Breast,Meat,187,0,46,46,0,7,134,3,4.2,9.5,437.0,15.2,Wednesday,0,0,12,0,No Action,29.4,13.21,100.0
2026-04-01,REST002,Urban Spoon Bistro,P002,Tomatoes,Vegetables,181,0,59,59,0,8,114,2,1.1,3.2,188.8,15.2,Wednesday,0,0,16,1,Auto-Order,8.8,11.94,100.0
2026-04-01,REST002,Urban Spoon Bistro,P003,Rice,Dry Goods,197,235,66,66,0,3,363,4,0.8,2.8,184.8,15.2,Wednesday,0,0,18,0,No Action,2.4,4.35,100.0
2026-04-01,REST002,Urban Spoon Bistro,P004,Milk,Dairy,73,100,44,44,0,6,123,2,1.0,2.4,105.6,15.2,Wednesday,0,0,10,0,No Action,6.0,12.0,100.0
2026-04-01,REST002,Urban Spoon Bistro,P005,Cheese,Dairy,78,77,33,33,0,4,118,3,2.8,6.5,214.5,15.2,Wednesday,0,0,8,0,No Action,11.2,10.81,100.0
2026-04-01,REST002,Urban Spoon Bistro,P006,Potatoes,Vegetables,116,121,59,59,0,8,170,2,0.7,2.5,147.5,15.2,Wednesday,0,0,14,0,No Action,5.6,11.94,100.0
2026-04-01,REST002,Urban Spoon Bistro,P007,Bread,Bakery,35,105,49,49,0,8,83,1,1.2,3.0,147.0,15.2,Wednesday,0,0,12,0,No Action,9.6,14.04,100.0
2026-04-01,REST002,Urban Spoon Bistro,P008,Salmon Fillet,Seafood,72,0,17,17,0,2,53,2,6.5,14.5,246.5,15.2,Wednesday,0,0,6,0,No Action,13.0,10.53,100.0
2026-04-01,REST002,Urban Spoon Bistro,P009,Avocado,Vegetables,51,60,35,35,0,6,70,2,1.5,4.2,147.0,15.2,Wednesday,0,1,7,0,No Action,9.0,14.63,100.0
2026-04-01,REST002,Urban Spoon Bistro,P010,Pasta,Dry Goods,261,0,62,62,0,1,198,4,0.9,3.0,186.0,15.2,Wednesday,0,0,14,0,No Action,0.9,1.59,100.0
2026-04-02,REST002,Urban Spoon Bistro,P001,Chicken Breast,Meat,134,0,48,48,0,5,81,3,4.2,9.5,456.0,9.5,Thursday,0,0,12,22,Auto-Order,21.0,9.43,100.0
2026-04-02,REST002,Urban Spoon Bistro,P002,Tomatoes,Vegetables,114,137,62,62,0,13,176,2,1.1,3.2,198.4,9.5,Thursday,0,0,16,0,No Action,14.3,17.33,100.0
2026-04-02,REST002,Urban Spoon Bistro,P003,Rice,Dry Goods,363,0,73,73,0,3,287,4,0.8,2.8,204.4,9.5,Thursday,0,0,18,0,No Action,2.4,3.95,100.0
2026-04-02,REST002,Urban Spoon Bistro,P004,Milk,Dairy,123,0,42,42,0,5,76,2,1.0,2.4,100.8,9.5,Thursday,0,0,10,1,Auto-Order,5.0,10.64,100.0
2026-04-02,REST002,Urban Spoon Bistro,P005,Cheese,Dairy,118,0,32,32,0,3,83,3,2.8,6.5,208.0,9.5,Thursday,0,0,8,0,No Action,8.4,8.57,100.0
2026-04-02,REST002,Urban Spoon Bistro,P006,Potatoes,Vegetables,170,0,53,53,0,5,112,2,0.7,2.5,132.5,9.5,Thursday,0,0,14,0,No Action,3.5,8.62,100.0
2026-04-02,REST002,Urban Spoon Bistro,P007,Bread,Bakery,83,0,40,40,0,5,38,1,1.2,3.0,120.0,9.5,Thursday,0,0,12,34,Auto-Order,6.0,11.11,100.0
2026-04-02,REST002,Urban Spoon Bistro,P008,Salmon Fillet,Seafood,53,0,30,30,0,1,22,2,6.5,14.5,435.0,9.5,Thursday,0,1,6,22,Auto-Order,6.5,3.23,100.0
2026-04-02,REST002,Urban Spoon Bistro,P009,Avocado,Vegetables,70,0,26,26,0,3,41,2,1.5,4.2,109.2,9.5,Thursday,0,0,7,12,Auto-Order,4.5,10.34,100.0
2026-04-02,REST002,Urban Spoon Bistro,P010,Pasta,Dry Goods,198,0,60,60,0,2,136,4,0.9,3.0,180.0,9.5,Thursday,0,0,14,0,No Action,1.8,3.23,100.0
2026-04-03,REST002,Urban Spoon Bistro,P001,Chicken Breast,Meat,81,160,51,51,0,10,180,3,4.2,9.5,484.5,11.8,Friday,0,0,12,0,No Action,42.0,16.39,100.0
2026-04-03,REST002,Urban Spoon Bistro,P002,Tomatoes,Vegetables,176,0,59,59,0,8,109,2,1.1,3.2,188.8,11.8,Friday,0,0,16,22,Auto-Order,8.8,11.94,100.0
2026-04-03,REST002,Urban Spoon Bistro,P003,Rice,Dry Goods,287,0,67,67,0,2,218,4,0.8,2.8,187.6,11.8,Friday,0,0,18,0,No Action,1.6,2.9,100.0
2026-04-03,REST002,Urban Spoon Bistro,P004,Milk,Dairy,76,95,44,44,0,5,122,2,1.0,2.4,105.6,11.8,Friday,0,0,10,0,No Action,5.0,10.2,100.0
2026-04-03,REST002,Urban Spoon Bistro,P005,Cheese,Dairy,83,84,32,32,0,5,130,3,2.8,6.5,208.0,11.8,Friday,0,0,8,0,No Action,14.0,13.51,100.0
2026-04-03,REST002,Urban Spoon Bistro,P006,Potatoes,Vegetables,112,119,59,59,0,7,165,2,0.7,2.5,147.5,11.8,Friday,0,0,14,0,No Action,4.9,10.61,100.0
2026-04-03,REST002,Urban Spoon Bistro,P007,Bread,Bakery,38,102,48,48,0,8,84,1,1.2,3.0,144.0,11.8,Friday,0,0,12,0,No Action,9.6,14.29,100.0
2026-04-03,REST002,Urban Spoon Bistro,P008,Salmon Fillet,Seafood,22,76,23,23,0,4,71,2,6.5,14.5,333.5,11.8,Friday,0,0,6,0,No Action,26.0,14.81,100.0
2026-04-03,REST002,Urban Spoon Bistro,P009,Avocado,Vegetables,41,75,33,33,0,5,78,2,1.5,4.2,138.6,11.8,Friday,0,1,7,0,No Action,7.5,13.16,100.0
2026-04-03,REST002,Urban Spoon Bistro,P010,Pasta,Dry Goods,136,193,63,63,0,4,262,4,0.9,3.0,189.0,11.8,Friday,0,1,14,0,No Action,3.6,5.97,100.0
2026-04-04,REST002,Urban Spoon Bistro,P001,Chicken Breast,Meat,180,0,50,50,0,6,124,3,4.2,9.5,475.0,12.1,Saturday,1,0,12,0,No Action,25.2,10.71,100.0
2026-04-04,REST002,Urban Spoon Bistro,P002,Tomatoes,Vegetables,109,135,72,72,0,13,159,2,1.1,3.2,230.4,12.1,Saturday,1,0,16,0,No Action,14.3,15.29,100.0
2026-04-04,REST002,Urban Spoon Bistro,P003,Rice,Dry Goods,218,213,80,80,0,4,347,4,0.8,2.8,224.0,12.1,Saturday,1,0,18,0,No Action,3.2,4.76,100.0
2026-04-04,REST002,Urban Spoon Bistro,P004,Milk,Dairy,122,0,57,57,0,4,61,2,1.0,2.4,136.8,12.1,Saturday,1,1,10,27,Auto-Order,4.0,6.56,100.0
2026-04-04,REST002,Urban Spoon Bistro,P005,Cheese,Dairy,130,0,36,36,0,3,91,3,2.8,6.5,234.0,12.1,Saturday,1,0,8,0,No Action,8.4,7.69,100.0
2026-04-04,REST002,Urban Spoon Bistro,P006,Potatoes,Vegetables,165,0,74,74,0,6,85,2,0.7,2.5,185.0,12.1,Saturday,1,0,14,36,Auto-Order,4.2,7.5,100.0
2026-04-04,REST002,Urban Spoon Bistro,P007,Bread,Bakery,84,0,59,59,0,5,20,1,1.2,3.0,177.0,12.1,Saturday,1,0,12,61,Manager Review,6.0,7.81,100.0
2026-04-04,REST002,Urban Spoon Bistro,P008,Salmon Fillet,Seafood,71,0,29,29,0,2,40,2,6.5,14.5,420.5,12.1,Saturday,1,0,6,11,Auto-Order,13.0,6.45,100.0
2026-04-04,REST002,Urban Spoon Bistro,P009,Avocado,Vegetables,78,0,28,28,0,3,47,2,1.5,4.2,117.6,12.1,Saturday,1,0,7,14,Auto-Order,4.5,9.68,100.0
2026-04-04,REST002,Urban Spoon Bistro,P010,Pasta,Dry Goods,262,0,54,54,0,2,206,4,0.9,3.0,162.0,12.1,Saturday,1,0,14,0,No Action,1.8,3.57,100.0
2026-04-05,REST002,Urban Spoon Bistro,P001,Chicken Breast,Meat,124,115,64,64,0,8,167,3,4.2,9.5,608.0,15.7,Sunday,1,1,12,0,No Action,33.6,11.11,100.0
2026-04-05,REST002,Urban Spoon Bistro,P002,Tomatoes,Vegetables,159,0,68,68,0,9,82,2,1.1,3.2,217.6,15.7,Sunday,1,0,16,33,Auto-Order,9.9,11.69,100.0
2026-04-05,REST002,Urban Spoon Bistro,P003,Rice,Dry Goods,347,0,77,77,0,3,267,4,0.8,2.8,215.6,15.7,Sunday,1,0,18,0,No Action,2.4,3.75,100.0
2026-04-05,REST002,Urban Spoon Bistro,P004,Milk,Dairy,61,104,51,51,0,6,108,2,1.0,2.4,122.4,15.7,Sunday,1,1,10,0,No Action,6.0,10.53,100.0
2026-04-05,REST002,Urban Spoon Bistro,P005,Cheese,Dairy,91,0,35,35,0,4,52,3,2.8,6.5,227.5,15.7,Sunday,1,0,8,17,Auto-Order,11.2,10.26,100.0
2026-04-05,REST002,Urban Spoon Bistro,P006,Potatoes,Vegetables,85,150,62,62,0,8,165,2,0.7,2.5,155.0,15.7,Sunday,1,0,14,0,No Action,5.6,11.43,100.0
2026-04-05,REST002,Urban Spoon Bistro,P007,Bread,Bakery,20,124,48,48,0,7,89,1,1.2,3.0,144.0,15.7,Sunday,1,0,12,0,No Action,8.4,12.73,100.0
2026-04-05,REST002,Urban Spoon Bistro,P008,Salmon Fillet,Seafood,40,53,28,28,0,5,60,2,6.5,14.5,406.0,15.7,Sunday,1,0,6,0,No Action,32.5,15.15,100.0
2026-04-05,REST002,Urban Spoon Bistro,P009,Avocado,Vegetables,47,70,35,35,0,5,77,2,1.5,4.2,147.0,15.7,Sunday,1,0,7,0,No Action,7.5,12.5,100.0
2026-04-05,REST002,Urban Spoon Bistro,P010,Pasta,Dry Goods,206,0,59,59,0,0,147,4,0.9,3.0,177.0,15.7,Sunday,1,0,14,0,No Action,0.0,0.0,100.0
2026-04-06,REST002,Urban Spoon Bistro,P001,Chicken Breast,Meat,167,0,61,61,0,5,101,3,4.2,9.5,579.5,11.8,Monday,0,1,12,2,Auto-Order,21.0,7.58,100.0
2026-04-06,REST002,Urban Spoon Bistro,P002,Tomatoes,Vegetables,82,170,60,60,0,13,179,2,1.1,3.2,192.0,11.8,Monday,0,0,16,0,No Action,14.3,17.81,100.0
2026-04-06,REST002,Urban Spoon Bistro,P003,Rice,Dry Goods,267,0,75,75,0,2,190,4,0.8,2.8,210.0,11.8,Monday,0,0,18,0,No Action,1.6,2.6,100.0
2026-04-06,REST002,Urban Spoon Bistro,P004,Milk,Dairy,108,0,36,36,0,4,68,2,1.0,2.4,86.4,11.8,Monday,0,0,10,9,Auto-Order,4.0,10.0,100.0
2026-04-06,REST002,Urban Spoon Bistro,P005,Cheese,Dairy,52,114,31,31,0,5,130,3,2.8,6.5,201.5,11.8,Monday,0,0,8,0,No Action,14.0,13.89,100.0
2026-04-06,REST002,Urban Spoon Bistro,P006,Potatoes,Vegetables,165,0,55,55,0,5,105,2,0.7,2.5,137.5,11.8,Monday,0,0,14,2,Auto-Order,3.5,8.33,100.0
2026-04-06,REST002,Urban Spoon Bistro,P007,Bread,Bakery,89,0,52,52,0,4,33,1,1.2,3.0,156.0,11.8,Monday,0,0,12,39,Auto-Order,4.8,7.14,100.0
2026-04-06,REST002,Urban Spoon Bistro,P008,Salmon Fillet,Seafood,60,0,24,24,0,3,33,2,6.5,14.5,348.0,11.8,Monday,0,0,6,11,Auto-Order,19.5,11.11,100.0
2026-04-06,REST002,Urban Spoon Bistro,P009,Avocado,Vegetables,77,0,25,25,0,3,49,2,1.5,4.2,105.0,11.8,Monday,0,0,7,4,Auto-Order,4.5,10.71,100.0
2026-04-06,REST002,Urban Spoon Bistro,P010,Pasta,Dry Goods,147,183,52,52,0,3,275,4,0.9,3.0,156.0,11.8,Monday,0,0,14,0,No Action,2.7,5.45,100.0
2026-04-07,REST002,Urban Spoon Bistro,P001,Chicken Breast,Meat,101,144,44,44,0,7,194,3,4.2,9.5,418.0,9.5,Tuesday,0,0,12,0,No Action,29.4,13.73,100.0
2026-04-07,REST002,Urban Spoon Bistro,P002,Tomatoes,Vegetables,179,20,62,62,0,9,128,2,1.1,3.2,198.4,9.5,Tuesday,0,0,16,0,No Action,9.9,12.68,100.0
2026-04-07,REST002,Urban Spoon Bistro,P003,Rice,Dry Goods,190,243,65,65,0,2,366,4,0.8,2.8,182.0,9.5,Tuesday,0,0,18,0,No Action,1.6,2.99,100.0
2026-04-07,REST002,Urban Spoon Bistro,P004,Milk,Dairy,68,95,42,42,0,5,116,2,1.0,2.4,100.8,9.5,Tuesday,0,0,10,0,No Action,5.0,10.64,100.0
2026-04-07,REST002,Urban Spoon Bistro,P005,Cheese,Dairy,130,0,28,28,0,2,100,3,2.8,6.5,182.0,9.5,Tuesday,0,0,8,0,No Action,5.6,6.67,100.0
2026-04-07,REST002,Urban Spoon Bistro,P006,Potatoes,Vegetables,105,133,57,57,0,9,172,2,0.7,2.5,142.5,9.5,Tuesday,0,0,14,0,No Action,6.3,13.64,100.0
2026-04-07,REST002,Urban Spoon Bistro,P007,Bread,Bakery,33,110,44,44,0,8,91,1,1.2,3.0,132.0,9.5,Tuesday,0,0,12,0,No Action,9.6,15.38,100.0
2026-04-07,REST002,Urban Spoon Bistro,P008,Salmon Fillet,Seafood,33,59,21,21,0,4,67,2,6.5,14.5,304.5,9.5,Tuesday,0,0,6,0,No Action,26.0,16.0,100.0
2026-04-07,REST002,Urban Spoon Bistro,P009,Avocado,Vegetables,49,62,27,27,0,6,78,2,1.5,4.2,113.4,9.5,Tuesday,0,0,7,0,No Action,9.0,18.18,100.0
2026-04-07,REST002,Urban Spoon Bistro,P010,Pasta,Dry Goods,275,0,51,51,0,3,221,4,0.9,3.0,153.0,9.5,Tuesday,0,0,14,0,No Action,2.7,5.56,100.0
2026-04-08,REST002,Urban Spoon Bistro,P001,Chicken Breast,Meat,194,0,43,43,0,6,145,3,4.2,9.5,408.5,11.8,Wednesday,0,0,12,0,No Action,25.2,12.24,100.0
2026-04-08,REST002,Urban Spoon Bistro,P002,Tomatoes,Vegetables,128,0,60,60,0,6,62,2,1.1,3.2,192.0,11.8,Wednesday,0,0,16,53,Auto-Order,6.6,9.09,100.0
2026-04-08,REST002,Urban Spoon Bistro,P003,Rice,Dry Goods,366,0,58,58,0,3,305,4,0.8,2.8,162.4,11.8,Wednesday,0,0,18,0,No Action,2.4,4.92,100.0
2026-04-08,REST002,Urban Spoon Bistro,P004,Milk,Dairy,116,0,46,46,0,4,66,2,1.0,2.4,110.4,11.8,Wednesday,0,0,10,11,Auto-Order,4.0,8.0,100.0
2026-04-08,REST002,Urban Spoon Bistro,P005,Cheese,Dairy,100,0,32,32,0,2,66,3,2.8,6.5,208.0,11.8,Wednesday,0,0,8,3,Auto-Order,5.6,5.88,100.0
2026-04-08,REST002,Urban Spoon Bistro,P006,Potatoes,Vegetables,172,0,53,53,0,5,114,2,0.7,2.5,132.5,11.8,Wednesday,0,0,14,0,No Action,3.5,8.62,100.0
2026-04-08,REST002,Urban Spoon Bistro,P007,Bread,Bakery,91,0,47,47,0,5,39,1,1.2,3.0,141.0,11.8,Wednesday,0,0,12,33,Auto-Order,6.0,9.62,100.0
2026-04-08,REST002,Urban Spoon Bistro,P008,Salmon Fillet,Seafood,67,0,20,20,0,3,44,2,6.5,14.5,290.0,11.8,Wednesday,0,0,6,0,No Action,19.5,13.04,100.0
2026-04-08,REST002,Urban Spoon Bistro,P009,Avocado,Vegetables,78,0,23,23,0,3,52,2,1.5,4.2,96.6,11.8,Wednesday,0,0,7,1,Auto-Order,4.5,11.54,100.0
2026-04-08,REST002,Urban Spoon Bistro,P010,Pasta,Dry Goods,221,0,56,56,0,2,163,4,0.9,3.0,168.0,11.8,Wednesday,0,0,14,0,No Action,1.8,3.45,100.0
2026-04-09,REST002,Urban Spoon Bistro,P001,Chicken Breast,Meat,145,0,55,55,0,5,85,3,4.2,9.5,522.5,12.2,Thursday,0,0,12,18,Auto-Order,21.0,8.33,100.0
2026-04-09,REST002,Urban Spoon Bistro,P002,Tomatoes,Vegetables,62,181,60,60,0,11,172,2,1.1,3.2,192.0,12.2,Thursday,0,0,16,0,No Action,12.1,15.49,100.0
2026-04-09,REST002,Urban Spoon Bistro,P003,Rice,Dry Goods,305,0,65,65,0,3,237,4,0.8,2.8,182.0,12.2,Thursday,0,0,18,0,No Action,2.4,4.41,100.0
2026-04-09,REST002,Urban Spoon Bistro,P004,Milk,Dairy,66,104,45,45,0,5,120,2,1.0,2.4,108.0,12.2,Thursday,0,0,10,0,No Action,5.0,10.0,100.0
2026-04-09,REST002,Urban Spoon Bistro,P005,Cheese,Dairy,66,98,31,31,0,4,129,3,2.8,6.5,201.5,12.2,Thursday,0,0,8,0,No Action,11.2,11.43,100.0
2026-04-09,REST002,Urban Spoon Bistro,P006,Potatoes,Vegetables,114,120,56,56,0,8,170,2,0.7,2.5,140.0,12.2,Thursday,0,0,14,0,No Action,5.6,12.5,100.0
2026-04-09,REST002,Urban Spoon Bistro,P007,Bread,Bakery,39,99,46,46,0,8,84,1,1.2,3.0,138.0,12.2,Thursday,0,1,12,0,No Action,9.6,14.81,100.0
2026-04-09,REST002,Urban Spoon Bistro,P008,Salmon Fillet,Seafood,44,48,23,23,0,2,67,2,6.5,14.5,333.5,12.2,Thursday,0,0,6,0,No Action,13.0,8.0,100.0
2026-04-09,REST002,Urban Spoon Bistro,P009,Avocado,Vegetables,52,59,26,26,0,6,79,2,1.5,4.2,109.2,12.2,Thursday,0,0,7,0,No Action,9.0,18.75,100.0
2026-04-09,REST002,Urban Spoon Bistro,P010,Pasta,Dry Goods,163,166,51,51,0,3,275,4,0.9,3.0,153.0,12.2,Thursday,0,0,14,0,No Action,2.7,5.56,100.0
2026-04-10,REST002,Urban Spoon Bistro,P001,Chicken Breast,Meat,85,150,46,46,0,9,180,3,4.2,9.5,437.0,13.0,Friday,0,0,12,0,No Action,37.8,16.36,100.0
2026-04-10,REST002,Urban Spoon Bistro,P002,Tomatoes,Vegetables,172,0,60,60,0,8,104,2,1.1,3.2,192.0,13.0,Friday,0,0,16,27,Auto-Order,8.8,11.76,100.0
2026-04-10,REST002,Urban Spoon Bistro,P003,Rice,Dry Goods,237,200,90,90,0,3,344,4,0.8,2.8,252.0,13.0,Friday,0,1,18,0,No Action,2.4,3.23,100.0
2026-04-10,REST002,Urban Spoon Bistro,P004,Milk,Dairy,120,0,38,38,0,4,78,2,1.0,2.4,91.2,13.0,Friday,0,0,10,10,Auto-Order,4.0,9.52,100.0
2026-04-10,REST002,Urban Spoon Bistro,P005,Cheese,Dairy,129,0,33,33,0,4,92,3,2.8,6.5,214.5,13.0,Friday,0,0,8,0,No Action,11.2,10.81,100.0
2026-04-10,REST002,Urban Spoon Bistro,P006,Potatoes,Vegetables,170,0,52,52,0,6,112,2,0.7,2.5,130.0,13.0,Friday,0,0,14,9,Auto-Order,4.2,10.34,100.0
2026-04-10,REST002,Urban Spoon Bistro,P007,Bread,Bakery,84,0,46,46,0,6,32,1,1.2,3.0,138.0,13.0,Friday,0,0,12,49,Auto-Order,7.2,11.54,100.0
2026-04-10,REST002,Urban Spoon Bistro,P008,Salmon Fillet,Seafood,67,0,22,22,0,3,42,2,6.5,14.5,319.0,13.0,Friday,0,0,6,9,Auto-Order,19.5,12.0,100.0
2026-04-10,REST002,Urban Spoon Bistro,P009,Avocado,Vegetables,79,0,29,29,0,5,45,2,1.5,4.2,121.8,13.0,Friday,0,0,7,16,Auto-Order,7.5,14.71,100.0
2026-04-10,REST002,Urban Spoon Bistro,P010,Pasta,Dry Goods,275,0,52,52,0,1,222,4,0.9,3.0,156.0,13.0,Friday,0,0,14,0,No Action,0.9,1.89,100.0
2026-04-11,REST002,Urban Spoon Bistro,P001,Chicken Breast,Meat,180,0,68,68,0,7,105,3,4.2,9.5,646.0,17.7,Saturday,1,1,12,13,Auto-Order,29.4,9.33,100.0
2026-04-11,REST002,Urban Spoon Bistro,P002,Tomatoes,Vegetables,104,144,72,72,0,12,164,2,1.1,3.2,230.4,17.7,Saturday,1,0,16,0,No Action,13.2,14.29,100.0
2026-04-11,REST002,Urban Spoon Bistro,P003,Rice,Dry Goods,344,0,86,86,0,2,256,4,0.8,2.8,240.8,17.7,Saturday,1,0,18,0,No Action,1.6,2.27,100.0
2026-04-11,REST002,Urban Spoon Bistro,P004,Milk,Dairy,78,85,43,43,0,5,115,2,1.0,2.4,103.2,17.7,Saturday,1,0,10,0,No Action,5.0,10.42,100.0
2026-04-11,REST002,Urban Spoon Bistro,P005,Cheese,Dairy,92,0,38,38,0,4,50,3,2.8,6.5,247.0,17.7,Saturday,1,0,8,28,Auto-Order,11.2,9.52,100.0
2026-04-11,REST002,Urban Spoon Bistro,P006,Potatoes,Vegetables,112,124,58,58,0,7,171,2,0.7,2.5,145.0,17.7,Saturday,1,0,14,0,No Action,4.9,10.77,100.0
2026-04-11,REST002,Urban Spoon Bistro,P007,Bread,Bakery,32,103,49,49,0,7,79,1,1.2,3.0,147.0,17.7,Saturday,1,0,12,2,Auto-Order,8.4,12.5,100.0
2026-04-11,REST002,Urban Spoon Bistro,P008,Salmon Fillet,Seafood,42,53,26,26,0,2,67,2,6.5,14.5,377.0,17.7,Saturday,1,0,6,0,No Action,13.0,7.14,100.0
2026-04-11,REST002,Urban Spoon Bistro,P009,Avocado,Vegetables,45,67,33,33,0,4,75,2,1.5,4.2,138.6,17.7,Saturday,1,0,7,0,No Action,6.0,10.81,100.0
2026-04-11,REST002,Urban Spoon Bistro,P010,Pasta,Dry Goods,222,0,61,61,0,1,160,4,0.9,3.0,183.0,17.7,Saturday,1,0,14,0,No Action,0.9,1.61,100.0
2026-04-12,REST002,Urban Spoon Bistro,P001,Chicken Breast,Meat,105,139,56,56,0,10,178,3,4.2,9.5,532.0,12.0,Sunday,1,0,12,0,No Action,42.0,15.15,100.0
2026-04-12,REST002,Urban Spoon Bistro,P002,Tomatoes,Vegetables,164,0,67,67,0,8,89,2,1.1,3.2,214.4,12.0,Sunday,1,0,16,26,Auto-Order,8.8,10.67,100.0
2026-04-12,REST002,Urban Spoon Bistro,P003,Rice,Dry Goods,256,0,78,78,0,3,175,4,0.8,2.8,218.4,12.0,Sunday,1,0,18,0,No Action,2.4,3.7,100.0
2026-04-12,REST002,Urban Spoon Bistro,P004,Milk,Dairy,115,0,45,45,0,4,66,2,1.0,2.4,108.0,12.0,Sunday,1,0,10,11,Auto-Order,4.0,8.16,100.0
2026-04-12,REST002,Urban Spoon Bistro,P005,Cheese,Dairy,50,109,36,36,0,4,119,3,2.8,6.5,234.0,12.0,Sunday,1,0,8,0,No Action,11.2,10.0,100.0
2026-04-12,REST002,Urban Spoon Bistro,P006,Potatoes,Vegetables,171,0,67,67,0,7,97,2,0.7,2.5,167.5,12.0,Sunday,1,0,14,10,Auto-Order,4.9,9.46,100.0
2026-04-12,REST002,Urban Spoon Bistro,P007,Bread,Bakery,79,14,53,53,0,7,33,1,1.2,3.0,159.0,12.0,Sunday,1,0,12,39,Auto-Order,8.4,11.67,100.0
2026-04-12,REST002,Urban Spoon Bistro,P008,Salmon Fillet,Seafood,67,0,28,28,0,3,36,2,6.5,14.5,406.0,12.0,Sunday,1,0,6,8,Auto-Order,19.5,9.68,100.0
2026-04-12,REST002,Urban Spoon Bistro,P009,Avocado,Vegetables,75,0,33,33,0,4,38,2,1.5,4.2,138.6,12.0,Sunday,1,0,7,15,Auto-Order,6.0,10.81,100.0
2026-04-12,REST002,Urban Spoon Bistro,P010,Pasta,Dry Goods,160,165,64,64,0,2,259,4,0.9,3.0,192.0,12.0,Sunday,1,0,14,0,No Action,1.8,3.03,100.0
2026-04-13,REST002,Urban Spoon Bistro,P001,Chicken Breast,Meat,178,0,45,45,0,7,126,3,4.2,9.5,427.5,14.6,Monday,0,0,12,0,No Action,29.4,13.46,100.0
2026-04-13,REST002,Urban Spoon Bistro,P002,Tomatoes,Vegetables,89,155,57,57,0,10,177,2,1.1,3.2,182.4,14.6,Monday,0,0,16,0,No Action,11.0,14.93,100.0
2026-04-13,REST002,Urban Spoon Bistro,P003,Rice,Dry Goods,175,262,69,69,0,4,364,4,0.8,2.8,193.2,14.6,Monday,0,0,18,0,No Action,3.2,5.48,100.0
2026-04-13,REST002,Urban Spoon Bistro,P004,Milk,Dairy,66,99,44,44,0,7,114,2,1.0,2.4,105.6,14.6,Monday,0,0,10,0,No Action,7.0,13.73,100.0
2026-04-13,REST002,Urban Spoon Bistro,P005,Cheese,Dairy,119,0,30,30,0,3,86,3,2.8,6.5,195.0,14.6,Monday,0,0,8,0,No Action,8.4,9.09,100.0
2026-04-13,REST002,Urban Spoon Bistro,P006,Potatoes,Vegetables,97,134,63,63,0,6,162,2,0.7,2.5,157.5,14.6,Monday,0,0,14,0,No Action,4.2,8.7,100.0
2026-04-13,REST002,Urban Spoon Bistro,P007,Bread,Bakery,33,108,39,39,0,6,96,1,1.2,3.0,117.0,14.6,Monday,0,0,12,0,No Action,7.2,13.33,100.0
2026-04-13,REST002,Urban Spoon Bistro,P008,Salmon Fillet,Seafood,36,60,22,22,0,3,71,2,6.5,14.5,319.0,14.6,Monday,0,0,6,0,No Action,19.5,12.0,100.0
2026-04-13,REST002,Urban Spoon Bistro,P009,Avocado,Vegetables,38,79,33,33,0,5,79,2,1.5,4.2,138.6,14.6,Monday,0,0,7,0,No Action,7.5,13.16,100.0
2026-04-13,REST002,Urban Spoon Bistro,P010,Pasta,Dry Goods,259,0,53,53,0,1,205,4,0.9,3.0,159.0,14.6,Monday,0,0,14,0,No Action,0.9,1.85,100.0
2026-04-14,REST002,Urban Spoon Bistro,P001,Chicken Breast,Meat,126,109,38,38,0,9,188,3,4.2,9.5,361.0,13.0,Tuesday,0,0,12,0,No Action,37.8,19.15,100.0
2026-04-14,REST002,Urban Spoon Bistro,P002,Tomatoes,Vegetables,177,0,73,73,0,9,95,2,1.1,3.2,233.6,13.0,Tuesday,0,1,16,20,Auto-Order,9.9,10.98,100.0
2026-04-14,REST002,Urban Spoon Bistro,P003,Rice,Dry Goods,364,0,70,70,0,4,290,4,0.8,2.8,196.0,13.0,Tuesday,0,0,18,0,No Action,3.2,5.41,100.0
2026-04-14,REST002,Urban Spoon Bistro,P004,Milk,Dairy,114,10,37,37,0,5,82,2,1.0,2.4,88.8,13.0,Tuesday,0,0,10,0,No Action,5.0,11.9,100.0
2026-04-14,REST002,Urban Spoon Bistro,P005,Cheese,Dairy,86,80,32,32,0,5,129,3,2.8,6.5,208.0,13.0,Tuesday,0,0,8,0,No Action,14.0,13.51,100.0
2026-04-14,REST002,Urban Spoon Bistro,P006,Potatoes,Vegetables,162,25,60,60,0,7,120,2,0.7,2.5,150.0,13.0,Tuesday,0,0,14,0,No Action,4.9,10.45,100.0
2026-04-14,REST002,Urban Spoon Bistro,P007,Bread,Bakery,96,17,44,44,0,7,62,1,1.2,3.0,132.0,13.0,Tuesday,0,0,12,10,Auto-Order,8.4,13.73,100.0
2026-04-14,REST002,Urban Spoon Bistro,P008,Salmon Fillet,Seafood,71,0,24,24,0,4,43,2,6.5,14.5,348.0,13.0,Tuesday,0,0,6,1,Auto-Order,26.0,14.29,100.0
2026-04-14,REST002,Urban Spoon Bistro,P009,Avocado,Vegetables,79,0,30,30,0,3,46,2,1.5,4.2,126.0,13.0,Tuesday,0,0,7,7,Auto-Order,4.5,9.09,100.0
2026-04-14,REST002,Urban Spoon Bistro,P010,Pasta,Dry Goods,205,21,52,52,0,4,170,4,0.9,3.0,156.0,13.0,Tuesday,0,0,14,0,No Action,3.6,7.14,100.0
2026-04-15,REST002,Urban Spoon Bistro,P001,Chicken Breast,Meat,188,0,44,44,0,6,138,3,4.2,9.5,418.0,13.3,Wednesday,0,0,12,0,No Action,25.2,12.0,100.0
2026-04-15,REST002,Urban Spoon Bistro,P002,Tomatoes,Vegetables,95,160,57,57,0,12,186,2,1.1,3.2,182.4,13.3,Wednesday,0,0,16,0,No Action,13.2,17.39,100.0
2026-04-15,REST002,Urban Spoon Bistro,P003,Rice,Dry Goods,290,0,72,72,0,5,213,4,0.8,2.8,201.6,13.3,Wednesday,0,0,18,0,No Action,4.0,6.49,100.0
2026-04-15,REST002,Urban Spoon Bistro,P004,Milk,Dairy,82,89,41,41,0,6,124,2,1.0,2.4,98.4,13.3,Wednesday,0,0,10,0,No Action,6.0,12.77,100.0
2026-04-15,REST002,Urban Spoon Bistro,P005,Cheese,Dairy,129,0,31,31,0,4,94,3,2.8,6.5,201.5,13.3,Wednesday,0,0,8,0,No Action,11.2,11.43,100.0
2026-04-15,REST002,Urban Spoon Bistro,P006,Potatoes,Vegetables,120,0,72,72,0,5,43,2,0.7,2.5,180.0,13.3,Wednesday,0,1,14,64,Manager Review,3.5,6.49,100.0
2026-04-15,REST002,Urban Spoon Bistro,P007,Bread,Bakery,62,80,38,38,0,9,95,1,1.2,3.0,114.0,13.3,Wednesday,0,0,12,0,No Action,10.8,19.15,100.0
2026-04-15,REST002,Urban Spoon Bistro,P008,Salmon Fillet,Seafood,43,58,25,25,0,2,74,2,6.5,14.5,362.5,13.3,Wednesday,0,0,6,0,No Action,13.0,7.41,100.0
2026-04-15,REST002,Urban Spoon Bistro,P009,Avocado,Vegetables,46,74,35,35,0,4,81,2,1.5,4.2,147.0,13.3,Wednesday,0,1,7,0,No Action,6.0,10.26,100.0
2026-04-15,REST002,Urban Spoon Bistro,P010,Pasta,Dry Goods,170,155,54,54,0,3,268,4,0.9,3.0,162.0,13.3,Wednesday,0,0,14,0,No Action,2.7,5.26,100.0
2026-04-16,REST002,Urban Spoon Bistro,P001,Chicken Breast,Meat,138,0,45,45,0,5,88,3,4.2,9.5,427.5,12.5,Thursday,0,0,12,15,Auto-Order,21.0,10.0,100.0
2026-04-16,REST002,Urban Spoon Bistro,P002,Tomatoes,Vegetables,186,0,74,74,0,9,103,2,1.1,3.2,236.8,12.5,Thursday,0,1,16,12,Auto-Order,9.9,10.84,100.0
2026-04-16,REST002,Urban Spoon Bistro,P003,Rice,Dry Goods,213,221,73,73,0,4,357,4,0.8,2.8,204.4,12.5,Thursday,0,0,18,0,No Action,3.2,5.19,100.0
2026-04-16,REST002,Urban Spoon Bistro,P004,Milk,Dairy,124,0,40,40,0,3,81,2,1.0,2.4,96.0,12.5,Thursday,0,0,10,0,No Action,3.0,6.98,100.0
2026-04-16,REST002,Urban Spoon Bistro,P005,Cheese,Dairy,94,0,31,31,0,2,61,3,2.8,6.5,201.5,12.5,Thursday,0,0,8,8,Auto-Order,5.6,6.06,100.0
2026-04-16,REST002,Urban Spoon Bistro,P006,Potatoes,Vegetables,43,189,55,55,0,7,170,2,0.7,2.5,137.5,12.5,Thursday,0,0,14,0,No Action,4.9,11.29,100.0
2026-04-16,REST002,Urban Spoon Bistro,P007,Bread,Bakery,95,0,62,62,0,5,28,1,1.2,3.0,186.0,12.5,Thursday,0,1,12,44,Auto-Order,6.0,7.46,100.0
2026-04-16,REST002,Urban Spoon Bistro,P008,Salmon Fillet,Seafood,74,0,22,22,0,2,50,2,6.5,14.5,319.0,12.5,Thursday,0,0,6,0,No Action,13.0,8.33,100.0
2026-04-16,REST002,Urban Spoon Bistro,P009,Avocado,Vegetables,81,0,27,27,0,3,51,2,1.5,4.2,113.4,12.5,Thursday,0,0,7,2,Auto-Order,4.5,10.0,100.0
2026-04-16,REST002,Urban Spoon Bistro,P010,Pasta,Dry Goods,268,0,55,55,0,2,211,4,0.9,3.0,165.0,12.5,Thursday,0,0,14,0,No Action,1.8,3.51,100.0
2026-04-17,REST002,Urban Spoon Bistro,P001,Chicken Breast,Meat,88,157,46,46,0,9,190,3,4.2,9.5,437.0,13.1,Friday,0,0,12,0,No Action,37.8,16.36,100.0
2026-04-17,REST002,Urban Spoon Bistro,P002,Tomatoes,Vegetables,103,146,52,52,0,13,184,2,1.1,3.2,166.4,13.1,Friday,0,0,16,0,No Action,14.3,20.0,100.0
2026-04-17,REST002,Urban Spoon Bistro,P003,Rice,Dry Goods,357,0,65,65,0,3,289,4,0.8,2.8,182.0,13.1,Friday,0,0,18,0,No Action,2.4,4.41,100.0
2026-04-17,REST002,Urban Spoon Bistro,P004,Milk,Dairy,81,90,41,41,0,7,123,2,1.0,2.4,98.4,13.1,Friday,0,0,10,0,No Action,7.0,14.58,100.0
2026-04-17,REST002,Urban Spoon Bistro,P005,Cheese,Dairy,61,100,29,29,0,5,127,3,2.8,6.5,188.5,13.1,Friday,0,0,8,0,No Action,14.0,14.71,100.0
2026-04-17,REST002,Urban Spoon Bistro,P006,Potatoes,Vegetables,170,0,54,54,0,6,110,2,0.7,2.5,135.0,13.1,Friday,0,0,14,11,Auto-Order,4.2,10.0,100.0
2026-04-17,REST002,Urban Spoon Bistro,P007,Bread,Bakery,28,107,42,42,0,7,86,1,1.2,3.0,126.0,13.1,Friday,0,0,12,0,No Action,8.4,14.29,100.0
2026-04-17,REST002,Urban Spoon Bistro,P008,Salmon Fillet,Seafood,50,0,22,22,0,2,26,2,6.5,14.5,319.0,13.1,Friday,0,0,6,25,Auto-Order,13.0,8.33,100.0
2026-04-17,REST002,Urban Spoon Bistro,P009,Avocado,Vegetables,51,68,28,28,0,5,86,2,1.5,4.2,117.6,13.1,Friday,0,0,7,0,No Action,7.5,15.15,100.0
2026-04-17,REST002,Urban Spoon Bistro,P010,Pasta,Dry Goods,211,0,52,52,0,3,156,4,0.9,3.0,156.0,13.1,Friday,0,0,14,0,No Action,2.7,5.45,100.0
2026-04-18,REST002,Urban Spoon Bistro,P001,Chicken Breast,Meat,190,0,45,45,0,7,138,3,4.2,9.5,427.5,14.8,Saturday,1,0,12,0,No Action,29.4,13.46,100.0
2026-04-18,REST002,Urban Spoon Bistro,P002,Tomatoes,Vegetables,184,0,64,64,0,11,109,2,1.1,3.2,204.8,14.8,Saturday,1,0,16,22,Auto-Order,12.1,14.67,100.0
2026-04-18,REST002,Urban Spoon Bistro,P003,Rice,Dry Goods,289,0,85,85,0,4,200,4,0.8,2.8,238.0,14.8,Saturday,1,0,18,0,No Action,3.2,4.49,100.0
2026-04-18,REST002,Urban Spoon Bistro,P004,Milk,Dairy,123,0,49,49,0,4,70,2,1.0,2.4,117.6,14.8,Saturday,1,0,10,18,Auto-Order,4.0,7.55,100.0
2026-04-18,REST002,Urban Spoon Bistro,P005,Cheese,Dairy,127,0,37,37,0,3,87,3,2.8,6.5,240.5,14.8,Saturday,1,0,8,0,No Action,8.4,7.5,100.0
2026-04-18,REST002,Urban Spoon Bistro,P006,Potatoes,Vegetables,110,117,70,70,0,8,149,2,0.7,2.5,175.0,14.8,Saturday,1,0,14,0,No Action,5.6,10.26,100.0
2026-04-18,REST002,Urban Spoon Bistro,P007,Bread,Bakery,86,0,49,49,0,4,33,1,1.2,3.0,147.0,14.8,Saturday,1,0,12,48,Auto-Order,4.8,7.55,100.0
2026-04-18,REST002,Urban Spoon Bistro,P008,Salmon Fillet,Seafood,26,74,23,23,0,4,73,2,6.5,14.5,333.5,14.8,Saturday,1,0,6,0,No Action,26.0,14.81,100.0
2026-04-18,REST002,Urban Spoon Bistro,P009,Avocado,Vegetables,86,15,33,33,0,4,64,2,1.5,4.2,138.6,14.8,Saturday,1,0,7,0,No Action,6.0,10.81,100.0
2026-04-18,REST002,Urban Spoon Bistro,P010,Pasta,Dry Goods,156,163,63,63,0,1,255,4,0.9,3.0,189.0,14.8,Saturday,1,0,14,0,No Action,0.9,1.56,100.0
2026-04-19,REST002,Urban Spoon Bistro,P001,Chicken Breast,Meat,138,0,53,53,0,5,80,3,4.2,9.5,503.5,13.4,Sunday,1,0,12,23,Auto-Order,21.0,8.62,100.0
2026-04-19,REST002,Urban Spoon Bistro,P002,Tomatoes,Vegetables,109,144,70,70,0,11,172,2,1.1,3.2,224.0,13.4,Sunday,1,0,16,0,No Action,12.1,13.58,100.0
2026-04-19,REST002,Urban Spoon Bistro,P003,Rice,Dry Goods,200,234,84,84,0,3,347,4,0.8,2.8,235.2,13.4,Sunday,1,0,18,0,No Action,2.4,3.45,100.0
2026-04-19,REST002,Urban Spoon Bistro,P004,Milk,Dairy,70,99,49,49,0,4,116,2,1.0,2.4,117.6,13.4,Sunday,1,0,10,0,No Action,4.0,7.55,100.0
2026-04-19,REST002,Urban Spoon Bistro,P005,Cheese,Dairy,87,0,36,36,0,2,49,3,2.8,6.5,234.0,13.4,Sunday,1,0,8,20,Auto-Order,5.6,5.26,100.0
2026-04-19,REST002,Urban Spoon Bistro,P006,Potatoes,Vegetables,149,0,64,64,0,5,80,2,0.7,2.5,160.0,13.4,Sunday,1,0,14,27,Auto-Order,3.5,7.25,100.0
2026-04-19,REST002,Urban Spoon Bistro,P007,Bread,Bakery,33,104,62,62,0,8,67,1,1.2,3.0,186.0,13.4,Sunday,1,1,12,5,Auto-Order,9.6,11.43,100.0
2026-04-19,REST002,Urban Spoon Bistro,P008,Salmon Fillet,Seafood,73,0,27,27,0,3,43,2,6.5,14.5,391.5,13.4,Sunday,1,0,6,1,Auto-Order,19.5,10.0,100.0
2026-04-19,REST002,Urban Spoon Bistro,P009,Avocado,Vegetables,64,0,35,35,0,2,27,2,1.5,4.2,147.0,13.4,Sunday,1,0,7,26,Auto-Order,3.0,5.41,100.0
2026-04-19,REST002,Urban Spoon Bistro,P010,Pasta,Dry Goods,255,0,56,56,0,1,198,4,0.9,3.0,168.0,13.4,Sunday,1,0,14,0,No Action,0.9,1.75,100.0
2026-04-20,REST002,Urban Spoon Bistro,P001,Chicken Breast,Meat,80,167,45,45,0,8,194,3,4.2,9.5,427.5,12.0,Monday,0,0,12,0,No Action,33.6,15.09,100.0
2026-04-20,REST002,Urban Spoon Bistro,P002,Tomatoes,Vegetables,172,0,62,62,0,9,101,2,1.1,3.2,198.4,12.0,Monday,0,0,16,14,Auto-Order,9.9,12.68,100.0
2026-04-20,REST002,Urban Spoon Bistro,P003,Rice,Dry Goods,347,0,70,70,0,3,274,4,0.8,2.8,196.0,12.0,Monday,0,0,18,0,No Action,2.4,4.11,100.0
2026-04-20,REST002,Urban Spoon Bistro,P004,Milk,Dairy,116,0,47,47,0,4,65,2,1.0,2.4,112.8,12.0,Monday,0,1,10,12,Auto-Order,4.0,7.84,100.0
2026-04-20,REST002,Urban Spoon Bistro,P005,Cheese,Dairy,49,110,28,28,0,4,127,3,2.8,6.5,182.0,12.0,Monday,0,0,8,0,No Action,11.2,12.5,100.0
2026-04-20,REST002,Urban Spoon Bistro,P006,Potatoes,Vegetables,80,147,55,55,0,8,164,2,0.7,2.5,137.5,12.0,Monday,0,0,14,0,No Action,5.6,12.7,100.0
2026-04-20,REST002,Urban Spoon Bistro,P007,Bread,Bakery,67,0,35,35,0,4,28,1,1.2,3.0,105.0,12.0,Monday,0,0,12,44,Auto-Order,4.8,10.26,100.0
2026-04-20,REST002,Urban Spoon Bistro,P008,Salmon Fillet,Seafood,43,57,21,21,0,4,75,2,6.5,14.5,304.5,12.0,Monday,0,0,6,0,No Action,26.0,16.0,100.0
2026-04-20,REST002,Urban Spoon Bistro,P009,Avocado,Vegetables,27,84,30,30,0,5,76,2,1.5,4.2,126.0,12.0,Monday,0,0,7,0,No Action,7.5,14.29,100.0
2026-04-20,REST002,Urban Spoon Bistro,P010,Pasta,Dry Goods,198,0,56,56,0,0,142,4,0.9,3.0,168.0,12.0,Monday,0,0,14,0,No Action,0.0,0.0,100.0
2026-04-21,REST002,Urban Spoon Bistro,P001,Chicken Breast,Meat,194,0,45,45,0,6,143,3,4.2,9.5,427.5,15.5,Tuesday,0,0,12,0,No Action,25.2,11.76,100.0
2026-04-21,REST002,Urban Spoon Bistro,P002,Tomatoes,Vegetables,101,145,68,68,0,12,166,2,1.1,3.2,217.6,15.5,Tuesday,0,0,16,0,No Action,13.2,15.0,100.0
2026-04-21,REST002,Urban Spoon Bistro,P003,Rice,Dry Goods,274,0,61,61,0,1,212,4,0.8,2.8,170.8,15.5,Tuesday,0,0,18,0,No Action,0.8,1.61,100.0
2026-04-21,REST002,Urban Spoon Bistro,P004,Milk,Dairy,65,104,37,37,0,5,127,2,1.0,2.4,88.8,15.5,Tuesday,0,0,10,0,No Action,5.0,11.9,100.0
2026-04-21,REST002,Urban Spoon Bistro,P005,Cheese,Dairy,127,0,40,40,0,3,84,3,2.8,6.5,260.0,15.5,Tuesday,0,1,8,0,No Action,8.4,6.98,100.0
2026-04-21,REST002,Urban Spoon Bistro,P006,Potatoes,Vegetables,164,0,56,56,0,6,102,2,0.7,2.5,140.0,15.5,Tuesday,0,0,14,5,Auto-Order,4.2,9.68,100.0
2026-04-21,REST002,Urban Spoon Bistro,P007,Bread,Bakery,28,116,44,44,0,7,93,1,1.2,3.0,132.0,15.5,Tuesday,0,0,12,0,No Action,8.4,13.73,100.0
2026-04-21,REST002,Urban Spoon Bistro,P008,Salmon Fillet,Seafood,75,0,25,25,0,3,47,2,6.5,14.5,362.5,15.5,Tuesday,0,0,6,0,No Action,19.5,10.71,100.0
2026-04-21,REST002,Urban Spoon Bistro,P009,Avocado,Vegetables,76,0,30,30,0,4,42,2,1.5,4.2,126.0,15.5,Tuesday,0,0,7,11,Auto-Order,6.0,11.76,100.0
2026-04-21,REST002,Urban Spoon Bistro,P010,Pasta,Dry Goods,142,184,64,64,0,4,258,4,0.9,3.0,192.0,15.5,Tuesday,0,1,14,0,No Action,3.6,5.88,100.0
2026-04-22,REST002,Urban Spoon Bistro,P001,Chicken Breast,Meat,143,0,55,55,0,6,82,3,4.2,9.5,522.5,14.6,Wednesday,0,1,12,21,Auto-Order,25.2,9.84,100.0
2026-04-22,REST002,Urban Spoon Bistro,P002,Tomatoes,Vegetables,166,0,64,64,0,9,93,2,1.1,3.2,204.8,14.6,Wednesday,0,0,16,22,Auto-Order,9.9,12.33,100.0
2026-04-22,REST002,Urban Spoon Bistro,P003,Rice,Dry Goods,212,226,67,67,0,4,367,4,0.8,2.8,187.6,14.6,Wednesday,0,0,18,0,No Action,3.2,5.63,100.0
2026-04-22,REST002,Urban Spoon Bistro,P004,Milk,Dairy,127,0,41,41,0,5,81,2,1.0,2.4,98.4,14.6,Wednesday,0,0,10,0,No Action,5.0,10.87,100.0
2026-04-22,REST002,Urban Spoon Bistro,P005,Cheese,Dairy,84,81,30,30,0,6,129,3,2.8,6.5,195.0,14.6,Wednesday,0,0,8,0,No Action,16.8,16.67,100.0
2026-04-22,REST002,Urban Spoon Bistro,P006,Potatoes,Vegetables,102,131,53,53,0,9,171,2,0.7,2.5,132.5,14.6,Wednesday,0,0,14,0,No Action,6.3,14.52,100.0
2026-04-22,REST002,Urban Spoon Bistro,P007,Bread,Bakery,93,0,55,55,0,5,33,1,1.2,3.0,165.0,14.6,Wednesday,0,1,12,39,Auto-Order,6.0,8.33,100.0
2026-04-22,REST002,Urban Spoon Bistro,P008,Salmon Fillet,Seafood,47,52,26,26,0,4,69,2,6.5,14.5,377.0,14.6,Wednesday,0,0,6,0,No Action,26.0,13.33,100.0
2026-04-22,REST002,Urban Spoon Bistro,P009,Avocado,Vegetables,42,76,25,25,0,5,88,2,1.5,4.2,105.0,14.6,Wednesday,0,0,7,0,No Action,7.5,16.67,100.0
2026-04-22,REST002,Urban Spoon Bistro,P010,Pasta,Dry Goods,258,0,50,50,0,2,206,4,0.9,3.0,150.0,14.6,Wednesday,0,0,14,0,No Action,1.8,3.85,100.0
2026-04-23,REST002,Urban Spoon Bistro,P001,Chicken Breast,Meat,82,164,45,45,0,8,193,3,4.2,9.5,427.5,17.4,Thursday,0,0,12,0,No Action,33.6,15.09,100.0
2026-04-23,REST002,Urban Spoon Bistro,P002,Tomatoes,Vegetables,93,161,63,63,0,13,178,2,1.1,3.2,201.6,17.4,Thursday,0,0,16,0,No Action,14.3,17.11,100.0
2026-04-23,REST002,Urban Spoon Bistro,P003,Rice,Dry Goods,367,0,76,76,0,2,289,4,0.8,2.8,212.8,17.4,Thursday,0,0,18,0,No Action,1.6,2.56,100.0
2026-04-23,REST002,Urban Spoon Bistro,P004,Milk,Dairy,81,91,48,48,0,6,118,2,1.0,2.4,115.2,17.4,Thursday,0,1,10,0,No Action,6.0,11.11,100.0
2026-04-23,REST002,Urban Spoon Bistro,P005,Cheese,Dairy,129,0,29,29,0,4,96,3,2.8,6.5,188.5,17.4,Thursday,0,0,8,0,No Action,11.2,12.12,100.0
2026-04-23,REST002,Urban Spoon Bistro,P006,Potatoes,Vegetables,171,0,53,53,0,4,114,2,0.7,2.5,132.5,17.4,Thursday,0,0,14,0,No Action,2.8,7.02,100.0
2026-04-23,REST002,Urban Spoon Bistro,P007,Bread,Bakery,33,101,42,42,0,7,85,1,1.2,3.0,126.0,17.4,Thursday,0,0,12,0,No Action,8.4,14.29,100.0
2026-04-23,REST002,Urban Spoon Bistro,P008,Salmon Fillet,Seafood,69,0,21,21,0,3,45,2,6.5,14.5,304.5,17.4,Thursday,0,0,6,0,No Action,19.5,12.5,100.0
2026-04-23,REST002,Urban Spoon Bistro,P009,Avocado,Vegetables,88,0,26,26,0,4,58,2,1.5,4.2,109.2,17.4,Thursday,0,0,7,0,No Action,6.0,13.33,100.0
2026-04-23,REST002,Urban Spoon Bistro,P010,Pasta,Dry Goods,206,0,48,48,0,2,156,4,0.9,3.0,144.0,17.4,Thursday,0,0,14,0,No Action,1.8,4.0,100.0
2026-04-24,REST002,Urban Spoon Bistro,P001,Chicken Breast,Meat,193,0,50,50,0,8,135,3,4.2,9.5,475.0,12.6,Friday,0,0,12,0,No Action,33.6,13.79,100.0
2026-04-24,REST002,Urban Spoon Bistro,P002,Tomatoes,Vegetables,178,0,59,59,0,8,111,2,1.1,3.2,188.8,12.6,Friday,0,0,16,20,Auto-Order,8.8,11.94,100.0
2026-04-24,REST002,Urban Spoon Bistro,P003,Rice,Dry Goods,289,0,70,70,0,3,216,4,0.8,2.8,196.0,12.6,Friday,0,0,18,0,No Action,2.4,4.11,100.0
2026-04-24,REST002,Urban Spoon Bistro,P004,Milk,Dairy,118,0,38,38,0,4,76,2,1.0,2.4,91.2,12.6,Friday,0,0,10,12,Auto-Order,4.0,9.52,100.0
2026-04-24,REST002,Urban Spoon Bistro,P005,Cheese,Dairy,96,0,35,35,0,2,59,3,2.8,6.5,227.5,12.6,Friday,0,0,8,19,Auto-Order,5.6,5.41,100.0
2026-04-24,REST002,Urban Spoon Bistro,P006,Potatoes,Vegetables,114,120,58,58,0,7,169,2,0.7,2.5,145.0,12.6,Friday,0,0,14,0,No Action,4.9,10.77,100.0
2026-04-24,REST002,Urban Spoon Bistro,P007,Bread,Bakery,85,0,46,46,0,4,35,1,1.2,3.0,138.0,12.6,Friday,0,0,12,46,Auto-Order,4.8,8.0,100.0
2026-04-24,REST002,Urban Spoon Bistro,P008,Salmon Fillet,Seafood,45,47,24,24,0,3,65,2,6.5,14.5,348.0,12.6,Friday,0,0,6,0,No Action,19.5,11.11,100.0
2026-04-24,REST002,Urban Spoon Bistro,P009,Avocado,Vegetables,58,60,30,30,0,6,82,2,1.5,4.2,126.0,12.6,Friday,0,0,7,0,No Action,9.0,16.67,100.0
2026-04-24,REST002,Urban Spoon Bistro,P010,Pasta,Dry Goods,156,173,63,63,0,2,264,4,0.9,3.0,189.0,12.6,Friday,0,1,14,0,No Action,1.8,3.08,100.0
2026-04-25,REST002,Urban Spoon Bistro,P001,Chicken Breast,Meat,135,0,57,57,0,5,73,3,4.2,9.5,541.5,14.5,Saturday,1,0,12,45,Auto-Order,21.0,8.06,100.0
2026-04-25,REST002,Urban Spoon Bistro,P002,Tomatoes,Vegetables,111,135,73,73,0,11,162,2,1.1,3.2,233.6,14.5,Saturday,1,0,16,0,No Action,12.1,13.1,100.0
2026-04-25,REST002,Urban Spoon Bistro,P003,Rice,Dry Goods,216,212,84,84,0,4,340,4,0.8,2.8,235.2,14.5,Saturday,1,0,18,0,No Action,3.2,4.55,100.0
2026-04-25,REST002,Urban Spoon Bistro,P004,Milk,Dairy,76,96,49,49,0,6,117,2,1.0,2.4,117.6,14.5,Saturday,1,0,10,0,No Action,6.0,10.91,100.0
2026-04-25,REST002,Urban Spoon Bistro,P005,Cheese,Dairy,59,108,40,40,0,4,123,3,2.8,6.5,260.0,14.5,Saturday,1,0,8,0,No Action,11.2,9.09,100.0
2026-04-25,REST002,Urban Spoon Bistro,P006,Potatoes,Vegetables,169,0,65,65,0,6,98,2,0.7,2.5,162.5,14.5,Saturday,1,0,14,23,Auto-Order,4.2,8.45,100.0
2026-04-25,REST002,Urban Spoon Bistro,P007,Bread,Bakery,35,99,51,51,0,8,75,1,1.2,3.0,153.0,14.5,Saturday,1,0,12,6,Auto-Order,9.6,13.56,100.0
2026-04-25,REST002,Urban Spoon Bistro,P008,Salmon Fillet,Seafood,65,0,24,24,0,2,39,2,6.5,14.5,348.0,14.5,Saturday,1,0,6,12,Auto-Order,13.0,7.69,100.0
2026-04-25,REST002,Urban Spoon Bistro,P009,Avocado,Vegetables,82,0,35,35,0,5,42,2,1.5,4.2,147.0,14.5,Saturday,1,0,7,19,Auto-Order,7.5,12.5,100.0
2026-04-25,REST002,Urban Spoon Bistro,P010,Pasta,Dry Goods,264,0,60,60,0,3,201,4,0.9,3.0,180.0,14.5,Saturday,1,0,14,0,No Action,2.7,4.76,100.0
2026-04-26,REST002,Urban Spoon Bistro,P001,Chicken Breast,Meat,73,166,58,58,0,9,172,3,4.2,9.5,551.0,11.1,Sunday,1,0,12,0,No Action,37.8,13.43,100.0
2026-04-26,REST002,Urban Spoon Bistro,P002,Tomatoes,Vegetables,162,0,66,66,0,8,88,2,1.1,3.2,211.2,11.1,Sunday,1,0,16,27,Auto-Order,8.8,10.81,100.0
2026-04-26,REST002,Urban Spoon Bistro,P003,Rice,Dry Goods,340,0,75,75,0,2,263,4,0.8,2.8,210.0,11.1,Sunday,1,0,18,0,No Action,1.6,2.6,100.0
2026-04-26,REST002,Urban Spoon Bistro,P004,Milk,Dairy,117,0,49,49,0,4,64,2,1.0,2.4,117.6,11.1,Sunday,1,0,10,13,Auto-Order,4.0,7.55,100.0
2026-04-26,REST002,Urban Spoon Bistro,P005,Cheese,Dairy,123,0,39,39,0,3,81,3,2.8,6.5,253.5,11.1,Sunday,1,0,8,0,No Action,8.4,7.14,100.0
2026-04-26,REST002,Urban Spoon Bistro,P006,Potatoes,Vegetables,98,130,80,80,0,8,140,2,0.7,2.5,200.0,11.1,Sunday,1,1,14,0,No Action,5.6,9.09,100.0
2026-04-26,REST002,Urban Spoon Bistro,P007,Bread,Bakery,75,0,53,53,0,5,17,1,1.2,3.0,159.0,11.1,Sunday,1,0,12,55,Manager Review,6.0,8.62,100.0
2026-04-26,REST002,Urban Spoon Bistro,P008,Salmon Fillet,Seafood,39,61,23,23,0,5,72,2,6.5,14.5,333.5,11.1,Sunday,1,0,6,0,No Action,32.5,17.86,100.0
2026-04-26,REST002,Urban Spoon Bistro,P009,Avocado,Vegetables,42,70,32,32,0,4,76,2,1.5,4.2,134.4,11.1,Sunday,1,0,7,0,No Action,6.0,11.11,100.0
2026-04-26,REST002,Urban Spoon Bistro,P010,Pasta,Dry Goods,201,0,59,59,0,3,139,4,0.9,3.0,177.0,11.1,Sunday,1,0,14,0,No Action,2.7,4.84,100.0
2026-04-27,REST002,Urban Spoon Bistro,P001,Chicken Breast,Meat,172,12,51,51,0,8,125,3,4.2,9.5,484.5,15.5,Monday,0,0,12,0,No Action,33.6,13.56,100.0
2026-04-27,REST002,Urban Spoon Bistro,P002,Tomatoes,Vegetables,88,160,53,53,0,14,181,2,1.1,3.2,169.6,15.5,Monday,0,0,16,0,No Action,15.4,20.9,100.0
2026-04-27,REST002,Urban Spoon Bistro,P003,Rice,Dry Goods,263,0,67,67,0,2,194,4,0.8,2.8,187.6,15.5,Monday,0,0,18,0,No Action,1.6,2.9,100.0
2026-04-27,REST002,Urban Spoon Bistro,P004,Milk,Dairy,64,109,39,39,0,5,129,2,1.0,2.4,93.6,15.5,Monday,0,0,10,0,No Action,5.0,11.36,100.0
2026-04-27,REST002,Urban Spoon Bistro,P005,Cheese,Dairy,81,83,32,32,0,6,126,3,2.8,6.5,208.0,15.5,Monday,0,0,8,0,No Action,16.8,15.79,100.0
2026-04-27,REST002,Urban Spoon Bistro,P006,Potatoes,Vegetables,140,0,53,53,0,4,83,2,0.7,2.5,132.5,15.5,Monday,0,0,14,24,Auto-Order,2.8,7.02,100.0
2026-04-27,REST002,Urban Spoon Bistro,P007,Bread,Bakery,17,122,44,44,0,8,87,1,1.2,3.0,132.0,15.5,Monday,0,0,12,0,No Action,9.6,15.38,100.0
2026-04-27,REST002,Urban Spoon Bistro,P008,Salmon Fillet,Seafood,72,0,21,21,0,3,48,2,6.5,14.5,304.5,15.5,Monday,0,0,6,0,No Action,19.5,12.5,100.0
2026-04-27,REST002,Urban Spoon Bistro,P009,Avocado,Vegetables,76,0,27,27,0,4,45,2,1.5,4.2,113.4,15.5,Monday,0,0,7,8,Auto-Order,6.0,12.9,100.0
2026-04-27,REST002,Urban Spoon Bistro,P010,Pasta,Dry Goods,139,184,53,53,0,3,267,4,0.9,3.0,159.0,15.5,Monday,0,0,14,0,No Action,2.7,5.36,100.0
2026-04-28,REST002,Urban Spoon Bistro,P001,Chicken Breast,Meat,125,116,43,43,0,9,189,3,4.2,9.5,408.5,10.9,Tuesday,0,0,12,0,No Action,37.8,17.31,100.0
2026-04-28,REST002,Urban Spoon Bistro,P002,Tomatoes,Vegetables,181,0,57,57,0,9,115,2,1.1,3.2,182.4,10.9,Tuesday,0,0,16,0,No Action,9.9,13.64,100.0
2026-04-28,REST002,Urban Spoon Bistro,P003,Rice,Dry Goods,194,238,71,71,0,3,358,4,0.8,2.8,198.8,10.9,Tuesday,0,0,18,0,No Action,2.4,4.05,100.0
2026-04-28,REST002,Urban Spoon Bistro,P004,Milk,Dairy,129,0,39,39,0,4,86,2,1.0,2.4,93.6,10.9,Tuesday,0,0,10,0,No Action,4.0,9.3,100.0
2026-04-28,REST002,Urban Spoon Bistro,P005,Cheese,Dairy,126,0,31,31,0,3,92,3,2.8,6.5,201.5,10.9,Tuesday,0,0,8,0,No Action,8.4,8.82,100.0
2026-04-28,REST002,Urban Spoon Bistro,P006,Potatoes,Vegetables,83,155,67,67,0,8,163,2,0.7,2.5,167.5,10.9,Tuesday,0,1,14,0,No Action,5.6,10.67,100.0
2026-04-28,REST002,Urban Spoon Bistro,P007,Bread,Bakery,87,0,46,46,0,6,35,1,1.2,3.0,138.0,10.9,Tuesday,0,0,12,37,Auto-Order,7.2,11.54,100.0
2026-04-28,REST002,Urban Spoon Bistro,P008,Salmon Fillet,Seafood,48,47,25,25,0,4,66,2,6.5,14.5,362.5,10.9,Tuesday,0,0,6,0,No Action,26.0,13.79,100.0
2026-04-28,REST002,Urban Spoon Bistro,P009,Avocado,Vegetables,45,68,24,24,0,4,85,2,1.5,4.2,100.8,10.9,Tuesday,0,0,7,0,No Action,6.0,14.29,100.0
2026-04-28,REST002,Urban Spoon Bistro,P010,Pasta,Dry Goods,267,0,52,52,0,3,212,4,0.9,3.0,156.0,10.9,Tuesday,0,0,14,0,No Action,2.7,5.45,100.0
2026-04-29,REST002,Urban Spoon Bistro,P001,Chicken Breast,Meat,189,0,51,51,0,7,131,3,4.2,9.5,484.5,17.5,Wednesday,0,0,12,0,No Action,29.4,12.07,100.0
2026-04-29,REST002,Urban Spoon Bistro,P002,Tomatoes,Vegetables,115,131,59,59,0,11,176,2,1.1,3.2,188.8,17.5,Wednesday,0,0,16,0,No Action,12.1,15.71,100.0
2026-04-29,REST002,Urban Spoon Bistro,P003,Rice,Dry Goods,358,0,76,76,0,5,277,4,0.8,2.8,212.8,17.5,Wednesday,0,0,18,0,No Action,4.0,6.17,100.0
2026-04-29,REST002,Urban Spoon Bistro,P004,Milk,Dairy,86,82,40,40,0,7,121,2,1.0,2.4,96.0,17.5,Wednesday,0,0,10,0,No Action,7.0,14.89,100.0
2026-04-29,REST002,Urban Spoon Bistro,P005,Cheese,Dairy,92,0,31,31,0,1,60,3,2.8,6.5,201.5,17.5,Wednesday,0,0,8,9,Auto-Order,2.8,3.12,100.0
2026-04-29,REST002,Urban Spoon Bistro,P006,Potatoes,Vegetables,163,0,56,56,0,5,102,2,0.7,2.5,140.0,17.5,Wednesday,0,0,14,5,Auto-Order,3.5,8.2,100.0
2026-04-29,REST002,Urban Spoon Bistro,P007,Bread,Bakery,35,100,45,45,0,7,83,1,1.2,3.0,135.0,17.5,Wednesday,0,0,12,0,No Action,8.4,13.46,100.0
2026-04-29,REST002,Urban Spoon Bistro,P008,Salmon Fillet,Seafood,66,0,24,24,0,2,40,2,6.5,14.5,348.0,17.5,Wednesday,0,0,6,4,Auto-Order,13.0,7.69,100.0
2026-04-29,REST002,Urban Spoon Bistro,P009,Avocado,Vegetables,85,0,27,27,0,5,53,2,1.5,4.2,113.4,17.5,Wednesday,0,0,7,0,No Action,7.5,15.62,100.0
2026-04-29,REST002,Urban Spoon Bistro,P010,Pasta,Dry Goods,212,0,50,50,0,1,161,4,0.9,3.0,150.0,17.5,Wednesday,0,0,14,0,No Action,0.9,1.96,100.0
2026-04-30,REST002,Urban Spoon Bistro,P001,Chicken Breast,Meat,131,0,46,46,0,4,81,3,4.2,9.5,437.0,17.9,Thursday,0,0,12,22,Auto-Order,16.8,8.0,100.0
2026-04-30,REST002,Urban Spoon Bistro,P002,Tomatoes,Vegetables,176,0,80,80,0,7,89,2,1.1,3.2,256.0,17.9,Thursday,0,1,16,26,Auto-Order,7.7,8.05,100.0
2026-04-30,REST002,Urban Spoon Bistro,P003,Rice,Dry Goods,277,0,72,72,0,2,203,4,0.8,2.8,201.6,17.9,Thursday,0,0,18,0,No Action,1.6,2.7,100.0
2026-04-30,REST002,Urban Spoon Bistro,P004,Milk,Dairy,121,0,46,46,0,5,70,2,1.0,2.4,110.4,17.9,Thursday,0,1,10,7,Auto-Order,5.0,9.8,100.0
2026-04-30,REST002,Urban Spoon Bistro,P005,Cheese,Dairy,60,99,31,31,0,5,123,3,2.8,6.5,201.5,17.9,Thursday,0,0,8,0,No Action,14.0,13.89,100.0
2026-04-30,REST002,Urban Spoon Bistro,P006,Potatoes,Vegetables,102,132,57,57,0,8,169,2,0.7,2.5,142.5,17.9,Thursday,0,0,14,0,No Action,5.6,12.31,100.0
2026-04-30,REST002,Urban Spoon Bistro,P007,Bread,Bakery,83,0,45,45,0,5,33,1,1.2,3.0,135.0,17.9,Thursday,0,0,12,39,Auto-Order,6.0,10.0,100.0
2026-04-30,REST002,Urban Spoon Bistro,P008,Salmon Fillet,Seafood,40,52,22,22,0,4,66,2,6.5,14.5,319.0,17.9,Thursday,0,0,6,0,No Action,26.0,15.38,100.0
2026-04-30,REST002,Urban Spoon Bistro,P009,Avocado,Vegetables,53,59,33,33,0,4,75,2,1.5,4.2,138.6,17.9,Thursday,0,0,7,0,No Action,6.0,10.81,100.0
2026-04-30,REST002,Urban Spoon Bistro,P010,Pasta,Dry Goods,161,164,52,52,0,2,271,4,0.9,3.0,156.0,17.9,Thursday,0,0,14,0,No Action,1.8,3.7,100.0
2026-05-01,REST002,Urban Spoon Bistro,P001,Chicken Breast,Meat,81,161,44,44,0,7,191,3,4.2,9.5,418.0,14.7,Friday,0,0,12,0,No Action,29.4,13.73,100.0
2026-05-01,REST002,Urban Spoon Bistro,P002,Tomatoes,Vegetables,89,165,61,61,0,12,181,2,1.1,3.2,195.2,14.7,Friday,0,0,16,0,No Action,13.2,16.44,100.0
2026-05-01,REST002,Urban Spoon Bistro,P003,Rice,Dry Goods,203,228,65,65,0,2,364,4,0.8,2.8,182.0,14.7,Friday,0,0,18,0,No Action,1.6,2.99,100.0
2026-05-01,REST002,Urban Spoon Bistro,P004,Milk,Dairy,70,94,39,39,0,6,119,2,1.0,2.4,93.6,14.7,Friday,0,0,10,0,No Action,6.0,13.33,100.0
2026-05-01,REST002,Urban Spoon Bistro,P005,Cheese,Dairy,123,0,26,26,0,5,92,3,2.8,6.5,169.0,14.7,Friday,0,0,8,0,No Action,14.0,16.13,100.0
2026-05-01,REST002,Urban Spoon Bistro,P006,Potatoes,Vegetables,169,0,54,54,0,8,107,2,0.7,2.5,135.0,14.7,Friday,0,0,14,14,Auto-Order,5.6,12.9,100.0
2026-05-01,REST002,Urban Spoon Bistro,P007,Bread,Bakery,33,101,45,45,0,8,81,1,1.2,3.0,135.0,14.7,Friday,0,0,12,0,No Action,9.6,15.09,100.0
2026-05-01,REST002,Urban Spoon Bistro,P008,Salmon Fillet,Seafood,66,0,24,24,0,4,38,2,6.5,14.5,348.0,14.7,Friday,0,0,6,13,Auto-Order,26.0,14.29,100.0
2026-05-01,REST002,Urban Spoon Bistro,P009,Avocado,Vegetables,75,0,31,31,0,4,40,2,1.5,4.2,130.2,14.7,Friday,0,0,7,21,Auto-Order,6.0,11.43,100.0
2026-05-01,REST002,Urban Spoon Bistro,P010,Pasta,Dry Goods,271,0,54,54,0,4,213,4,0.9,3.0,162.0,14.7,Friday,0,0,14,0,No Action,3.6,6.9,100.0
2026-05-02,REST002,Urban Spoon Bistro,P001,Chicken Breast,Meat,191,0,54,54,0,5,132,3,4.2,9.5,513.0,20.5,Saturday,1,0,12,0,No Action,21.0,8.47,100.0
2026-05-02,REST002,Urban Spoon Bistro,P002,Tomatoes,Vegetables,181,0,74,74,0,10,97,2,1.1,3.2,236.8,20.5,Saturday,1,0,16,34,Auto-Order,11.0,11.9,100.0
2026-05-02,REST002,Urban Spoon Bistro,P003,Rice,Dry Goods,364,0,74,74,0,3,287,4,0.8,2.8,207.2,20.5,Saturday,1,0,18,0,No Action,2.4,3.9,100.0
2026-05-02,REST002,Urban Spoon Bistro,P004,Milk,Dairy,119,0,43,43,0,4,72,2,1.0,2.4,103.2,20.5,Saturday,1,0,10,16,Auto-Order,4.0,8.51,100.0
2026-05-02,REST002,Urban Spoon Bistro,P005,Cheese,Dairy,92,0,38,38,0,2,52,3,2.8,6.5,247.0,20.5,Saturday,1,0,8,26,Auto-Order,5.6,5.0,100.0
2026-05-02,REST002,Urban Spoon Bistro,P006,Potatoes,Vegetables,107,126,69,69,0,9,155,2,0.7,2.5,172.5,20.5,Saturday,1,0,14,0,No Action,6.3,11.54,100.0
2026-05-02,REST002,Urban Spoon Bistro,P007,Bread,Bakery,81,0,53,53,0,5,23,1,1.2,3.0,159.0,20.5,Saturday,1,0,12,58,Manager Review,6.0,8.62,100.0
2026-05-02,REST002,Urban Spoon Bistro,P008,Salmon Fillet,Seafood,38,63,33,33,0,4,64,2,6.5,14.5,478.5,20.5,Saturday,1,0,6,0,No Action,26.0,10.81,100.0
2026-05-02,REST002,Urban Spoon Bistro,P009,Avocado,Vegetables,40,83,37,37,0,6,80,2,1.5,4.2,155.4,20.5,Saturday,1,0,7,0,No Action,9.0,13.95,100.0
2026-05-02,REST002,Urban Spoon Bistro,P010,Pasta,Dry Goods,213,0,62,62,0,2,149,4,0.9,3.0,186.0,20.5,Saturday,1,0,14,0,No Action,1.8,3.12,100.0
2026-05-03,REST002,Urban Spoon Bistro,P001,Chicken Breast,Meat,132,0,51,51,0,4,77,3,4.2,9.5,484.5,15.0,Sunday,1,0,12,26,Auto-Order,16.8,7.27,100.0
2026-05-03,REST002,Urban Spoon Bistro,P002,Tomatoes,Vegetables,97,156,70,70,0,13,170,2,1.1,3.2,224.0,15.0,Sunday,1,0,16,0,No Action,14.3,15.66,100.0
2026-05-03,REST002,Urban Spoon Bistro,P003,Rice,Dry Goods,287,0,87,87,0,3,197,4,0.8,2.8,243.6,15.0,Sunday,1,0,18,0,No Action,2.4,3.33,100.0
2026-05-03,REST002,Urban Spoon Bistro,P004,Milk,Dairy,72,95,49,49,0,6,112,2,1.0,2.4,117.6,15.0,Sunday,1,0,10,0,No Action,6.0,10.91,100.0
2026-05-03,REST002,Urban Spoon Bistro,P005,Cheese,Dairy,52,110,34,34,0,5,123,3,2.8,6.5,221.0,15.0,Sunday,1,0,8,0,No Action,14.0,12.82,100.0
2026-05-03,REST002,Urban Spoon Bistro,P006,Potatoes,Vegetables,155,0,65,65,0,6,84,2,0.7,2.5,162.5,15.0,Sunday,1,0,14,23,Auto-Order,4.2,8.45,100.0
2026-05-03,REST002,Urban Spoon Bistro,P007,Bread,Bakery,23,113,54,54,0,7,75,1,1.2,3.0,162.0,15.0,Sunday,1,0,12,0,No Action,8.4,11.48,100.0
2026-05-03,REST002,Urban Spoon Bistro,P008,Salmon Fillet,Seafood,64,0,27,27,0,3,34,2,6.5,14.5,391.5,15.0,Sunday,1,0,6,10,Auto-Order,19.5,10.0,100.0
2026-05-03,REST002,Urban Spoon Bistro,P009,Avocado,Vegetables,80,0,34,34,0,3,43,2,1.5,4.2,142.8,15.0,Sunday,1,0,7,10,Auto-Order,4.5,8.11,100.0
2026-05-03,REST002,Urban Spoon Bistro,P010,Pasta,Dry Goods,149,175,60,60,0,3,261,4,0.9,3.0,180.0,15.0,Sunday,1,0,14,0,No Action,2.7,4.76,100.0
2026-05-04,REST002,Urban Spoon Bistro,P001,Chicken Breast,Meat,77,167,47,47,0,10,187,3,4.2,9.5,446.5,16.0,Monday,0,0,12,0,No Action,42.0,17.54,100.0
2026-05-04,REST002,Urban Spoon Bistro,P002,Tomatoes,Vegetables,170,0,64,64,0,9,97,2,1.1,3.2,204.8,16.0,Monday,0,0,16,18,Auto-Order,9.9,12.33,100.0
2026-05-04,REST002,Urban Spoon Bistro,P003,Rice,Dry Goods,197,238,86,86,0,3,346,4,0.8,2.8,240.8,16.0,Monday,0,1,18,0,No Action,2.4,3.37,100.0
2026-05-04,REST002,Urban Spoon Bistro,P004,Milk,Dairy,112,0,44,44,0,4,64,2,1.0,2.4,105.6,16.0,Monday,0,0,10,13,Auto-Order,4.0,8.33,100.0
2026-05-04,REST002,Urban Spoon Bistro,P005,Cheese,Dairy,123,0,29,29,0,4,90,3,2.8,6.5,188.5,16.0,Monday,0,0,8,0,No Action,11.2,12.12,100.0
2026-05-04,REST002,Urban Spoon Bistro,P006,Potatoes,Vegetables,84,145,56,56,0,8,165,2,0.7,2.5,140.0,16.0,Monday,0,0,14,0,No Action,5.6,12.5,100.0
2026-05-04,REST002,Urban Spoon Bistro,P007,Bread,Bakery,75,0,41,41,0,6,28,1,1.2,3.0,123.0,16.0,Monday,0,0,12,44,Auto-Order,7.2,12.77,100.0
2026-05-04,REST002,Urban Spoon Bistro,P008,Salmon Fillet,Seafood,34,61,26,26,0,4,65,2,6.5,14.5,377.0,16.0,Monday,0,0,6,0,No Action,26.0,13.33,100.0
2026-05-04,REST002,Urban Spoon Bistro,P009,Avocado,Vegetables,43,69,26,26,0,6,80,2,1.5,4.2,109.2,16.0,Monday,0,0,7,0,No Action,9.0,18.75,100.0
2026-05-04,REST002,Urban Spoon Bistro,P010,Pasta,Dry Goods,261,0,66,66,0,2,193,4,0.9,3.0,198.0,16.0,Monday,0,1,14,0,No Action,1.8,2.94,100.0
2026-05-05,REST002,Urban Spoon Bistro,P001,Chicken Breast,Meat,187,0,58,58,0,7,122,3,4.2,9.5,551.0,16.4,Tuesday,0,1,12,0,No Action,29.4,10.77,100.0
2026-05-05,REST002,Urban Spoon Bistro,P002,Tomatoes,Vegetables,97,149,61,61,0,12,173,2,1.1,3.2,195.2,16.4,Tuesday,0,0,16,0,No Action,13.2,16.44,100.0
2026-05-05,REST002,Urban Spoon Bistro,P003,Rice,Dry Goods,346,0,76,76,0,2,268,4,0.8,2.8,212.8,16.4,Tuesday,0,0,18,0,No Action,1.6,2.56,100.0
2026-05-05,REST002,Urban Spoon Bistro,P004,Milk,Dairy,64,106,42,42,0,5,123,2,1.0,2.4,100.8,16.4,Tuesday,0,0,10,0,No Action,5.0,10.64,100.0
2026-05-05,REST002,Urban Spoon Bistro,P005,Cheese,Dairy,90,0,40,40,0,3,47,3,2.8,6.5,260.0,16.4,Tuesday,0,1,8,22,Auto-Order,8.4,6.98,100.0
2026-05-05,REST002,Urban Spoon Bistro,P006,Potatoes,Vegetables,165,0,54,54,0,6,105,2,0.7,2.5,135.0,16.4,Tuesday,0,0,14,2,Auto-Order,4.2,10.0,100.0
2026-05-05,REST002,Urban Spoon Bistro,P007,Bread,Bakery,28,117,44,44,0,7,94,1,1.2,3.0,132.0,16.4,Tuesday,0,0,12,0,No Action,8.4,13.73,100.0
2026-05-05,REST002,Urban Spoon Bistro,P008,Salmon Fillet,Seafood,65,0,20,20,0,2,43,2,6.5,14.5,290.0,16.4,Tuesday,0,0,6,1,Auto-Order,13.0,9.09,100.0
2026-05-05,REST002,Urban Spoon Bistro,P009,Avocado,Vegetables,80,15,26,26,0,3,66,2,1.5,4.2,109.2,16.4,Tuesday,0,0,7,0,No Action,4.5,10.34,100.0
2026-05-05,REST002,Urban Spoon Bistro,P010,Pasta,Dry Goods,193,0,50,50,0,2,141,4,0.9,3.0,150.0,16.4,Tuesday,0,0,14,0,No Action,1.8,3.85,100.0
2026-05-06,REST002,Urban Spoon Bistro,P001,Chicken Breast,Meat,122,125,43,43,0,9,195,3,4.2,9.5,408.5,19.1,Wednesday,0,0,12,0,No Action,37.8,17.31,100.0
2026-05-06,REST002,Urban Spoon Bistro,P002,Tomatoes,Vegetables,173,0,73,73,0,8,92,2,1.1,3.2,233.6,19.1,Wednesday,0,0,16,23,Auto-Order,8.8,9.88,100.0
2026-05-06,REST002,Urban Spoon Bistro,P003,Rice,Dry Goods,268,0,99,99,0,3,166,4,0.8,2.8,277.2,19.1,Wednesday,0,1,18,0,No Action,2.4,2.94,100.0
2026-05-06,REST002,Urban Spoon Bistro,P004,Milk,Dairy,123,0,39,39,0,4,80,2,1.0,2.4,93.6,19.1,Wednesday,0,0,10,0,No Action,4.0,9.3,100.0
2026-05-06,REST002,Urban Spoon Bistro,P005,Cheese,Dairy,47,110,41,41,0,5,111,3,2.8,6.5,266.5,19.1,Wednesday,0,1,8,0,No Action,14.0,10.87,100.0
2026-05-06,REST002,Urban Spoon Bistro,P006,Potatoes,Vegetables,105,127,65,65,0,9,158,2,0.7,2.5,162.5,19.1,Wednesday,0,0,14,0,No Action,6.3,12.16,100.0
2026-05-06,REST002,Urban Spoon Bistro,P007,Bread,Bakery,94,0,53,53,0,6,35,1,1.2,3.0,159.0,19.1,Wednesday,0,0,12,37,Auto-Order,7.2,10.17,100.0
2026-05-06,REST002,Urban Spoon Bistro,P008,Salmon Fillet,Seafood,43,52,29,29,0,4,62,2,6.5,14.5,420.5,19.1,Wednesday,0,1,6,0,No Action,26.0,12.12,100.0
2026-05-06,REST002,Urban Spoon Bistro,P009,Avocado,Vegetables,66,0,32,32,0,2,32,2,1.5,4.2,134.4,19.1,Wednesday,0,0,7,21,Auto-Order,3.0,5.88,100.0
2026-05-06,REST002,Urban Spoon Bistro,P010,Pasta,Dry Goods,141,180,50,50,0,5,266,4,0.9,3.0,150.0,19.1,Wednesday,0,0,14,0,No Action,4.5,9.09,100.0
2026-05-07,REST002,Urban Spoon Bistro,P001,Chicken Breast,Meat,195,0,48,48,0,6,141,3,4.2,9.5,456.0,20.7,Thursday,0,0,12,0,No Action,25.2,11.11,100.0
2026-05-07,REST002,Urban Spoon Bistro,P002,Tomatoes,Vegetables,92,153,62,62,0,12,171,2,1.1,3.2,198.4,20.7,Thursday,0,0,16,0,No Action,13.2,16.22,100.0
2026-05-07,REST002,Urban Spoon Bistro,P003,Rice,Dry Goods,166,273,61,61,0,4,374,4,0.8,2.8,170.8,20.7,Thursday,0,0,18,0,No Action,3.2,6.15,100.0
2026-05-07,REST002,Urban Spoon Bistro,P004,Milk,Dairy,80,83,37,37,0,6,120,2,1.0,2.4,88.8,20.7,Thursday,0,0,10,0,No Action,6.0,13.95,100.0
2026-05-07,REST002,Urban Spoon Bistro,P005,Cheese,Dairy,111,0,30,30,0,2,79,3,2.8,6.5,195.0,20.7,Thursday,0,0,8,0,No Action,5.6,6.25,100.0
2026-05-07,REST002,Urban Spoon Bistro,P006,Potatoes,Vegetables,158,0,63,63,0,6,89,2,0.7,2.5,157.5,20.7,Thursday,0,0,14,18,Auto-Order,4.2,8.7,100.0
2026-05-07,REST002,Urban Spoon Bistro,P007,Bread,Bakery,35,103,47,47,0,6,85,1,1.2,3.0,141.0,20.7,Thursday,0,0,12,0,No Action,7.2,11.32,100.0
2026-05-07,REST002,Urban Spoon Bistro,P008,Salmon Fillet,Seafood,62,0,22,22,0,4,36,2,6.5,14.5,319.0,20.7,Thursday,0,0,6,8,Auto-Order,26.0,15.38,100.0
2026-05-07,REST002,Urban Spoon Bistro,P009,Avocado,Vegetables,32,90,29,29,0,5,88,2,1.5,4.2,121.8,20.7,Thursday,0,0,7,0,No Action,7.5,14.71,100.0
2026-05-07,REST002,Urban Spoon Bistro,P010,Pasta,Dry Goods,266,0,56,56,0,2,208,4,0.9,3.0,168.0,20.7,Thursday,0,0,14,0,No Action,1.8,3.45,100.0
2026-05-08,REST002,Urban Spoon Bistro,P001,Chicken Breast,Meat,141,0,44,44,0,5,92,3,4.2,9.5,418.0,17.3,Friday,0,0,12,26,Auto-Order,21.0,10.2,100.0
2026-05-08,REST002,Urban Spoon Bistro,P002,Tomatoes,Vegetables,171,33,66,66,0,10,128,2,1.1,3.2,211.2,17.3,Friday,0,0,16,3,Auto-Order,11.0,13.16,100.0
2026-05-08,REST002,Urban Spoon Bistro,P003,Rice,Dry Goods,374,0,67,67,0,2,305,4,0.8,2.8,187.6,17.3,Friday,0,0,18,0,No Action,1.6,2.9,100.0
2026-05-08,REST002,Urban Spoon Bistro,P004,Milk,Dairy,120,0,39,39,0,4,77,2,1.0,2.4,93.6,17.3,Friday,0,0,10,11,Auto-Order,4.0,9.3,100.0
2026-05-08,REST002,Urban Spoon Bistro,P005,Cheese,Dairy,79,86,33,33,0,4,128,3,2.8,6.5,214.5,17.3,Friday,0,0,8,0,No Action,11.2,10.81,100.0
2026-05-08,REST002,Urban Spoon Bistro,P006,Potatoes,Vegetables,89,141,61,61,0,8,161,2,0.7,2.5,152.5,17.3,Friday,0,0,14,0,No Action,5.6,11.59,100.0
2026-05-08,REST002,Urban Spoon Bistro,P007,Bread,Bakery,85,0,46,46,0,5,34,1,1.2,3.0,138.0,17.3,Friday,0,0,12,47,Auto-Order,6.0,9.8,100.0
2026-05-08,REST002,Urban Spoon Bistro,P008,Salmon Fillet,Seafood,36,67,29,29,0,3,71,2,6.5,14.5,420.5,17.3,Friday,0,1,6,0,No Action,19.5,9.38,100.0
2026-05-08,REST002,Urban Spoon Bistro,P009,Avocado,Vegetables,88,0,26,26,0,5,57,2,1.5,4.2,109.2,17.3,Friday,0,0,7,4,Auto-Order,7.5,16.13,100.0
2026-05-08,REST002,Urban Spoon Bistro,P010,Pasta,Dry Goods,208,0,54,54,0,3,151,4,0.9,3.0,162.0,17.3,Friday,0,0,14,0,No Action,2.7,5.26,100.0
2026-05-09,REST002,Urban Spoon Bistro,P001,Chicken Breast,Meat,92,149,54,54,0,6,181,3,4.2,9.5,513.0,16.6,Saturday,1,0,12,0,No Action,25.2,10.0,100.0
2026-05-09,REST002,Urban Spoon Bistro,P002,Tomatoes,Vegetables,128,0,63,63,0,5,60,2,1.1,3.2,201.6,16.6,Saturday,1,0,16,71,Manager Review,5.5,7.35,100.0
2026-05-09,REST002,Urban Spoon Bistro,P003,Rice,Dry Goods,305,0,95,95,0,3,207,4,0.8,2.8,266.0,16.6,Saturday,1,1,18,0,No Action,2.4,3.06,100.0
2026-05-09,REST002,Urban Spoon Bistro,P004,Milk,Dairy,77,90,51,51,0,5,111,2,1.0,2.4,122.4,16.6,Saturday,1,0,10,0,No Action,5.0,8.93,100.0
2026-05-09,REST002,Urban Spoon Bistro,P005,Cheese,Dairy,128,0,40,40,0,5,83,3,2.8,6.5,260.0,16.6,Saturday,1,0,8,0,No Action,14.0,11.11,100.0
2026-05-09,REST002,Urban Spoon Bistro,P006,Potatoes,Vegetables,161,0,62,62,0,6,93,2,0.7,2.5,155.0,16.6,Saturday,1,0,14,28,Auto-Order,4.2,8.82,100.0
2026-05-09,REST002,Urban Spoon Bistro,P007,Bread,Bakery,34,104,49,49,0,6,83,1,1.2,3.0,147.0,16.6,Saturday,1,0,12,0,No Action,7.2,10.91,100.0
2026-05-09,REST002,Urban Spoon Bistro,P008,Salmon Fillet,Seafood,71,0,25,25,0,4,42,2,6.5,14.5,362.5,16.6,Saturday,1,0,6,9,Auto-Order,26.0,13.79,100.0
2026-05-09,REST002,Urban Spoon Bistro,P009,Avocado,Vegetables,57,56,31,31,0,6,76,2,1.5,4.2,130.2,16.6,Saturday,1,0,7,0,No Action,9.0,16.22,100.0
2026-05-09,REST002,Urban Spoon Bistro,P010,Pasta,Dry Goods,151,175,58,58,0,2,266,4,0.9,3.0,174.0,16.6,Saturday,1,0,14,0,No Action,1.8,3.33,100.0
2026-05-10,REST002,Urban Spoon Bistro,P001,Chicken Breast,Meat,181,0,48,48,0,7,126,3,4.2,9.5,456.0,21.2,Sunday,1,0,12,0,No Action,29.4,12.73,100.0
2026-05-10,REST002,Urban Spoon Bistro,P002,Tomatoes,Vegetables,60,189,71,71,0,13,165,2,1.1,3.2,227.2,21.2,Sunday,1,0,16,0,No Action,14.3,15.48,100.0
2026-05-10,REST002,Urban Spoon Bistro,P003,Rice,Dry Goods,207,232,76,76,0,5,358,4,0.8,2.8,212.8,21.2,Sunday,1,0,18,0,No Action,4.0,6.17,100.0
2026-05-10,REST002,Urban Spoon Bistro,P004,Milk,Dairy,111,0,44,44,0,4,63,2,1.0,2.4,105.6,21.2,Sunday,1,0,10,14,Auto-Order,4.0,8.33,100.0
2026-05-10,REST002,Urban Spoon Bistro,P005,Cheese,Dairy,83,80,32,32,0,6,125,3,2.8,6.5,208.0,21.2,Sunday,1,0,8,0,No Action,16.8,15.79,100.0
2026-05-10,REST002,Urban Spoon Bistro,P006,Potatoes,Vegetables,93,144,89,89,0,8,140,2,0.7,2.5,222.5,21.2,Sunday,1,1,14,0,No Action,5.6,8.25,100.0
2026-05-10,REST002,Urban Spoon Bistro,P007,Bread,Bakery,83,0,50,50,0,3,30,1,1.2,3.0,150.0,21.2,Sunday,1,0,12,42,Auto-Order,3.6,5.66,100.0
2026-05-10,REST002,Urban Spoon Bistro,P008,Salmon Fillet,Seafood,42,61,28,28,0,4,71,2,6.5,14.5,406.0,21.2,Sunday,1,0,6,0,No Action,26.0,12.5,100.0
2026-05-10,REST002,Urban Spoon Bistro,P009,Avocado,Vegetables,76,0,36,36,0,2,38,2,1.5,4.2,151.2,21.2,Sunday,1,0,7,15,Auto-Order,3.0,5.26,100.0
2026-05-10,REST002,Urban Spoon Bistro,P010,Pasta,Dry Goods,266,0,58,58,0,2,206,4,0.9,3.0,174.0,21.2,Sunday,1,0,14,0,No Action,1.8,3.33,100.0
2026-05-11,REST002,Urban Spoon Bistro,P001,Chicken Breast,Meat,126,117,51,51,0,9,183,3,4.2,9.5,484.5,13.4,Monday,0,0,12,0,No Action,37.8,15.0,100.0
2026-05-11,REST002,Urban Spoon Bistro,P002,Tomatoes,Vegetables,165,0,78,78,0,7,80,2,1.1,3.2,249.6,13.4,Monday,0,1,16,35,Auto-Order,7.7,8.24,100.0
2026-05-11,REST002,Urban Spoon Bistro,P003,Rice,Dry Goods,358,0,81,81,0,2,275,4,0.8,2.8,226.8,13.4,Monday,0,1,18,0,No Action,1.6,2.41,100.0
2026-05-11,REST002,Urban Spoon Bistro,P004,Milk,Dairy,63,104,50,50,0,5,112,2,1.0,2.4,120.0,13.4,Monday,0,1,10,0,No Action,5.0,9.09,100.0
2026-05-11,REST002,Urban Spoon Bistro,P005,Cheese,Dairy,125,0,31,31,0,3,91,3,2.8,6.5,201.5,13.4,Monday,0,0,8,0,No Action,8.4,8.82,100.0
2026-05-11,REST002,Urban Spoon Bistro,P006,Potatoes,Vegetables,140,0,53,53,0,5,82,2,0.7,2.5,132.5,13.4,Monday,0,0,14,25,Auto-Order,3.5,8.62,100.0
2026-05-11,REST002,Urban Spoon Bistro,P007,Bread,Bakery,30,115,46,46,0,7,92,1,1.2,3.0,138.0,13.4,Monday,0,0,12,0,No Action,8.4,13.21,100.0
2026-05-11,REST002,Urban Spoon Bistro,P008,Salmon Fillet,Seafood,71,0,28,28,0,3,40,2,6.5,14.5,406.0,13.4,Monday,0,1,6,4,Auto-Order,19.5,9.68,100.0
2026-05-11,REST002,Urban Spoon Bistro,P009,Avocado,Vegetables,38,74,31,31,0,5,76,2,1.5,4.2,130.2,13.4,Monday,0,0,7,0,No Action,7.5,13.89,100.0
2026-05-11,REST002,Urban Spoon Bistro,P010,Pasta,Dry Goods,206,0,52,52,0,1,153,4,0.9,3.0,156.0,13.4,Monday,0,0,14,0,No Action,0.9,1.89,100.0
2026-05-12,REST002,Urban Spoon Bistro,P001,Chicken Breast,Meat,183,0,44,44,0,7,132,3,4.2,9.5,418.0,19.2,Tuesday,0,0,12,0,No Action,29.4,13.73,100.0
2026-05-12,REST002,Urban Spoon Bistro,P002,Tomatoes,Vegetables,80,171,63,63,0,12,176,2,1.1,3.2,201.6,19.2,Tuesday,0,0,16,0,No Action,13.2,16.0,100.0
2026-05-12,REST002,Urban Spoon Bistro,P003,Rice,Dry Goods,275,0,70,70,0,2,203,4,0.8,2.8,196.0,19.2,Tuesday,0,0,18,0,No Action,1.6,2.78,100.0
2026-05-12,REST002,Urban Spoon Bistro,P004,Milk,Dairy,112,0,40,40,0,3,69,2,1.0,2.4,96.0,19.2,Tuesday,0,0,10,8,Auto-Order,3.0,6.98,100.0
2026-05-12,REST002,Urban Spoon Bistro,P005,Cheese,Dairy,91,16,30,30,0,2,75,3,2.8,6.5,195.0,19.2,Tuesday,0,0,8,0,No Action,5.6,6.25,100.0
2026-05-12,REST002,Urban Spoon Bistro,P006,Potatoes,Vegetables,82,149,53,53,0,7,171,2,0.7,2.5,132.5,19.2,Tuesday,0,0,14,0,No Action,4.9,11.67,100.0
2026-05-12,REST002,Urban Spoon Bistro,P007,Bread,Bakery,92,0,45,45,0,5,42,1,1.2,3.0,135.0,19.2,Tuesday,0,0,12,30,Auto-Order,6.0,10.0,100.0
2026-05-12,REST002,Urban Spoon Bistro,P008,Salmon Fillet,Seafood,40,56,26,26,0,3,67,2,6.5,14.5,377.0,19.2,Tuesday,0,0,6,0,No Action,19.5,10.34,100.0
2026-05-12,REST002,Urban Spoon Bistro,P009,Avocado,Vegetables,76,0,31,31,0,4,41,2,1.5,4.2,130.2,19.2,Tuesday,0,0,7,12,Auto-Order,6.0,11.43,100.0
2026-05-12,REST002,Urban Spoon Bistro,P010,Pasta,Dry Goods,153,168,55,55,0,4,262,4,0.9,3.0,165.0,19.2,Tuesday,0,0,14,0,No Action,3.6,6.78,100.0
2026-05-13,REST002,Urban Spoon Bistro,P001,Chicken Breast,Meat,132,0,43,43,0,4,85,3,4.2,9.5,408.5,15.4,Wednesday,0,0,12,18,Auto-Order,16.8,8.51,100.0
2026-05-13,REST002,Urban Spoon Bistro,P002,Tomatoes,Vegetables,176,0,77,77,0,9,90,2,1.1,3.2,246.4,15.4,Wednesday,0,1,16,25,Auto-Order,9.9,10.47,100.0
2026-05-13,REST002,Urban Spoon Bistro,P003,Rice,Dry Goods,203,236,69,69,0,5,365,4,0.8,2.8,193.2,15.4,Wednesday,0,0,18,0,No Action,4.0,6.76,100.0
2026-05-13,REST002,Urban Spoon Bistro,P004,Milk,Dairy,69,102,42,42,0,5,124,2,1.0,2.4,100.8,15.4,Wednesday,0,0,10,0,No Action,5.0,10.64,100.0
2026-05-13,REST002,Urban Spoon Bistro,P005,Cheese,Dairy,75,84,30,30,0,4,125,3,2.8,6.5,195.0,15.4,Wednesday,0,0,8,0,No Action,11.2,11.76,100.0
2026-05-13,REST002,Urban Spoon Bistro,P006,Potatoes,Vegetables,171,0,58,58,0,6,107,2,0.7,2.5,145.0,15.4,Wednesday,0,0,14,0,No Action,4.2,9.38,100.0
2026-05-13,REST002,Urban Spoon Bistro,P007,Bread,Bakery,42,101,42,42,0,8,93,1,1.2,3.0,126.0,15.4,Wednesday,0,0,12,0,No Action,9.6,16.0,100.0
2026-05-13,REST002,Urban Spoon Bistro,P008,Salmon Fillet,Seafood,67,0,23,23,0,3,41,2,6.5,14.5,333.5,15.4,Wednesday,0,0,6,3,Auto-Order,19.5,11.54,100.0
2026-05-13,REST002,Urban Spoon Bistro,P009,Avocado,Vegetables,41,79,29,29,0,6,85,2,1.5,4.2,121.8,15.4,Wednesday,0,0,7,0,No Action,9.0,17.14,100.0
2026-05-13,REST002,Urban Spoon Bistro,P010,Pasta,Dry Goods,262,0,48,48,0,3,211,4,0.9,3.0,144.0,15.4,Wednesday,0,0,14,0,No Action,2.7,5.88,100.0
2026-05-14,REST002,Urban Spoon Bistro,P001,Chicken Breast,Meat,85,154,47,47,0,9,183,3,4.2,9.5,446.5,15.4,Thursday,0,0,12,0,No Action,37.8,16.07,100.0
2026-05-14,REST002,Urban Spoon Bistro,P002,Tomatoes,Vegetables,90,156,61,61,0,13,172,2,1.1,3.2,195.2,15.4,Thursday,0,0,16,0,No Action,14.3,17.57,100.0
2026-05-14,REST002,Urban Spoon Bistro,P003,Rice,Dry Goods,365,0,71,71,0,4,290,4,0.8,2.8,198.8,15.4,Thursday,0,0,18,0,No Action,3.2,5.33,100.0
2026-05-14,REST002,Urban Spoon Bistro,P004,Milk,Dairy,124,0,39,39,0,5,80,2,1.0,2.4,93.6,15.4,Thursday,0,0,10,0,No Action,5.0,11.36,100.0
2026-05-14,REST002,Urban Spoon Bistro,P005,Cheese,Dairy,125,0,30,30,0,3,92,3,2.8,6.5,195.0,15.4,Thursday,0,0,8,0,No Action,8.4,9.09,100.0
2026-05-14,REST002,Urban Spoon Bistro,P006,Potatoes,Vegetables,107,127,49,49,0,7,178,2,0.7,2.5,122.5,15.4,Thursday,0,0,14,0,No Action,4.9,12.5,100.0
2026-05-14,REST002,Urban Spoon Bistro,P007,Bread,Bakery,93,0,48,48,0,5,40,1,1.2,3.0,144.0,15.4,Thursday,0,0,12,32,Auto-Order,6.0,9.43,100.0
2026-05-14,REST002,Urban Spoon Bistro,P008,Salmon Fillet,Seafood,41,53,24,24,0,5,65,2,6.5,14.5,348.0,15.4,Thursday,0,0,6,0,No Action,32.5,17.24,100.0
2026-05-14,REST002,Urban Spoon Bistro,P009,Avocado,Vegetables,85,0,28,28,0,3,54,2,1.5,4.2,117.6,15.4,Thursday,0,0,7,0,No Action,4.5,9.68,100.0
2026-05-14,REST002,Urban Spoon Bistro,P010,Pasta,Dry Goods,211,0,51,51,0,2,158,4,0.9,3.0,153.0,15.4,Thursday,0,0,14,0,No Action,1.8,3.77,100.0
2026-05-15,REST002,Urban Spoon Bistro,P001,Chicken Breast,Meat,183,0,47,47,0,6,130,3,4.2,9.5,446.5,16.4,Friday,0,0,12,0,No Action,25.2,11.32,100.0
2026-05-15,REST002,Urban Spoon Bistro,P002,Tomatoes,Vegetables,172,0,63,63,0,10,99,2,1.1,3.2,201.6,16.4,Friday,0,0,16,32,Auto-Order,11.0,13.7,100.0
2026-05-15,REST002,Urban Spoon Bistro,P003,Rice,Dry Goods,290,0,62,62,0,3,225,4,0.8,2.8,173.6,16.4,Friday,0,0,18,0,No Action,2.4,4.62,100.0
2026-05-15,REST002,Urban Spoon Bistro,P004,Milk,Dairy,80,85,44,44,0,6,115,2,1.0,2.4,105.6,16.4,Friday,0,0,10,0,No Action,6.0,12.0,100.0
2026-05-15,REST002,Urban Spoon Bistro,P005,Cheese,Dairy,92,0,31,31,0,4,57,3,2.8,6.5,201.5,16.4,Friday,0,0,8,21,Auto-Order,11.2,11.43,100.0
2026-05-15,REST002,Urban Spoon Bistro,P006,Potatoes,Vegetables,178,0,58,58,0,6,114,2,0.7,2.5,145.0,16.4,Friday,0,0,14,7,Auto-Order,4.2,9.38,100.0
2026-05-15,REST002,Urban Spoon Bistro,P007,Bread,Bakery,40,93,48,48,0,7,78,1,1.2,3.0,144.0,16.4,Friday,0,0,12,3,Auto-Order,8.4,12.73,100.0
2026-05-15,REST002,Urban Spoon Bistro,P008,Salmon Fillet,Seafood,65,0,30,30,0,4,31,2,6.5,14.5,435.0,16.4,Friday,0,1,6,20,Auto-Order,26.0,11.76,100.0
2026-05-15,REST002,Urban Spoon Bistro,P009,Avocado,Vegetables,54,63,24,24,0,5,88,2,1.5,4.2,100.8,16.4,Friday,0,0,7,0,No Action,7.5,17.24,100.0
2026-05-15,REST002,Urban Spoon Bistro,P010,Pasta,Dry Goods,158,162,44,44,0,4,272,4,0.9,3.0,132.0,16.4,Friday,0,0,14,0,No Action,3.6,8.33,100.0
2026-05-16,REST002,Urban Spoon Bistro,P001,Chicken Breast,Meat,130,0,53,53,0,5,72,3,4.2,9.5,503.5,16.0,Saturday,1,0,12,46,Auto-Order,21.0,8.62,100.0
2026-05-16,REST002,Urban Spoon Bistro,P002,Tomatoes,Vegetables,99,151,70,70,0,11,169,2,1.1,3.2,224.0,16.0,Saturday,1,0,16,0,No Action,12.1,13.58,100.0
2026-05-16,REST002,Urban Spoon Bistro,P003,Rice,Dry Goods,225,204,82,82,0,2,345,4,0.8,2.8,229.6,16.0,Saturday,1,0,18,0,No Action,1.6,2.38,100.0
2026-05-16,REST002,Urban Spoon Bistro,P004,Milk,Dairy,115,0,50,50,0,6,59,2,1.0,2.4,120.0,16.0,Saturday,1,0,10,29,Auto-Order,6.0,10.71,100.0
2026-05-16,REST002,Urban Spoon Bistro,P005,Cheese,Dairy,57,100,33,33,0,5,119,3,2.8,6.5,214.5,16.0,Saturday,1,0,8,0,No Action,14.0,13.16,100.0
2026-05-16,REST002,Urban Spoon Bistro,P006,Potatoes,Vegetables,114,114,64,64,0,8,156,2,0.7,2.5,160.0,16.0,Saturday,1,0,14,0,No Action,5.6,11.11,100.0
2026-05-16,REST002,Urban Spoon Bistro,P007,Bread,Bakery,78,0,55,55,0,6,17,1,1.2,3.0,165.0,16.0,Saturday,1,1,12,64,Manager Review,7.2,9.84,100.0
2026-05-16,REST002,Urban Spoon Bistro,P008,Salmon Fillet,Seafood,31,68,33,33,0,4,62,2,6.5,14.5,478.5,16.0,Saturday,1,1,6,0,No Action,26.0,10.81,100.0
2026-05-16,REST002,Urban Spoon Bistro,P009,Avocado,Vegetables,88,0,29,29,0,2,57,2,1.5,4.2,121.8,16.0,Saturday,1,0,7,4,Auto-Order,3.0,6.45,100.0
2026-05-16,REST002,Urban Spoon Bistro,P010,Pasta,Dry Goods,272,0,54,54,0,3,215,4,0.9,3.0,162.0,16.0,Saturday,1,0,14,0,No Action,2.7,5.26,100.0
2026-05-17,REST002,Urban Spoon Bistro,P001,Chicken Breast,Meat,72,163,53,53,0,10,172,3,4.2,9.5,503.5,18.8,Sunday,1,0,12,0,No Action,42.0,15.87,100.0
2026-05-17,REST002,Urban Spoon Bistro,P002,Tomatoes,Vegetables,169,0,78,78,0,8,83,2,1.1,3.2,249.6,18.8,Sunday,1,0,16,32,Auto-Order,8.8,9.3,100.0
2026-05-17,REST002,Urban Spoon Bistro,P003,Rice,Dry Goods,345,0,80,80,0,4,261,4,0.8,2.8,224.0,18.8,Sunday,1,0,18,0,No Action,3.2,4.76,100.0
2026-05-17,REST002,Urban Spoon Bistro,P004,Milk,Dairy,59,109,46,46,0,5,117,2,1.0,2.4,110.4,18.8,Sunday,1,0,10,0,No Action,5.0,9.8,100.0
2026-05-17,REST002,Urban Spoon Bistro,P005,Cheese,Dairy,119,0,46,46,0,2,71,3,2.8,6.5,299.0,18.8,Sunday,1,1,8,0,No Action,5.6,4.17,100.0
2026-05-17,REST002,Urban Spoon Bistro,P006,Potatoes,Vegetables,156,0,66,66,0,6,84,2,0.7,2.5,165.0,18.8,Sunday,1,0,14,23,Auto-Order,4.2,8.33,100.0
2026-05-17,REST002,Urban Spoon Bistro,P007,Bread,Bakery,17,126,49,49,0,7,87,1,1.2,3.0,147.0,18.8,Sunday,1,0,12,0,No Action,8.4,12.5,100.0
2026-05-17,REST002,Urban Spoon Bistro,P008,Salmon Fillet,Seafood,62,0,32,32,0,3,27,2,6.5,14.5,464.0,18.8,Sunday,1,0,6,17,Auto-Order,19.5,8.57,100.0
2026-05-17,REST002,Urban Spoon Bistro,P009,Avocado,Vegetables,57,55,41,41,0,6,65,2,1.5,4.2,172.2,18.8,Sunday,1,0,7,0,No Action,9.0,12.77,100.0
2026-05-17,REST002,Urban Spoon Bistro,P010,Pasta,Dry Goods,215,0,60,60,0,1,154,4,0.9,3.0,180.0,18.8,Sunday,1,0,14,0,No Action,0.9,1.64,100.0
2026-05-18,REST002,Urban Spoon Bistro,P001,Chicken Breast,Meat,172,0,41,41,0,6,125,3,4.2,9.5,389.5,18.9,Monday,0,0,12,0,No Action,25.2,12.77,100.0
2026-05-18,REST002,Urban Spoon Bistro,P002,Tomatoes,Vegetables,83,167,67,67,0,13,170,2,1.1,3.2,214.4,18.9,Monday,0,0,16,0,No Action,14.3,16.25,100.0
2026-05-18,REST002,Urban Spoon Bistro,P003,Rice,Dry Goods,261,0,59,59,0,2,200,4,0.8,2.8,165.2,18.9,Monday,0,0,18,0,No Action,1.6,3.28,100.0
2026-05-18,REST002,Urban Spoon Bistro,P004,Milk,Dairy,117,0,38,38,0,4,75,2,1.0,2.4,91.2,18.9,Monday,0,0,10,2,Auto-Order,4.0,9.52,100.0
2026-05-18,REST002,Urban Spoon Bistro,P005,Cheese,Dairy,71,89,28,28,0,5,127,3,2.8,6.5,182.0,18.9,Monday,0,0,8,0,No Action,14.0,15.15,100.0
2026-05-18,REST002,Urban Spoon Bistro,P006,Potatoes,Vegetables,84,155,60,60,0,8,171,2,0.7,2.5,150.0,18.9,Monday,0,0,14,0,No Action,5.6,11.76,100.0
2026-05-18,REST002,Urban Spoon Bistro,P007,Bread,Bakery,87,0,46,46,0,5,36,1,1.2,3.0,138.0,18.9,Monday,0,0,12,36,Auto-Order,6.0,9.8,100.0
2026-05-18,REST002,Urban Spoon Bistro,P008,Salmon Fillet,Seafood,27,73,26,26,0,5,69,2,6.5,14.5,377.0,18.9,Monday,0,0,6,0,No Action,32.5,16.13,100.0
2026-05-18,REST002,Urban Spoon Bistro,P009,Avocado,Vegetables,65,0,32,32,0,3,30,2,1.5,4.2,134.4,18.9,Monday,0,0,7,23,Auto-Order,4.5,8.57,100.0
2026-05-18,REST002,Urban Spoon Bistro,P010,Pasta,Dry Goods,154,173,54,54,0,4,269,4,0.9,3.0,162.0,18.9,Monday,0,0,14,0,No Action,3.6,6.9,100.0
2026-05-19,REST002,Urban Spoon Bistro,P001,Chicken Breast,Meat,125,117,43,43,0,10,189,3,4.2,9.5,408.5,17.4,Tuesday,0,0,12,0,No Action,42.0,18.87,100.0
2026-05-19,REST002,Urban Spoon Bistro,P002,Tomatoes,Vegetables,170,0,63,63,0,8,99,2,1.1,3.2,201.6,17.4,Tuesday,0,0,16,16,Auto-Order,8.8,11.27,100.0
2026-05-19,REST002,Urban Spoon Bistro,P003,Rice,Dry Goods,200,236,67,67,0,4,365,4,0.8,2.8,187.6,17.4,Tuesday,0,0,18,0,No Action,3.2,5.63,100.0
2026-05-19,REST002,Urban Spoon Bistro,P004,Milk,Dairy,75,90,34,34,0,5,126,2,1.0,2.4,81.6,17.4,Tuesday,0,0,10,0,No Action,5.0,12.82,100.0
2026-05-19,REST002,Urban Spoon Bistro,P005,Cheese,Dairy,127,0,29,29,0,4,94,3,2.8,6.5,188.5,17.4,Tuesday,0,0,8,0,No Action,11.2,12.12,100.0
2026-05-19,REST002,Urban Spoon Bistro,P006,Potatoes,Vegetables,171,0,47,47,0,7,117,2,0.7,2.5,117.5,17.4,Tuesday,0,0,14,0,No Action,4.9,12.96,100.0
2026-05-19,REST002,Urban Spoon Bistro,P007,Bread,Bakery,36,97,43,43,0,8,82,1,1.2,3.0,129.0,17.4,Tuesday,0,0,12,0,No Action,9.6,15.69,100.0
2026-05-19,REST002,Urban Spoon Bistro,P008,Salmon Fillet,Seafood,69,0,27,27,0,2,40,2,6.5,14.5,391.5,17.4,Tuesday,0,0,6,4,Auto-Order,13.0,6.9,100.0
2026-05-19,REST002,Urban Spoon Bistro,P009,Avocado,Vegetables,30,86,27,27,0,5,84,2,1.5,4.2,113.4,17.4,Tuesday,0,0,7,0,No Action,7.5,15.62,100.0
2026-05-19,REST002,Urban Spoon Bistro,P010,Pasta,Dry Goods,269,0,50,50,0,2,217,4,0.9,3.0,150.0,17.4,Tuesday,0,0,14,0,No Action,1.8,3.85,100.0
2026-05-20,REST002,Urban Spoon Bistro,P001,Chicken Breast,Meat,189,0,37,37,0,7,145,3,4.2,9.5,351.5,17.5,Wednesday,0,0,12,0,No Action,29.4,15.91,100.0
2026-05-20,REST002,Urban Spoon Bistro,P002,Tomatoes,Vegetables,99,153,60,60,0,12,180,2,1.1,3.2,192.0,17.5,Wednesday,0,0,16,0,No Action,13.2,16.67,100.0
2026-05-20,REST002,Urban Spoon Bistro,P003,Rice,Dry Goods,365,0,64,64,0,3,298,4,0.8,2.8,179.2,17.5,Wednesday,0,0,18,0,No Action,2.4,4.48,100.0
2026-05-20,REST002,Urban Spoon Bistro,P004,Milk,Dairy,126,0,38,38,0,4,84,2,1.0,2.4,91.2,17.5,Wednesday,0,0,10,0,No Action,4.0,9.52,100.0
2026-05-20,REST002,Urban Spoon Bistro,P005,Cheese,Dairy,94,0,31,31,0,2,61,3,2.8,6.5,201.5,17.5,Wednesday,0,0,8,8,Auto-Order,5.6,6.06,100.0
2026-05-20,REST002,Urban Spoon Bistro,P006,Potatoes,Vegetables,117,114,52,52,0,7,172,2,0.7,2.5,130.0,17.5,Wednesday,0,0,14,0,No Action,4.9,11.86,100.0
2026-05-20,REST002,Urban Spoon Bistro,P007,Bread,Bakery,82,0,57,57,0,4,21,1,1.2,3.0,171.0,17.5,Wednesday,0,1,12,51,Manager Review,4.8,6.56,100.0
2026-05-20,REST002,Urban Spoon Bistro,P008,Salmon Fillet,Seafood,40,62,22,22,0,4,76,2,6.5,14.5,319.0,17.5,Wednesday,0,0,6,0,No Action,26.0,15.38,100.0
2026-05-20,REST002,Urban Spoon Bistro,P009,Avocado,Vegetables,84,0,24,24,0,3,57,2,1.5,4.2,100.8,17.5,Wednesday,0,0,7,0,No Action,4.5,11.11,100.0
2026-05-20,REST002,Urban Spoon Bistro,P010,Pasta,Dry Goods,217,0,59,59,0,0,158,4,0.9,3.0,177.0,17.5,Wednesday,0,0,14,0,No Action,0.0,0.0,100.0
2026-05-21,REST002,Urban Spoon Bistro,P001,Chicken Breast,Meat,145,0,43,43,0,7,95,3,4.2,9.5,408.5,16.9,Thursday,0,0,12,8,Auto-Order,29.4,14.0,100.0
2026-05-21,REST002,Urban Spoon Bistro,P002,Tomatoes,Vegetables,180,0,63,63,0,10,107,2,1.1,3.2,201.6,16.9,Thursday,0,1,16,8,Auto-Order,11.0,13.7,100.0
2026-05-21,REST002,Urban Spoon Bistro,P003,Rice,Dry Goods,298,0,70,70,0,0,228,4,0.8,2.8,196.0,16.9,Thursday,0,0,18,0,No Action,0.0,0.0,100.0
2026-05-21,REST002,Urban Spoon Bistro,P004,Milk,Dairy,84,80,42,42,0,5,117,2,1.0,2.4,100.8,16.9,Thursday,0,0,10,0,No Action,5.0,10.64,100.0
2026-05-21,REST002,Urban Spoon Bistro,P005,Cheese,Dairy,61,95,32,32,0,6,118,3,2.8,6.5,208.0,16.9,Thursday,0,0,8,0,No Action,16.8,15.79,100.0
2026-05-21,REST002,Urban Spoon Bistro,P006,Potatoes,Vegetables,172,0,51,51,0,6,115,2,0.7,2.5,127.5,16.9,Thursday,0,0,14,0,No Action,4.2,10.53,100.0
2026-05-21,REST002,Urban Spoon Bistro,P007,Bread,Bakery,21,118,46,46,0,8,85,1,1.2,3.0,138.0,16.9,Thursday,0,0,12,0,No Action,9.6,14.81,100.0
2026-05-21,REST002,Urban Spoon Bistro,P008,Salmon Fillet,Seafood,76,0,20,20,0,3,53,2,6.5,14.5,290.0,16.9,Thursday,0,0,6,0,No Action,19.5,13.04,100.0
2026-05-21,REST002,Urban Spoon Bistro,P009,Avocado,Vegetables,57,58,27,27,0,4,84,2,1.5,4.2,113.4,16.9,Thursday,0,0,7,0,No Action,6.0,12.9,100.0
2026-05-21,REST002,Urban Spoon Bistro,P010,Pasta,Dry Goods,158,162,50,50,0,3,267,4,0.9,3.0,150.0,16.9,Thursday,0,0,14,0,No Action,2.7,5.66,100.0
2026-05-22,REST002,Urban Spoon Bistro,P001,Chicken Breast,Meat,95,142,46,46,0,9,182,3,4.2,9.5,437.0,20.1,Friday,0,0,12,0,No Action,37.8,16.36,100.0
2026-05-22,REST002,Urban Spoon Bistro,P002,Tomatoes,Vegetables,107,138,59,59,0,14,172,2,1.1,3.2,188.8,20.1,Friday,0,0,16,0,No Action,15.4,19.18,100.0
2026-05-22,REST002,Urban Spoon Bistro,P003,Rice,Dry Goods,228,206,75,75,0,3,356,4,0.8,2.8,210.0,20.1,Friday,0,0,18,0,No Action,2.4,3.85,100.0
2026-05-22,REST002,Urban Spoon Bistro,P004,Milk,Dairy,117,0,44,44,0,3,70,2,1.0,2.4,105.6,20.1,Friday,0,0,10,18,Auto-Order,3.0,6.38,100.0
2026-05-22,REST002,Urban Spoon Bistro,P005,Cheese,Dairy,118,0,31,31,0,3,84,3,2.8,6.5,201.5,20.1,Friday,0,0,8,0,No Action,8.4,8.82,100.0
2026-05-22,REST002,Urban Spoon Bistro,P006,Potatoes,Vegetables,115,116,59,59,0,8,164,2,0.7,2.5,147.5,20.1,Friday,0,0,14,0,No Action,5.6,11.94,100.0
2026-05-22,REST002,Urban Spoon Bistro,P007,Bread,Bakery,85,0,40,40,0,4,41,1,1.2,3.0,120.0,20.1,Friday,0,0,12,40,Auto-Order,4.8,9.09,100.0
2026-05-22,REST002,Urban Spoon Bistro,P008,Salmon Fillet,Seafood,53,0,25,25,0,2,26,2,6.5,14.5,362.5,20.1,Friday,0,0,6,25,Auto-Order,13.0,7.41,100.0
2026-05-22,REST002,Urban Spoon Bistro,P009,Avocado,Vegetables,84,0,29,29,0,4,51,2,1.5,4.2,121.8,20.1,Friday,0,0,7,10,Auto-Order,6.0,12.12,100.0
2026-05-22,REST002,Urban Spoon Bistro,P010,Pasta,Dry Goods,267,0,46,46,0,0,221,4,0.9,3.0,138.0,20.1,Friday,0,0,14,0,No Action,0.0,0.0,100.0
2026-05-23,REST002,Urban Spoon Bistro,P001,Chicken Breast,Meat,182,0,51,51,0,6,125,3,4.2,9.5,484.5,18.1,Saturday,1,0,12,0,No Action,25.2,10.53,100.0
2026-05-23,REST002,Urban Spoon Bistro,P002,Tomatoes,Vegetables,172,0,68,68,0,10,94,2,1.1,3.2,217.6,18.1,Saturday,1,0,16,37,Auto-Order,11.0,12.82,100.0
2026-05-23,REST002,Urban Spoon Bistro,P003,Rice,Dry Goods,356,0,81,81,0,1,274,4,0.8,2.8,226.8,18.1,Saturday,1,0,18,0,No Action,0.8,1.22,100.0
2026-05-23,REST002,Urban Spoon Bistro,P004,Milk,Dairy,70,100,44,44,0,6,120,2,1.0,2.4,105.6,18.1,Saturday,1,0,10,0,No Action,6.0,12.0,100.0
2026-05-23,REST002,Urban Spoon Bistro,P005,Cheese,Dairy,84,82,36,36,0,4,126,3,2.8,6.5,234.0,18.1,Saturday,1,0,8,0,No Action,11.2,10.0,100.0
2026-05-23,REST002,Urban Spoon Bistro,P006,Potatoes,Vegetables,164,24,63,63,0,7,118,2,0.7,2.5,157.5,18.1,Saturday,1,0,14,3,Auto-Order,4.9,10.0,100.0
2026-05-23,REST002,Urban Spoon Bistro,P007,Bread,Bakery,41,95,49,49,0,9,78,1,1.2,3.0,147.0,18.1,Saturday,1,0,12,3,Auto-Order,10.8,15.52,100.0
2026-05-23,REST002,Urban Spoon Bistro,P008,Salmon Fillet,Seafood,26,68,39,39,0,4,51,2,6.5,14.5,565.5,18.1,Saturday,1,1,6,0,No Action,26.0,9.3,100.0
2026-05-23,REST002,Urban Spoon Bistro,P009,Avocado,Vegetables,51,64,35,35,0,5,75,2,1.5,4.2,147.0,18.1,Saturday,1,0,7,0,No Action,7.5,12.5,100.0
2026-05-23,REST002,Urban Spoon Bistro,P010,Pasta,Dry Goods,221,0,65,65,0,2,154,4,0.9,3.0,195.0,18.1,Saturday,1,0,14,0,No Action,1.8,2.99,100.0
2026-05-24,REST002,Urban Spoon Bistro,P001,Chicken Breast,Meat,125,116,55,55,0,9,177,3,4.2,9.5,522.5,18.8,Sunday,1,0,12,0,No Action,37.8,14.06,100.0
2026-05-24,REST002,Urban Spoon Bistro,P002,Tomatoes,Vegetables,94,151,66,66,0,12,167,2,1.1,3.2,211.2,18.8,Sunday,1,0,16,0,No Action,13.2,15.38,100.0
2026-05-24,REST002,Urban Spoon Bistro,P003,Rice,Dry Goods,274,0,76,76,0,2,196,4,0.8,2.8,212.8,18.8,Sunday,1,0,18,0,No Action,1.6,2.56,100.0
2026-05-24,REST002,Urban Spoon Bistro,P004,Milk,Dairy,120,0,44,44,0,4,72,2,1.0,2.4,105.6,18.8,Sunday,1,0,10,5,Auto-Order,4.0,8.33,100.0
2026-05-24,REST002,Urban Spoon Bistro,P005,Cheese,Dairy,126,0,34,34,0,3,89,3,2.8,6.5,221.0,18.8,Sunday,1,0,8,0,No Action,8.4,8.11,100.0
2026-05-24,REST002,Urban Spoon Bistro,P006,Potatoes,Vegetables,118,111,62,62,0,7,160,2,0.7,2.5,155.0,18.8,Sunday,1,0,14,0,No Action,4.9,10.14,100.0
2026-05-24,REST002,Urban Spoon Bistro,P007,Bread,Bakery,78,0,52,52,0,4,22,1,1.2,3.0,156.0,18.8,Sunday,1,0,12,50,Auto-Order,4.8,7.14,100.0
2026-05-24,REST002,Urban Spoon Bistro,P008,Salmon Fillet,Seafood,51,0,31,31,0,3,17,2,6.5,14.5,449.5,18.8,Sunday,1,0,6,27,Auto-Order,19.5,8.82,100.0
2026-05-24,REST002,Urban Spoon Bistro,P009,Avocado,Vegetables,75,0,32,32,0,4,39,2,1.5,4.2,134.4,18.8,Sunday,1,0,7,14,Auto-Order,6.0,11.11,100.0
2026-05-24,REST002,Urban Spoon Bistro,P010,Pasta,Dry Goods,154,171,57,57,0,2,266,4,0.9,3.0,171.0,18.8,Sunday,1,0,14,0,No Action,1.8,3.39,100.0
2026-05-25,REST002,Urban Spoon Bistro,P001,Chicken Breast,Meat,177,0,56,56,0,8,113,3,4.2,9.5,532.0,17.1,Monday,0,1,12,0,No Action,33.6,12.5,100.0
2026-05-25,REST002,Urban Spoon Bistro,P002,Tomatoes,Vegetables,167,22,53,53,0,10,126,2,1.1,3.2,169.6,17.1,Monday,0,0,16,0,No Action,11.0,15.87,100.0
2026-05-25,REST002,Urban Spoon Bistro,P003,Rice,Dry Goods,196,231,78,78,0,3,346,4,0.8,2.8,218.4,17.1,Monday,0,0,18,0,No Action,2.4,3.7,100.0
2026-05-25,REST002,Urban Spoon Bistro,P004,Milk,Dairy,72,97,41,41,0,7,121,2,1.0,2.4,98.4,17.1,Monday,0,0,10,0,No Action,7.0,14.58,100.0
2026-05-25,REST002,Urban Spoon Bistro,P005,Cheese,Dairy,89,0,30,30,0,2,57,3,2.8,6.5,195.0,17.1,Monday,0,0,8,12,Auto-Order,5.6,6.25,100.0
2026-05-25,REST002,Urban Spoon Bistro,P006,Potatoes,Vegetables,160,0,54,54,0,6,100,2,0.7,2.5,135.0,17.1,Monday,0,0,14,7,Auto-Order,4.2,10.0,100.0
2026-05-25,REST002,Urban Spoon Bistro,P007,Bread,Bakery,22,120,46,46,0,8,88,1,1.2,3.0,138.0,17.1,Monday,0,0,12,0,No Action,9.6,14.81,100.0
2026-05-25,REST002,Urban Spoon Bistro,P008,Salmon Fillet,Seafood,17,81,23,23,0,5,70,2,6.5,14.5,333.5,17.1,Monday,0,0,6,0,No Action,32.5,17.86,100.0
2026-05-25,REST002,Urban Spoon Bistro,P009,Avocado,Vegetables,39,74,26,26,0,4,83,2,1.5,4.2,109.2,17.1,Monday,0,0,7,0,No Action,6.0,13.33,100.0
2026-05-25,REST002,Urban Spoon Bistro,P010,Pasta,Dry Goods,266,0,55,55,0,1,210,4,0.9,3.0,165.0,17.1,Monday,0,0,14,0,No Action,0.9,1.79,100.0
2026-05-26,REST002,Urban Spoon Bistro,P001,Chicken Breast,Meat,113,133,42,42,0,9,195,3,4.2,9.5,399.0,18.3,Tuesday,0,0,12,0,No Action,37.8,17.65,100.0
2026-05-26,REST002,Urban Spoon Bistro,P002,Tomatoes,Vegetables,126,128,65,65,0,11,178,2,1.1,3.2,208.0,18.3,Tuesday,0,0,16,0,No Action,12.1,14.47,100.0
2026-05-26,REST002,Urban Spoon Bistro,P003,Rice,Dry Goods,346,0,62,62,0,3,281,4,0.8,2.8,173.6,18.3,Tuesday,0,0,18,0,No Action,2.4,4.62,100.0
2026-05-26,REST002,Urban Spoon Bistro,P004,Milk,Dairy,121,0,48,48,0,2,71,2,1.0,2.4,115.2,18.3,Tuesday,0,1,10,6,Auto-Order,2.0,4.0,100.0
2026-05-26,REST002,Urban Spoon Bistro,P005,Cheese,Dairy,57,101,33,33,0,5,120,3,2.8,6.5,214.5,18.3,Tuesday,0,0,8,0,No Action,14.0,13.16,100.0
2026-05-26,REST002,Urban Spoon Bistro,P006,Potatoes,Vegetables,100,132,54,54,0,8,170,2,0.7,2.5,135.0,18.3,Tuesday,0,0,14,0,No Action,5.6,12.9,100.0
2026-05-26,REST002,Urban Spoon Bistro,P007,Bread,Bakery,88,0,46,46,0,5,37,1,1.2,3.0,138.0,18.3,Tuesday,0,0,12,35,Auto-Order,6.0,9.8,100.0
2026-05-26,REST002,Urban Spoon Bistro,P008,Salmon Fillet,Seafood,70,0,25,25,0,3,42,2,6.5,14.5,362.5,18.3,Tuesday,0,0,6,2,Auto-Order,19.5,10.71,100.0
2026-05-26,REST002,Urban Spoon Bistro,P009,Avocado,Vegetables,83,0,29,29,0,3,51,2,1.5,4.2,121.8,18.3,Tuesday,0,0,7,2,Auto-Order,4.5,9.38,100.0
2026-05-26,REST002,Urban Spoon Bistro,P010,Pasta,Dry Goods,210,0,53,53,0,2,155,4,0.9,3.0,159.0,18.3,Tuesday,0,0,14,0,No Action,1.8,3.64,100.0
2026-05-27,REST002,Urban Spoon Bistro,P001,Chicken Breast,Meat,195,0,40,40,0,6,149,3,4.2,9.5,380.0,17.1,Wednesday,0,0,12,0,No Action,25.2,13.04,100.0
2026-05-27,REST002,Urban Spoon Bistro,P002,Tomatoes,Vegetables,178,0,58,58,0,9,111,2,1.1,3.2,185.6,17.1,Wednesday,0,0,16,4,Auto-Order,9.9,13.43,100.0
2026-05-27,REST002,Urban Spoon Bistro,P003,Rice,Dry Goods,281,0,67,67,0,2,212,4,0.8,2.8,187.6,17.1,Wednesday,0,0,18,0,No Action,1.6,2.9,100.0
2026-05-27,REST002,Urban Spoon Bistro,P004,Milk,Dairy,71,96,40,40,0,5,122,2,1.0,2.4,96.0,17.1,Wednesday,0,0,10,0,No Action,5.0,11.11,100.0
2026-05-27,REST002,Urban Spoon Bistro,P005,Cheese,Dairy,120,0,30,30,0,4,86,3,2.8,6.5,195.0,17.1,Wednesday,0,0,8,0,No Action,11.2,11.76,100.0
2026-05-27,REST002,Urban Spoon Bistro,P006,Potatoes,Vegetables,170,0,55,55,0,6,109,2,0.7,2.5,137.5,17.1,Wednesday,0,0,14,0,No Action,4.2,9.84,100.0
2026-05-27,REST002,Urban Spoon Bistro,P007,Bread,Bakery,37,96,40,40,0,9,84,1,1.2,3.0,120.0,17.1,Wednesday,0,0,12,0,No Action,10.8,18.37,100.0
2026-05-27,REST002,Urban Spoon Bistro,P008,Salmon Fillet,Seafood,42,56,25,25,0,2,71,2,6.5,14.5,362.5,17.1,Wednesday,0,0,6,0,No Action,13.0,7.41,100.0
2026-05-27,REST002,Urban Spoon Bistro,P009,Avocado,Vegetables,51,71,30,30,0,5,87,2,1.5,4.2,126.0,17.1,Wednesday,0,0,7,0,No Action,7.5,14.29,100.0
2026-05-27,REST002,Urban Spoon Bistro,P010,Pasta,Dry Goods,155,164,52,52,0,4,263,4,0.9,3.0,156.0,17.1,Wednesday,0,0,14,0,No Action,3.6,7.14,100.0
2026-05-28,REST002,Urban Spoon Bistro,P001,Chicken Breast,Meat,149,0,43,43,0,5,101,3,4.2,9.5,408.5,20.7,Thursday,0,0,12,2,Auto-Order,21.0,10.42,100.0
2026-05-28,REST002,Urban Spoon Bistro,P002,Tomatoes,Vegetables,111,143,62,62,0,12,180,2,1.1,3.2,198.4,20.7,Thursday,0,0,16,0,No Action,13.2,16.22,100.0
2026-05-28,REST002,Urban Spoon Bistro,P003,Rice,Dry Goods,212,219,70,70,0,3,358,4,0.8,2.8,196.0,20.7,Thursday,0,0,18,0,No Action,2.4,4.11,100.0
2026-05-28,REST002,Urban Spoon Bistro,P004,Milk,Dairy,122,0,35,35,0,4,83,2,1.0,2.4,84.0,20.7,Thursday,0,0,10,0,No Action,4.0,10.26,100.0
2026-05-28,REST002,Urban Spoon Bistro,P005,Cheese,Dairy,86,79,30,30,0,6,129,3,2.8,6.5,195.0,20.7,Thursday,0,0,8,0,No Action,16.8,16.67,100.0
2026-05-28,REST002,Urban Spoon Bistro,P006,Potatoes,Vegetables,109,120,50,50,0,7,172,2,0.7,2.5,125.0,20.7,Thursday,0,0,14,0,No Action,4.9,12.28,100.0
2026-05-28,REST002,Urban Spoon Bistro,P007,Bread,Bakery,84,0,54,54,0,7,23,1,1.2,3.0,162.0,20.7,Thursday,0,1,12,49,Auto-Order,8.4,11.48,100.0
2026-05-28,REST002,Urban Spoon Bistro,P008,Salmon Fillet,Seafood,71,0,26,26,0,3,42,2,6.5,14.5,377.0,20.7,Thursday,0,0,6,2,Auto-Order,19.5,10.34,100.0
2026-05-28,REST002,Urban Spoon Bistro,P009,Avocado,Vegetables,87,0,30,30,0,4,53,2,1.5,4.2,126.0,20.7,Thursday,0,0,7,0,No Action,6.0,11.76,100.0
2026-05-28,REST002,Urban Spoon Bistro,P010,Pasta,Dry Goods,263,0,56,56,0,2,205,4,0.9,3.0,168.0,20.7,Thursday,0,0,14,0,No Action,1.8,3.45,100.0
2026-05-29,REST002,Urban Spoon Bistro,P001,Chicken Breast,Meat,101,135,48,48,0,8,180,3,4.2,9.5,456.0,17.8,Friday,0,0,12,0,No Action,33.6,14.29,100.0
2026-05-29,REST002,Urban Spoon Bistro,P002,Tomatoes,Vegetables,180,0,66,66,0,10,104,2,1.1,3.2,211.2,17.8,Friday,0,0,16,27,Auto-Order,11.0,13.16,100.0
2026-05-29,REST002,Urban Spoon Bistro,P003,Rice,Dry Goods,358,0,69,69,0,3,286,4,0.8,2.8,193.2,17.8,Friday,0,0,18,0,No Action,2.4,4.17,100.0
2026-05-29,REST002,Urban Spoon Bistro,P004,Milk,Dairy,83,83,39,39,0,7,120,2,1.0,2.4,93.6,17.8,Friday,0,0,10,0,No Action,7.0,15.22,100.0
2026-05-29,REST002,Urban Spoon Bistro,P005,Cheese,Dairy,129,0,26,26,0,3,100,3,2.8,6.5,169.0,17.8,Friday,0,0,8,0,No Action,8.4,10.34,100.0
2026-05-29,REST002,Urban Spoon Bistro,P006,Potatoes,Vegetables,172,0,62,62,0,7,103,2,0.7,2.5,155.0,17.8,Friday,0,0,14,18,Auto-Order,4.9,10.14,100.0
2026-05-29,REST002,Urban Spoon Bistro,P007,Bread,Bakery,23,115,43,43,0,8,87,1,1.2,3.0,129.0,17.8,Friday,0,0,12,0,No Action,9.6,15.69,100.0
2026-05-29,REST002,Urban Spoon Bistro,P008,Salmon Fillet,Seafood,42,55,26,26,0,4,67,2,6.5,14.5,377.0,17.8,Friday,0,0,6,0,No Action,26.0,13.33,100.0
2026-05-29,REST002,Urban Spoon Bistro,P009,Avocado,Vegetables,53,65,28,28,0,7,83,2,1.5,4.2,117.6,17.8,Friday,0,0,7,0,No Action,10.5,20.0,100.0
2026-05-29,REST002,Urban Spoon Bistro,P010,Pasta,Dry Goods,205,0,58,58,0,2,145,4,0.9,3.0,174.0,17.8,Friday,0,0,14,0,No Action,1.8,3.33,100.0
2026-05-30,REST002,Urban Spoon Bistro,P001,Chicken Breast,Meat,180,0,50,50,0,8,122,3,4.2,9.5,475.0,19.4,Saturday,1,0,12,0,No Action,33.6,13.79,100.0
2026-05-30,REST002,Urban Spoon Bistro,P002,Tomatoes,Vegetables,104,147,74,74,0,12,165,2,1.1,3.2,236.8,19.4,Saturday,1,0,16,0,No Action,13.2,13.95,100.0
2026-05-30,REST002,Urban Spoon Bistro,P003,Rice,Dry Goods,286,0,76,76,0,3,207,4,0.8,2.8,212.8,19.4,Saturday,1,0,18,0,No Action,2.4,3.8,100.0
2026-05-30,REST002,Urban Spoon Bistro,P004,Milk,Dairy,120,0,43,43,0,5,72,2,1.0,2.4,103.2,19.4,Saturday,1,0,10,16,Auto-Order,5.0,10.42,100.0
2026-05-30,REST002,Urban Spoon Bistro,P005,Cheese,Dairy,100,0,45,45,0,4,51,3,2.8,6.5,292.5,19.4,Saturday,1,1,8,27,Auto-Order,11.2,8.16,100.0
2026-05-30,REST002,Urban Spoon Bistro,P006,Potatoes,Vegetables,103,128,65,65,0,7,159,2,0.7,2.5,162.5,19.4,Saturday,1,0,14,0,No Action,4.9,9.72,100.0
2026-05-30,REST002,Urban Spoon Bistro,P007,Bread,Bakery,87,0,52,52,0,5,30,1,1.2,3.0,156.0,19.4,Saturday,1,0,12,51,Manager Review,6.0,8.77,100.0
2026-05-30,REST002,Urban Spoon Bistro,P008,Salmon Fillet,Seafood,67,0,30,30,0,2,35,2,6.5,14.5,435.0,19.4,Saturday,1,0,6,16,Auto-Order,13.0,6.25,100.0
2026-05-30,REST002,Urban Spoon Bistro,P009,Avocado,Vegetables,83,0,30,30,0,3,50,2,1.5,4.2,126.0,19.4,Saturday,1,0,7,11,Auto-Order,4.5,9.09,100.0
2026-05-30,REST002,Urban Spoon Bistro,P010,Pasta,Dry Goods,145,174,56,56,0,2,261,4,0.9,3.0,168.0,19.4,Saturday,1,0,14,0,No Action,1.8,3.45,100.0
2026-05-31,REST002,Urban Spoon Bistro,P001,Chicken Breast,Meat,122,117,55,55,0,9,175,3,4.2,9.5,522.5,21.3,Sunday,1,0,12,0,No Action,37.8,14.06,100.0
2026-05-31,REST002,Urban Spoon Bistro,P002,Tomatoes,Vegetables,165,0,74,74,0,10,81,2,1.1,3.2,236.8,21.3,Sunday,1,0,16,34,Auto-Order,11.0,11.9,100.0
2026-05-31,REST002,Urban Spoon Bistro,P003,Rice,Dry Goods,207,232,72,72,0,4,363,4,0.8,2.8,201.6,21.3,Sunday,1,0,18,0,No Action,3.2,5.26,100.0
2026-05-31,REST002,Urban Spoon Bistro,P004,Milk,Dairy,72,95,48,48,0,5,114,2,1.0,2.4,115.2,21.3,Sunday,1,0,10,0,No Action,5.0,9.43,100.0
2026-05-31,REST002,Urban Spoon Bistro,P005,Cheese,Dairy,51,111,45,45,0,5,112,3,2.8,6.5,292.5,21.3,Sunday,1,1,8,0,No Action,14.0,10.0,100.0
2026-05-31,REST002,Urban Spoon Bistro,P006,Potatoes,Vegetables,159,0,69,69,0,7,83,2,0.7,2.5,172.5,21.3,Sunday,1,0,14,24,Auto-Order,4.9,9.21,100.0
2026-05-31,REST002,Urban Spoon Bistro,P007,Bread,Bakery,30,110,49,49,0,7,84,1,1.2,3.0,147.0,21.3,Sunday,1,0,12,0,No Action,8.4,12.5,100.0
2026-05-31,REST002,Urban Spoon Bistro,P008,Salmon Fillet,Seafood,35,60,42,42,0,2,51,2,6.5,14.5,609.0,21.3,Sunday,1,1,6,0,No Action,13.0,4.55,100.0
2026-05-31,REST002,Urban Spoon Bistro,P009,Avocado,Vegetables,50,72,38,38,0,6,78,2,1.5,4.2,159.6,21.3,Sunday,1,0,7,0,No Action,9.0,13.64,100.0
2026-05-31,REST002,Urban Spoon Bistro,P010,Pasta,Dry Goods,261,0,57,57,0,2,202,4,0.9,3.0,171.0,21.3,Sunday,1,0,14,0,No Action,1.8,3.39,100.0
2026-06-01,REST002,Urban Spoon Bistro,P001,Chicken Breast,Meat,175,0,49,49,0,6,120,3,4.2,9.5,465.5,20.4,Monday,0,0,12,0,No Action,25.2,10.91,100.0
2026-06-01,REST002,Urban Spoon Bistro,P002,Tomatoes,Vegetables,81,164,66,66,0,13,166,2,1.1,3.2,211.2,20.4,Monday,0,0,16,0,No Action,14.3,16.46,100.0
2026-06-01,REST002,Urban Spoon Bistro,P003,Rice,Dry Goods,363,0,69,69,0,3,291,4,0.8,2.8,193.2,20.4,Monday,0,0,18,0,No Action,2.4,4.17,100.0
2026-06-01,REST002,Urban Spoon Bistro,P004,Milk,Dairy,114,0,41,41,0,3,70,2,1.0,2.4,98.4,20.4,Monday,0,0,10,7,Auto-Order,3.0,6.82,100.0
2026-06-01,REST002,Urban Spoon Bistro,P005,Cheese,Dairy,112,0,28,28,0,6,78,3,2.8,6.5,182.0,20.4,Monday,0,0,8,0,No Action,16.8,17.65,100.0
2026-06-01,REST002,Urban Spoon Bistro,P006,Potatoes,Vegetables,83,145,54,54,0,7,167,2,0.7,2.5,135.0,20.4,Monday,0,0,14,0,No Action,4.9,11.48,100.0
2026-06-01,REST002,Urban Spoon Bistro,P007,Bread,Bakery,84,12,41,41,0,5,50,1,1.2,3.0,123.0,20.4,Monday,0,0,12,22,Auto-Order,6.0,10.87,100.0
2026-06-01,REST002,Urban Spoon Bistro,P008,Salmon Fillet,Seafood,51,0,30,30,0,2,19,2,6.5,14.5,435.0,20.4,Monday,0,0,6,25,Auto-Order,13.0,6.25,100.0
2026-06-01,REST002,Urban Spoon Bistro,P009,Avocado,Vegetables,78,0,32,32,0,3,43,2,1.5,4.2,134.4,20.4,Monday,0,0,7,10,Auto-Order,4.5,8.57,100.0
2026-06-01,REST002,Urban Spoon Bistro,P010,Pasta,Dry Goods,202,0,59,59,0,2,141,4,0.9,3.0,177.0,20.4,Monday,0,1,14,0,No Action,1.8,3.28,100.0
2026-06-02,REST002,Urban Spoon Bistro,P001,Chicken Breast,Meat,120,120,47,47,0,8,185,3,4.2,9.5,446.5,16.6,Tuesday,0,0,12,0,No Action,33.6,14.55,100.0
2026-06-02,REST002,Urban Spoon Bistro,P002,Tomatoes,Vegetables,166,0,60,60,0,8,98,2,1.1,3.2,192.0,16.6,Tuesday,0,0,16,17,Auto-Order,8.8,11.76,100.0
2026-06-02,REST002,Urban Spoon Bistro,P003,Rice,Dry Goods,291,0,94,94,0,2,195,4,0.8,2.8,263.2,16.6,Tuesday,0,1,18,0,No Action,1.6,2.08,100.0
2026-06-02,REST002,Urban Spoon Bistro,P004,Milk,Dairy,70,97,38,38,0,6,123,2,1.0,2.4,91.2,16.6,Tuesday,0,0,10,0,No Action,6.0,13.64,100.0
2026-06-02,REST002,Urban Spoon Bistro,P005,Cheese,Dairy,78,83,44,44,0,5,112,3,2.8,6.5,286.0,16.6,Tuesday,0,1,8,0,No Action,14.0,10.2,100.0
2026-06-02,REST002,Urban Spoon Bistro,P006,Potatoes,Vegetables,167,0,54,54,0,5,108,2,0.7,2.5,135.0,16.6,Tuesday,0,0,14,0,No Action,3.5,8.47,100.0
2026-06-02,REST002,Urban Spoon Bistro,P007,Bread,Bakery,50,93,42,42,0,6,95,1,1.2,3.0,126.0,16.6,Tuesday,0,0,12,0,No Action,7.2,12.5,100.0
2026-06-02,REST002,Urban Spoon Bistro,P008,Salmon Fillet,Seafood,19,72,23,23,0,4,64,2,6.5,14.5,333.5,16.6,Tuesday,0,0,6,0,No Action,26.0,14.81,100.0
2026-06-02,REST002,Urban Spoon Bistro,P009,Avocado,Vegetables,43,80,27,27,0,4,92,2,1.5,4.2,113.4,16.6,Tuesday,0,0,7,0,No Action,6.0,12.9,100.0
2026-06-02,REST002,Urban Spoon Bistro,P010,Pasta,Dry Goods,141,180,49,49,0,4,268,4,0.9,3.0,147.0,16.6,Tuesday,0,0,14,0,No Action,3.6,7.55,100.0
2026-06-03,REST002,Urban Spoon Bistro,P001,Chicken Breast,Meat,185,0,45,45,0,7,133,3,4.2,9.5,427.5,14.6,Wednesday,0,0,12,0,No Action,29.4,13.46,100.0
2026-06-03,REST002,Urban Spoon Bistro,P002,Tomatoes,Vegetables,98,152,55,55,0,12,183,2,1.1,3.2,176.0,14.6,Wednesday,0,0,16,0,No Action,13.2,17.91,100.0
2026-06-03,REST002,Urban Spoon Bistro,P003,Rice,Dry Goods,195,241,69,69,0,2,365,4,0.8,2.8,193.2,14.6,Wednesday,0,0,18,0,No Action,1.6,2.82,100.0
2026-06-03,REST002,Urban Spoon Bistro,P004,Milk,Dairy,123,0,40,40,0,5,78,2,1.0,2.4,96.0,14.6,Wednesday,0,0,10,0,No Action,5.0,11.11,100.0
2026-06-03,REST002,Urban Spoon Bistro,P005,Cheese,Dairy,112,0,30,30,0,4,78,3,2.8,6.5,195.0,14.6,Wednesday,0,0,8,0,No Action,11.2,11.76,100.0
2026-06-03,REST002,Urban Spoon Bistro,P006,Potatoes,Vegetables,108,128,55,55,0,9,172,2,0.7,2.5,137.5,14.6,Wednesday,0,0,14,0,No Action,6.3,14.06,100.0
2026-06-03,REST002,Urban Spoon Bistro,P007,Bread,Bakery,95,0,43,43,0,6,46,1,1.2,3.0,129.0,14.6,Wednesday,0,0,12,26,Auto-Order,7.2,12.24,100.0
2026-06-03,REST002,Urban Spoon Bistro,P008,Salmon Fillet,Seafood,64,0,22,22,0,4,38,2,6.5,14.5,319.0,14.6,Wednesday,0,0,6,6,Auto-Order,26.0,15.38,100.0
2026-06-03,REST002,Urban Spoon Bistro,P009,Avocado,Vegetables,92,0,28,28,0,3,61,2,1.5,4.2,117.6,14.6,Wednesday,0,0,7,0,No Action,4.5,9.68,100.0
2026-06-03,REST002,Urban Spoon Bistro,P010,Pasta,Dry Goods,268,0,58,58,0,2,208,4,0.9,3.0,174.0,14.6,Wednesday,0,0,14,0,No Action,1.8,3.33,100.0
2026-06-04,REST002,Urban Spoon Bistro,P001,Chicken Breast,Meat,133,0,43,43,0,5,85,3,4.2,9.5,408.5,18.2,Thursday,0,0,12,18,Auto-Order,21.0,10.42,100.0
2026-06-04,REST002,Urban Spoon Bistro,P002,Tomatoes,Vegetables,183,0,66,66,0,10,107,2,1.1,3.2,211.2,18.2,Thursday,0,0,16,8,Auto-Order,11.0,13.16,100.0
2026-06-04,REST002,Urban Spoon Bistro,P003,Rice,Dry Goods,365,0,71,71,0,3,291,4,0.8,2.8,198.8,18.2,Thursday,0,0,18,0,No Action,2.4,4.05,100.0
2026-06-04,REST002,Urban Spoon Bistro,P004,Milk,Dairy,78,90,44,44,0,6,118,2,1.0,2.4,105.6,18.2,Thursday,0,0,10,0,No Action,6.0,12.0,100.0
2026-06-04,REST002,Urban Spoon Bistro,P005,Cheese,Dairy,78,83,29,29,0,4,128,3,2.8,6.5,188.5,18.2,Thursday,0,0,8,0,No Action,11.2,12.12,100.0
2026-06-04,REST002,Urban Spoon Bistro,P006,Potatoes,Vegetables,172,0,52,52,0,7,113,2,0.7,2.5,130.0,18.2,Thursday,0,0,14,0,No Action,4.9,11.86,100.0
2026-06-04,REST002,Urban Spoon Bistro,P007,Bread,Bakery,46,96,47,47,0,7,88,1,1.2,3.0,141.0,18.2,Thursday,0,0,12,0,No Action,8.4,12.96,100.0
2026-06-04,REST002,Urban Spoon Bistro,P008,Salmon Fillet,Seafood,38,65,24,24,0,5,74,2,6.5,14.5,348.0,18.2,Thursday,0,0,6,0,No Action,32.5,17.24,100.0
2026-06-04,REST002,Urban Spoon Bistro,P009,Avocado,Vegetables,61,0,27,27,0,3,31,2,1.5,4.2,113.4,18.2,Thursday,0,0,7,22,Auto-Order,4.5,10.0,100.0
2026-06-04,REST002,Urban Spoon Bistro,P010,Pasta,Dry Goods,208,0,48,48,0,2,158,4,0.9,3.0,144.0,18.2,Thursday,0,0,14,0,No Action,1.8,4.0,100.0
2026-06-05,REST002,Urban Spoon Bistro,P001,Chicken Breast,Meat,85,158,40,40,0,9,194,3,4.2,9.5,380.0,16.7,Friday,0,0,12,0,No Action,37.8,18.37,100.0
2026-06-05,REST002,Urban Spoon Bistro,P002,Tomatoes,Vegetables,107,144,60,60,0,12,179,2,1.1,3.2,192.0,16.7,Friday,0,0,16,0,No Action,13.2,16.67,100.0
2026-06-05,REST002,Urban Spoon Bistro,P003,Rice,Dry Goods,291,32,67,67,0,3,253,4,0.8,2.8,187.6,16.7,Friday,0,0,18,0,No Action,2.4,4.29,100.0
2026-06-05,REST002,Urban Spoon Bistro,P004,Milk,Dairy,118,0,41,41,0,5,72,2,1.0,2.4,98.4,16.7,Friday,0,0,10,16,Auto-Order,5.0,10.87,100.0
2026-06-05,REST002,Urban Spoon Bistro,P005,Cheese,Dairy,128,0,26,26,0,4,98,3,2.8,6.5,169.0,16.7,Friday,0,0,8,0,No Action,11.2,13.33,100.0
2026-06-05,REST002,Urban Spoon Bistro,P006,Potatoes,Vegetables,113,124,55,55,0,9,173,2,0.7,2.5,137.5,16.7,Friday,0,0,14,0,No Action,6.3,14.06,100.0
2026-06-05,REST002,Urban Spoon Bistro,P007,Bread,Bakery,88,0,43,43,0,5,40,1,1.2,3.0,129.0,16.7,Friday,0,0,12,41,Auto-Order,6.0,10.42,100.0
2026-06-05,REST002,Urban Spoon Bistro,P008,Salmon Fillet,Seafood,74,0,22,22,0,3,49,2,6.5,14.5,319.0,16.7,Friday,0,0,6,2,Auto-Order,19.5,12.0,100.0
2026-06-05,REST002,Urban Spoon Bistro,P009,Avocado,Vegetables,31,82,25,25,0,6,82,2,1.5,4.2,105.0,16.7,Friday,0,0,7,0,No Action,9.0,19.35,100.0
2026-06-05,REST002,Urban Spoon Bistro,P010,Pasta,Dry Goods,158,164,50,50,0,4,268,4,0.9,3.0,150.0,16.7,Friday,0,0,14,0,No Action,3.6,7.41,100.0
2026-06-06,REST002,Urban Spoon Bistro,P001,Chicken Breast,Meat,194,0,53,53,0,7,134,3,4.2,9.5,503.5,17.1,Saturday,1,0,12,0,No Action,29.4,11.67,100.0
2026-06-06,REST002,Urban Spoon Bistro,P002,Tomatoes,Vegetables,179,0,62,62,0,9,108,2,1.1,3.2,198.4,17.1,Saturday,1,0,16,23,Auto-Order,9.9,12.68,100.0
2026-06-06,REST002,Urban Spoon Bistro,P003,Rice,Dry Goods,253,0,78,78,0,2,173,4,0.8,2.8,218.4,17.1,Saturday,1,0,18,5,Auto-Order,1.6,2.5,100.0
2026-06-06,REST002,Urban Spoon Bistro,P004,Milk,Dairy,72,101,42,42,0,5,126,2,1.0,2.4,100.8,17.1,Saturday,1,0,10,0,No Action,5.0,10.64,100.0
2026-06-06,REST002,Urban Spoon Bistro,P005,Cheese,Dairy,98,0,33,33,0,2,63,3,2.8,6.5,214.5,17.1,Saturday,1,0,8,15,Auto-Order,5.6,5.71,100.0
2026-06-06,REST002,Urban Spoon Bistro,P006,Potatoes,Vegetables,173,0,63,63,0,6,104,2,0.7,2.5,157.5,17.1,Saturday,1,0,14,17,Auto-Order,4.2,8.7,100.0
2026-06-06,REST002,Urban Spoon Bistro,P007,Bread,Bakery,40,98,55,55,0,8,75,1,1.2,3.0,165.0,17.1,Saturday,1,0,12,6,Auto-Order,9.6,12.7,100.0
2026-06-06,REST002,Urban Spoon Bistro,P008,Salmon Fillet,Seafood,49,53,36,36,0,4,62,2,6.5,14.5,522.0,17.1,Saturday,1,1,6,0,No Action,26.0,10.0,100.0
2026-06-06,REST002,Urban Spoon Bistro,P009,Avocado,Vegetables,82,0,29,29,0,3,50,2,1.5,4.2,121.8,17.1,Saturday,1,0,7,11,Auto-Order,4.5,9.38,100.0
2026-06-06,REST002,Urban Spoon Bistro,P010,Pasta,Dry Goods,268,0,59,59,0,2,207,4,0.9,3.0,177.0,17.1,Saturday,1,0,14,0,No Action,1.8,3.28,100.0
2026-06-07,REST002,Urban Spoon Bistro,P001,Chicken Breast,Meat,134,0,54,54,0,5,75,3,4.2,9.5,513.0,22.7,Sunday,1,0,12,28,Auto-Order,21.0,8.47,100.0
2026-06-07,REST002,Urban Spoon Bistro,P002,Tomatoes,Vegetables,108,143,80,80,0,13,158,2,1.1,3.2,256.0,22.7,Sunday,1,0,16,0,No Action,14.3,13.98,100.0
2026-06-07,REST002,Urban Spoon Bistro,P003,Rice,Dry Goods,173,255,79,79,0,4,345,4,0.8,2.8,221.2,22.7,Sunday,1,0,18,0,No Action,3.2,4.82,100.0
2026-06-07,REST002,Urban Spoon Bistro,P004,Milk,Dairy,126,0,47,47,0,3,76,2,1.0,2.4,112.8,22.7,Sunday,1,0,10,1,Auto-Order,3.0,6.0,100.0
2026-06-07,REST002,Urban Spoon Bistro,P005,Cheese,Dairy,63,103,35,35,0,4,127,3,2.8,6.5,227.5,22.7,Sunday,1,0,8,0,No Action,11.2,10.26,100.0
2026-06-07,REST002,Urban Spoon Bistro,P006,Potatoes,Vegetables,104,124,71,71,0,8,149,2,0.7,2.5,177.5,22.7,Sunday,1,0,14,0,No Action,5.6,10.13,100.0
2026-06-07,REST002,Urban Spoon Bistro,P007,Bread,Bakery,75,0,45,45,0,3,27,1,1.2,3.0,135.0,22.7,Sunday,1,0,12,45,Auto-Order,3.6,6.25,100.0
2026-06-07,REST002,Urban Spoon Bistro,P008,Salmon Fillet,Seafood,62,0,27,27,0,2,33,2,6.5,14.5,391.5,22.7,Sunday,1,0,6,11,Auto-Order,13.0,6.9,100.0
2026-06-07,REST002,Urban Spoon Bistro,P009,Avocado,Vegetables,50,66,33,33,0,7,76,2,1.5,4.2,138.6,22.7,Sunday,1,0,7,0,No Action,10.5,17.5,100.0
2026-06-07,REST002,Urban Spoon Bistro,P010,Pasta,Dry Goods,207,0,55,55,0,3,149,4,0.9,3.0,165.0,22.7,Sunday,1,0,14,0,No Action,2.7,5.17,100.0
2026-06-08,REST002,Urban Spoon Bistro,P001,Chicken Breast,Meat,75,166,47,47,0,8,186,3,4.2,9.5,446.5,21.4,Monday,0,0,12,0,No Action,33.6,14.55,100.0
2026-06-08,REST002,Urban Spoon Bistro,P002,Tomatoes,Vegetables,158,0,62,62,0,9,87,2,1.1,3.2,198.4,21.4,Monday,0,0,16,28,Auto-Order,9.9,12.68,100.0
2026-06-08,REST002,Urban Spoon Bistro,P003,Rice,Dry Goods,345,0,62,62,0,3,280,4,0.8,2.8,173.6,21.4,Monday,0,0,18,0,No Action,2.4,4.62,100.0
2026-06-08,REST002,Urban Spoon Bistro,P004,Milk,Dairy,76,98,37,37,0,7,130,2,1.0,2.4,88.8,21.4,Monday,0,0,10,0,No Action,7.0,15.91,100.0
2026-06-08,REST002,Urban Spoon Bistro,P005,Cheese,Dairy,127,0,31,31,0,4,92,3,2.8,6.5,201.5,21.4,Monday,0,0,8,0,No Action,11.2,11.43,100.0
2026-06-08,REST002,Urban Spoon Bistro,P006,Potatoes,Vegetables,149,0,57,57,0,7,85,2,0.7,2.5,142.5,21.4,Monday,0,0,14,22,Auto-Order,4.9,10.94,100.0
2026-06-08,REST002,Urban Spoon Bistro,P007,Bread,Bakery,27,114,45,45,0,7,89,1,1.2,3.0,135.0,21.4,Monday,0,0,12,0,No Action,8.4,13.46,100.0
2026-06-08,REST002,Urban Spoon Bistro,P008,Salmon Fillet,Seafood,33,61,26,26,0,4,64,2,6.5,14.5,377.0,21.4,Monday,0,0,6,0,No Action,26.0,13.33,100.0
2026-06-08,REST002,Urban Spoon Bistro,P009,Avocado,Vegetables,76,0,31,31,0,5,40,2,1.5,4.2,130.2,21.4,Monday,0,0,7,13,Auto-Order,7.5,13.89,100.0
2026-06-08,REST002,Urban Spoon Bistro,P010,Pasta,Dry Goods,149,180,49,49,0,3,277,4,0.9,3.0,147.0,21.4,Monday,0,0,14,0,No Action,2.7,5.77,100.0
2026-06-09,REST002,Urban Spoon Bistro,P001,Chicken Breast,Meat,186,0,50,50,0,6,130,3,4.2,9.5,475.0,20.9,Tuesday,0,0,12,0,No Action,25.2,10.71,100.0
2026-06-09,REST002,Urban Spoon Bistro,P002,Tomatoes,Vegetables,87,160,60,60,0,12,175,2,1.1,3.2,192.0,20.9,Tuesday,0,0,16,0,No Action,13.2,16.67,100.0
2026-06-09,REST002,Urban Spoon Bistro,P003,Rice,Dry Goods,280,0,68,68,0,2,210,4,0.8,2.8,190.4,20.9,Tuesday,0,0,18,0,No Action,1.6,2.86,100.0
2026-06-09,REST002,Urban Spoon Bistro,P004,Milk,Dairy,130,0,37,37,0,5,88,2,1.0,2.4,88.8,20.9,Tuesday,0,0,10,0,No Action,5.0,11.9,100.0
2026-06-09,REST002,Urban Spoon Bistro,P005,Cheese,Dairy,92,0,26,26,0,2,64,3,2.8,6.5,169.0,20.9,Tuesday,0,0,8,5,Auto-Order,5.6,7.14,100.0
2026-06-09,REST002,Urban Spoon Bistro,P006,Potatoes,Vegetables,85,153,53,53,0,8,177,2,0.7,2.5,132.5,20.9,Tuesday,0,0,14,0,No Action,5.6,13.11,100.0
2026-06-09,REST002,Urban Spoon Bistro,P007,Bread,Bakery,89,0,44,44,0,5,40,1,1.2,3.0,132.0,20.9,Tuesday,0,0,12,32,Auto-Order,6.0,10.2,100.0
2026-06-09,REST002,Urban Spoon Bistro,P008,Salmon Fillet,Seafood,64,0,23,23,0,4,37,2,6.5,14.5,333.5,20.9,Tuesday,0,0,6,7,Auto-Order,26.0,14.81,100.0
2026-06-09,REST002,Urban Spoon Bistro,P009,Avocado,Vegetables,40,74,27,27,0,4,83,2,1.5,4.2,113.4,20.9,Tuesday,0,0,7,0,No Action,6.0,12.9,100.0
2026-06-09,REST002,Urban Spoon Bistro,P010,Pasta,Dry Goods,277,0,49,49,0,2,226,4,0.9,3.0,147.0,20.9,Tuesday,0,0,14,0,No Action,1.8,3.92,100.0
2026-06-10,REST002,Urban Spoon Bistro,P001,Chicken Breast,Meat,130,0,46,46,0,5,79,3,4.2,9.5,437.0,22.5,Wednesday,0,0,12,24,Auto-Order,21.0,9.8,100.0
2026-06-10,REST002,Urban Spoon Bistro,P002,Tomatoes,Vegetables,175,0,65,65,0,9,101,2,1.1,3.2,208.0,22.5,Wednesday,0,0,16,14,Auto-Order,9.9,12.16,100.0
2026-06-10,REST002,Urban Spoon Bistro,P003,Rice,Dry Goods,210,229,63,63,0,3,373,4,0.8,2.8,176.4,22.5,Wednesday,0,0,18,0,No Action,2.4,4.55,100.0
2026-06-10,REST002,Urban Spoon Bistro,P004,Milk,Dairy,88,0,37,37,0,4,47,2,1.0,2.4,88.8,22.5,Wednesday,0,0,10,30,Auto-Order,4.0,9.76,100.0
2026-06-10,REST002,Urban Spoon Bistro,P005,Cheese,Dairy,64,102,43,43,0,5,118,3,2.8,6.5,279.5,22.5,Wednesday,0,1,8,0,No Action,14.0,10.42,100.0
2026-06-10,REST002,Urban Spoon Bistro,P006,Potatoes,Vegetables,177,0,52,52,0,6,119,2,0.7,2.5,130.0,22.5,Wednesday,0,0,14,0,No Action,4.2,10.34,100.0
2026-06-10,REST002,Urban Spoon Bistro,P007,Bread,Bakery,40,96,41,41,0,8,87,1,1.2,3.0,123.0,22.5,Wednesday,0,0,12,0,No Action,9.6,16.33,100.0
2026-06-10,REST002,Urban Spoon Bistro,P008,Salmon Fillet,Seafood,37,60,23,23,0,5,69,2,6.5,14.5,333.5,22.5,Wednesday,0,0,6,0,No Action,32.5,17.86,100.0
2026-06-10,REST002,Urban Spoon Bistro,P009,Avocado,Vegetables,83,0,33,33,0,4,46,2,1.5,4.2,138.6,22.5,Wednesday,0,0,7,7,Auto-Order,6.0,10.81,100.0
2026-06-10,REST002,Urban Spoon Bistro,P010,Pasta,Dry Goods,226,0,47,47,0,1,178,4,0.9,3.0,141.0,22.5,Wednesday,0,0,14,0,No Action,0.9,2.08,100.0
2026-06-11,REST002,Urban Spoon Bistro,P001,Chicken Breast,Meat,79,160,44,44,0,9,186,3,4.2,9.5,418.0,16.2,Thursday,0,0,12,0,No Action,37.8,16.98,100.0
2026-06-11,REST002,Urban Spoon Bistro,P002,Tomatoes,Vegetables,101,154,58,58,0,14,183,2,1.1,3.2,185.6,16.2,Thursday,0,0,16,0,No Action,15.4,19.44,100.0
2026-06-11,REST002,Urban Spoon Bistro,P003,Rice,Dry Goods,373,0,65,65,0,3,305,4,0.8,2.8,182.0,16.2,Thursday,0,0,18,0,No Action,2.4,4.41,100.0
2026-06-11,REST002,Urban Spoon Bistro,P004,Milk,Dairy,47,117,44,44,0,7,113,2,1.0,2.4,105.6,16.2,Thursday,0,1,10,0,No Action,7.0,13.73,100.0
2026-06-11,REST002,Urban Spoon Bistro,P005,Cheese,Dairy,118,0,30,30,0,3,85,3,2.8,6.5,195.0,16.2,Thursday,0,0,8,0,No Action,8.4,9.09,100.0
2026-06-11,REST002,Urban Spoon Bistro,P006,Potatoes,Vegetables,119,24,63,63,0,5,75,2,0.7,2.5,157.5,16.2,Thursday,0,0,14,32,Auto-Order,3.5,7.35,100.0
2026-06-11,REST002,Urban Spoon Bistro,P007,Bread,Bakery,87,0,45,45,0,5,37,1,1.2,3.0,135.0,16.2,Thursday,0,0,12,35,Auto-Order,6.0,10.0,100.0
2026-06-11,REST002,Urban Spoon Bistro,P008,Salmon Fillet,Seafood,69,0,20,20,0,4,45,2,6.5,14.5,290.0,16.2,Thursday,0,0,6,0,No Action,26.0,16.67,100.0
2026-06-11,REST002,Urban Spoon Bistro,P009,Avocado,Vegetables,46,68,28,28,0,4,82,2,1.5,4.2,117.6,16.2,Thursday,0,0,7,0,No Action,6.0,12.5,100.0
2026-06-11,REST002,Urban Spoon Bistro,P010,Pasta,Dry Goods,178,142,50,50,0,2,268,4,0.9,3.0,150.0,16.2,Thursday,0,0,14,0,No Action,1.8,3.85,100.0
2026-06-12,REST002,Urban Spoon Bistro,P001,Chicken Breast,Meat,186,0,51,51,0,6,129,3,4.2,9.5,484.5,19.4,Friday,0,0,12,0,No Action,25.2,10.53,100.0
2026-06-12,REST002,Urban Spoon Bistro,P002,Tomatoes,Vegetables,183,0,65,65,0,10,108,2,1.1,3.2,208.0,19.4,Friday,0,0,16,23,Auto-Order,11.0,13.33,100.0
2026-06-12,REST002,Urban Spoon Bistro,P003,Rice,Dry Goods,305,0,67,67,0,3,235,4,0.8,2.8,187.6,19.4,Friday,0,0,18,0,No Action,2.4,4.29,100.0
2026-06-12,REST002,Urban Spoon Bistro,P004,Milk,Dairy,113,0,41,41,0,3,69,2,1.0,2.4,98.4,19.4,Friday,0,0,10,19,Auto-Order,3.0,6.82,100.0
2026-06-12,REST002,Urban Spoon Bistro,P005,Cheese,Dairy,85,79,31,31,0,5,128,3,2.8,6.5,201.5,19.4,Friday,0,0,8,0,No Action,14.0,13.89,100.0
2026-06-12,REST002,Urban Spoon Bistro,P006,Potatoes,Vegetables,75,159,56,56,0,8,170,2,0.7,2.5,140.0,19.4,Friday,0,0,14,0,No Action,5.6,12.5,100.0
2026-06-12,REST002,Urban Spoon Bistro,P007,Bread,Bakery,37,106,42,42,0,8,93,1,1.2,3.0,126.0,19.4,Friday,0,0,12,0,No Action,9.6,16.0,100.0
2026-06-12,REST002,Urban Spoon Bistro,P008,Salmon Fillet,Seafood,45,51,29,29,0,3,64,2,6.5,14.5,420.5,19.4,Friday,0,1,6,0,No Action,19.5,9.38,100.0
2026-06-12,REST002,Urban Spoon Bistro,P009,Avocado,Vegetables,82,0,28,28,0,4,50,2,1.5,4.2,117.6,19.4,Friday,0,0,7,11,Auto-Order,6.0,12.5,100.0
2026-06-12,REST002,Urban Spoon Bistro,P010,Pasta,Dry Goods,268,0,48,48,0,1,219,4,0.9,3.0,144.0,19.4,Friday,0,0,14,0,No Action,0.9,2.04,100.0
2026-06-13,REST002,Urban Spoon Bistro,P001,Chicken Breast,Meat,129,112,73,73,0,8,160,3,4.2,9.5,693.5,18.4,Saturday,1,1,12,0,No Action,33.6,9.88,100.0
2026-06-13,REST002,Urban Spoon Bistro,P002,Tomatoes,Vegetables,108,145,72,72,0,13,168,2,1.1,3.2,230.4,18.4,Saturday,1,0,16,0,No Action,14.3,15.29,100.0
2026-06-13,REST002,Urban Spoon Bistro,P003,Rice,Dry Goods,235,195,75,75,0,3,352,4,0.8,2.8,210.0,18.4,Saturday,1,0,18,0,No Action,2.4,3.85,100.0
2026-06-13,REST002,Urban Spoon Bistro,P004,Milk,Dairy,69,102,49,49,0,6,116,2,1.0,2.4,117.6,18.4,Saturday,1,0,10,0,No Action,6.0,10.91,100.0
2026-06-13,REST002,Urban Spoon Bistro,P005,Cheese,Dairy,128,0,37,37,0,4,87,3,2.8,6.5,240.5,18.4,Saturday,1,0,8,0,No Action,11.2,9.76,100.0
2026-06-13,REST002,Urban Spoon Bistro,P006,Potatoes,Vegetables,170,0,55,55,0,7,108,2,0.7,2.5,137.5,18.4,Saturday,1,0,14,13,Auto-Order,4.9,11.29,100.0
2026-06-13,REST002,Urban Spoon Bistro,P007,Bread,Bakery,93,0,54,54,0,6,33,1,1.2,3.0,162.0,18.4,Saturday,1,0,12,48,Auto-Order,7.2,10.0,100.0
2026-06-13,REST002,Urban Spoon Bistro,P008,Salmon Fillet,Seafood,64,0,30,30,0,4,30,2,6.5,14.5,435.0,18.4,Saturday,1,0,6,21,Auto-Order,26.0,11.76,100.0
2026-06-13,REST002,Urban Spoon Bistro,P009,Avocado,Vegetables,50,68,38,38,0,6,74,2,1.5,4.2,159.6,18.4,Saturday,1,0,7,0,No Action,9.0,13.64,100.0
2026-06-13,REST002,Urban Spoon Bistro,P010,Pasta,Dry Goods,219,0,53,53,0,1,165,4,0.9,3.0,159.0,18.4,Saturday,1,0,14,0,No Action,0.9,1.85,100.0
2026-06-14,REST002,Urban Spoon Bistro,P001,Chicken Breast,Meat,160,0,52,52,0,5,103,3,4.2,9.5,494.0,24.6,Sunday,1,0,12,0,No Action,21.0,8.77,100.0
2026-06-14,REST002,Urban Spoon Bistro,P002,Tomatoes,Vegetables,168,0,74,74,0,7,87,2,1.1,3.2,236.8,24.6,Sunday,1,0,16,28,Auto-Order,7.7,8.64,100.0
2026-06-14,REST002,Urban Spoon Bistro,P003,Rice,Dry Goods,352,0,78,78,0,2,272,4,0.8,2.8,218.4,24.6,Sunday,1,0,18,0,No Action,1.6,2.5,100.0
2026-06-14,REST002,Urban Spoon Bistro,P004,Milk,Dairy,116,0,45,45,0,2,69,2,1.0,2.4,108.0,24.6,Sunday,1,0,10,8,Auto-Order,2.0,4.26,100.0
2026-06-14,REST002,Urban Spoon Bistro,P005,Cheese,Dairy,87,0,32,32,0,3,52,3,2.8,6.5,208.0,24.6,Sunday,1,0,8,17,Auto-Order,8.4,8.57,100.0
2026-06-14,REST002,Urban Spoon Bistro,P006,Potatoes,Vegetables,108,128,56,56,0,8,172,2,0.7,2.5,140.0,24.6,Sunday,1,0,14,0,No Action,5.6,12.5,100.0
2026-06-14,REST002,Urban Spoon Bistro,P007,Bread,Bakery,33,105,52,52,0,8,78,1,1.2,3.0,156.0,24.6,Sunday,1,0,12,0,No Action,9.6,13.33,100.0
2026-06-14,REST002,Urban Spoon Bistro,P008,Salmon Fillet,Seafood,30,67,27,27,0,4,66,2,6.5,14.5,391.5,24.6,Sunday,1,0,6,0,No Action,26.0,12.9,100.0
2026-06-14,REST002,Urban Spoon Bistro,P009,Avocado,Vegetables,74,0,33,33,0,3,38,2,1.5,4.2,138.6,24.6,Sunday,1,0,7,15,Auto-Order,4.5,8.33,100.0
2026-06-14,REST002,Urban Spoon Bistro,P010,Pasta,Dry Goods,165,165,59,59,0,4,267,4,0.9,3.0,177.0,24.6,Sunday,1,0,14,0,No Action,3.6,6.35,100.0
2026-06-15,REST002,Urban Spoon Bistro,P001,Chicken Breast,Meat,103,140,49,49,0,8,186,3,4.2,9.5,465.5,17.2,Monday,0,0,12,0,No Action,33.6,14.04,100.0
2026-06-15,REST002,Urban Spoon Bistro,P002,Tomatoes,Vegetables,87,166,61,61,0,13,179,2,1.1,3.2,195.2,17.2,Monday,0,0,16,0,No Action,14.3,17.57,100.0
2026-06-15,REST002,Urban Spoon Bistro,P003,Rice,Dry Goods,272,0,66,66,0,2,204,4,0.8,2.8,184.8,17.2,Monday,0,0,18,0,No Action,1.6,2.94,100.0
2026-06-15,REST002,Urban Spoon Bistro,P004,Milk,Dairy,69,99,38,38,0,6,124,2,1.0,2.4,91.2,17.2,Monday,0,0,10,0,No Action,6.0,13.64,100.0
2026-06-15,REST002,Urban Spoon Bistro,P005,Cheese,Dairy,52,111,31,31,0,4,128,3,2.8,6.5,201.5,17.2,Monday,0,0,8,0,No Action,11.2,11.43,100.0
2026-06-15,REST002,Urban Spoon Bistro,P006,Potatoes,Vegetables,172,0,51,51,0,6,115,2,0.7,2.5,127.5,17.2,Monday,0,0,14,0,No Action,4.2,10.53,100.0
2026-06-15,REST002,Urban Spoon Bistro,P007,Bread,Bakery,78,0,44,44,0,5,29,1,1.2,3.0,132.0,17.2,Monday,0,0,12,43,Auto-Order,6.0,10.2,100.0
2026-06-15,REST002,Urban Spoon Bistro,P008,Salmon Fillet,Seafood,66,0,22,22,0,2,42,2,6.5,14.5,319.0,17.2,Monday,0,0,6,2,Auto-Order,13.0,8.33,100.0
2026-06-15,REST002,Urban Spoon Bistro,P009,Avocado,Vegetables,38,80,27,27,0,5,86,2,1.5,4.2,113.4,17.2,Monday,0,0,7,0,No Action,7.5,15.62,100.0
2026-06-15,REST002,Urban Spoon Bistro,P010,Pasta,Dry Goods,267,0,51,51,0,2,214,4,0.9,3.0,153.0,17.2,Monday,0,0,14,0,No Action,1.8,3.77,100.0
2026-06-16,REST002,Urban Spoon Bistro,P001,Chicken Breast,Meat,186,0,55,55,0,7,124,3,4.2,9.5,522.5,20.7,Tuesday,0,1,12,0,No Action,29.4,11.29,100.0
2026-06-16,REST002,Urban Spoon Bistro,P002,Tomatoes,Vegetables,179,0,63,63,0,9,107,2,1.1,3.2,201.6,20.7,Tuesday,0,0,16,8,Auto-Order,9.9,12.5,100.0
2026-06-16,REST002,Urban Spoon Bistro,P003,Rice,Dry Goods,204,234,82,82,0,4,352,4,0.8,2.8,229.6,20.7,Tuesday,0,1,18,0,No Action,3.2,4.65,100.0
2026-06-16,REST002,Urban Spoon Bistro,P004,Milk,Dairy,124,0,39,39,0,4,81,2,1.0,2.4,93.6,20.7,Tuesday,0,0,10,0,No Action,4.0,9.3,100.0
2026-06-16,REST002,Urban Spoon Bistro,P005,Cheese,Dairy,128,0,32,32,0,3,93,3,2.8,6.5,208.0,20.7,Tuesday,0,0,8,0,No Action,8.4,8.57,100.0
2026-06-16,REST002,Urban Spoon Bistro,P006,Potatoes,Vegetables,115,120,51,51,0,10,174,2,0.7,2.5,127.5,20.7,Tuesday,0,0,14,0,No Action,7.0,16.39,100.0
2026-06-16,REST002,Urban Spoon Bistro,P007,Bread,Bakery,29,115,45,45,0,7,92,1,1.2,3.0,135.0,20.7,Tuesday,0,0,12,0,No Action,8.4,13.46,100.0
2026-06-16,REST002,Urban Spoon Bistro,P008,Salmon Fillet,Seafood,42,49,31,31,0,4,56,2,6.5,14.5,449.5,20.7,Tuesday,0,0,6,0,No Action,26.0,11.43,100.0
2026-06-16,REST002,Urban Spoon Bistro,P009,Avocado,Vegetables,86,0,28,28,0,3,55,2,1.5,4.2,117.6,20.7,Tuesday,0,0,7,0,No Action,4.5,9.68,100.0
2026-06-16,REST002,Urban Spoon Bistro,P010,Pasta,Dry Goods,214,0,47,47,0,1,166,4,0.9,3.0,141.0,20.7,Tuesday,0,0,14,0,No Action,0.9,2.08,100.0
2026-06-17,REST002,Urban Spoon Bistro,P001,Chicken Breast,Meat,124,123,55,55,0,8,184,3,4.2,9.5,522.5,21.7,Wednesday,0,1,12,0,No Action,33.6,12.7,100.0
2026-06-17,REST002,Urban Spoon Bistro,P002,Tomatoes,Vegetables,107,136,64,64,0,13,166,2,1.1,3.2,204.8,21.7,Wednesday,0,0,16,0,No Action,14.3,16.88,100.0
2026-06-17,REST002,Urban Spoon Bistro,P003,Rice,Dry Goods,352,0,68,68,0,3,281,4,0.8,2.8,190.4,21.7,Wednesday,0,0,18,0,No Action,2.4,4.23,100.0
2026-06-17,REST002,Urban Spoon Bistro,P004,Milk,Dairy,81,93,43,43,0,5,126,2,1.0,2.4,103.2,21.7,Wednesday,0,0,10,0,No Action,5.0,10.42,100.0
2026-06-17,REST002,Urban Spoon Bistro,P005,Cheese,Dairy,93,0,26,26,0,2,65,3,2.8,6.5,169.0,21.7,Wednesday,0,0,8,4,Auto-Order,5.6,7.14,100.0
2026-06-17,REST002,Urban Spoon Bistro,P006,Potatoes,Vegetables,174,0,59,59,0,5,110,2,0.7,2.5,147.5,21.7,Wednesday,0,0,14,0,No Action,3.5,7.81,100.0
2026-06-17,REST002,Urban Spoon Bistro,P007,Bread,Bakery,92,0,53,53,0,5,34,1,1.2,3.0,159.0,21.7,Wednesday,0,1,12,38,Auto-Order,6.0,8.62,100.0
2026-06-17,REST002,Urban Spoon Bistro,P008,Salmon Fillet,Seafood,56,0,21,21,0,3,32,2,6.5,14.5,304.5,21.7,Wednesday,0,0,6,12,Auto-Order,19.5,12.5,100.0
2026-06-17,REST002,Urban Spoon Bistro,P009,Avocado,Vegetables,55,63,29,29,0,5,84,2,1.5,4.2,121.8,21.7,Wednesday,0,0,7,0,No Action,7.5,14.71,100.0
2026-06-17,REST002,Urban Spoon Bistro,P010,Pasta,Dry Goods,166,164,45,45,0,2,283,4,0.9,3.0,135.0,21.7,Wednesday,0,0,14,0,No Action,1.8,4.26,100.0
2026-06-18,REST002,Urban Spoon Bistro,P001,Chicken Breast,Meat,184,13,47,47,0,6,144,3,4.2,9.5,446.5,19.5,Thursday,0,0,12,0,No Action,25.2,11.32,100.0
2026-06-18,REST002,Urban Spoon Bistro,P002,Tomatoes,Vegetables,166,0,64,64,0,8,94,2,1.1,3.2,204.8,19.5,Thursday,0,0,16,21,Auto-Order,8.8,11.11,100.0
2026-06-18,REST002,Urban Spoon Bistro,P003,Rice,Dry Goods,281,0,63,63,0,3,215,4,0.8,2.8,176.4,19.5,Thursday,0,0,18,0,No Action,2.4,4.55,100.0
2026-06-18,REST002,Urban Spoon Bistro,P004,Milk,Dairy,126,0,41,41,0,5,80,2,1.0,2.4,98.4,19.5,Thursday,0,0,10,0,No Action,5.0,10.87,100.0
2026-06-18,REST002,Urban Spoon Bistro,P005,Cheese,Dairy,65,91,30,30,0,4,122,3,2.8,6.5,195.0,19.5,Thursday,0,0,8,0,No Action,11.2,11.76,100.0
2026-06-18,REST002,Urban Spoon Bistro,P006,Potatoes,Vegetables,110,123,55,55,0,8,170,2,0.7,2.5,137.5,19.5,Thursday,0,0,14,0,No Action,5.6,12.7,100.0
2026-06-18,REST002,Urban Spoon Bistro,P007,Bread,Bakery,34,101,45,45,0,7,83,1,1.2,3.0,135.0,19.5,Thursday,0,0,12,0,No Action,8.4,13.46,100.0
2026-06-18,REST002,Urban Spoon Bistro,P008,Salmon Fillet,Seafood,32,70,22,22,0,5,75,2,6.5,14.5,319.0,19.5,Thursday,0,0,6,0,No Action,32.5,18.52,100.0
2026-06-18,REST002,Urban Spoon Bistro,P009,Avocado,Vegetables,84,15,26,26,0,6,67,2,1.5,4.2,109.2,19.5,Thursday,0,0,7,0,No Action,9.0,18.75,100.0
2026-06-18,REST002,Urban Spoon Bistro,P010,Pasta,Dry Goods,283,0,55,55,0,4,224,4,0.9,3.0,165.0,19.5,Thursday,0,0,14,0,No Action,3.6,6.78,100.0
2026-06-19,REST002,Urban Spoon Bistro,P001,Chicken Breast,Meat,144,0,51,51,0,5,88,3,4.2,9.5,484.5,19.0,Friday,0,0,12,30,Auto-Order,21.0,8.93,100.0
2026-06-19,REST002,Urban Spoon Bistro,P002,Tomatoes,Vegetables,94,151,65,65,0,12,168,2,1.1,3.2,208.0,19.0,Friday,0,0,16,0,No Action,13.2,15.58,100.0
2026-06-19,REST002,Urban Spoon Bistro,P003,Rice,Dry Goods,215,221,66,66,0,6,364,4,0.8,2.8,184.8,19.0,Friday,0,0,18,0,No Action,4.8,8.33,100.0
2026-06-19,REST002,Urban Spoon Bistro,P004,Milk,Dairy,80,91,35,35,0,7,129,2,1.0,2.4,84.0,19.0,Friday,0,0,10,0,No Action,7.0,16.67,100.0
2026-06-19,REST002,Urban Spoon Bistro,P005,Cheese,Dairy,122,0,28,28,0,4,90,3,2.8,6.5,182.0,19.0,Friday,0,0,8,0,No Action,11.2,12.5,100.0
2026-06-19,REST002,Urban Spoon Bistro,P006,Potatoes,Vegetables,170,0,50,50,0,6,114,2,0.7,2.5,125.0,19.0,Friday,0,0,14,7,Auto-Order,4.2,10.71,100.0
2026-06-19,REST002,Urban Spoon Bistro,P007,Bread,Bakery,83,0,41,41,0,5,37,1,1.2,3.0,123.0,19.0,Friday,0,0,12,44,Auto-Order,6.0,10.87,100.0
2026-06-19,REST002,Urban Spoon Bistro,P008,Salmon Fillet,Seafood,75,0,27,27,0,3,45,2,6.5,14.5,391.5,19.0,Friday,0,0,6,6,Auto-Order,19.5,10.0,100.0
2026-06-19,REST002,Urban Spoon Bistro,P009,Avocado,Vegetables,67,9,26,26,0,5,45,2,1.5,4.2,109.2,19.0,Friday,0,0,7,16,Auto-Order,7.5,16.13,100.0
2026-06-19,REST002,Urban Spoon Bistro,P010,Pasta,Dry Goods,224,0,47,47,0,2,175,4,0.9,3.0,141.0,19.0,Friday,0,0,14,0,No Action,1.8,4.08,100.0
2026-06-20,REST002,Urban Spoon Bistro,P001,Chicken Breast,Meat,88,155,50,50,0,9,184,3,4.2,9.5,475.0,17.0,Saturday,1,0,12,0,No Action,37.8,15.25,100.0
2026-06-20,REST002,Urban Spoon Bistro,P002,Tomatoes,Vegetables,168,0,60,60,0,7,101,2,1.1,3.2,192.0,17.0,Saturday,1,0,16,30,Auto-Order,7.7,10.45,100.0
2026-06-20,REST002,Urban Spoon Bistro,P003,Rice,Dry Goods,364,28,102,102,0,3,287,4,0.8,2.8,285.6,17.0,Saturday,1,1,18,0,No Action,2.4,2.86,100.0
2026-06-20,REST002,Urban Spoon Bistro,P004,Milk,Dairy,129,0,48,48,0,5,76,2,1.0,2.4,115.2,17.0,Saturday,1,0,10,12,Auto-Order,5.0,9.43,100.0
2026-06-20,REST002,Urban Spoon Bistro,P005,Cheese,Dairy,90,0,34,34,0,4,52,3,2.8,6.5,221.0,17.0,Saturday,1,0,8,26,Auto-Order,11.2,10.53,100.0
2026-06-20,REST002,Urban Spoon Bistro,P006,Potatoes,Vegetables,114,119,67,67,0,8,158,2,0.7,2.5,167.5,17.0,Saturday,1,0,14,0,No Action,5.6,10.67,100.0
2026-06-20,REST002,Urban Spoon Bistro,P007,Bread,Bakery,37,99,48,48,0,7,81,1,1.2,3.0,144.0,17.0,Saturday,1,0,12,0,No Action,8.4,12.73,100.0
2026-06-20,REST002,Urban Spoon Bistro,P008,Salmon Fillet,Seafood,45,58,25,25,0,5,73,2,6.5,14.5,362.5,17.0,Saturday,1,0,6,0,No Action,32.5,16.67,100.0
2026-06-20,REST002,Urban Spoon Bistro,P009,Avocado,Vegetables,45,70,28,28,0,4,83,2,1.5,4.2,117.6,17.0,Saturday,1,0,7,0,No Action,6.0,12.5,100.0
2026-06-20,REST002,Urban Spoon Bistro,P010,Pasta,Dry Goods,175,149,54,54,0,2,268,4,0.9,3.0,162.0,17.0,Saturday,1,0,14,0,No Action,1.8,3.57,100.0
2026-06-21,REST002,Urban Spoon Bistro,P001,Chicken Breast,Meat,184,0,50,50,0,7,127,3,4.2,9.5,475.0,20.6,Sunday,1,0,12,0,No Action,29.4,12.28,100.0
2026-06-21,REST002,Urban Spoon Bistro,P002,Tomatoes,Vegetables,101,143,82,82,0,13,149,2,1.1,3.2,262.4,20.6,Sunday,1,0,16,0,No Action,14.3,13.68,100.0
2026-06-21,REST002,Urban Spoon Bistro,P003,Rice,Dry Goods,287,0,101,101,0,2,184,4,0.8,2.8,282.8,20.6,Sunday,1,1,18,0,No Action,1.6,1.94,100.0
2026-06-21,REST002,Urban Spoon Bistro,P004,Milk,Dairy,76,98,49,49,0,7,118,2,1.0,2.4,117.6,20.6,Sunday,1,0,10,0,No Action,7.0,12.5,100.0
2026-06-21,REST002,Urban Spoon Bistro,P005,Cheese,Dairy,52,115,46,46,0,6,115,3,2.8,6.5,299.0,20.6,Sunday,1,1,8,0,No Action,16.8,11.54,100.0
2026-06-21,REST002,Urban Spoon Bistro,P006,Potatoes,Vegetables,158,0,65,65,0,6,87,2,0.7,2.5,162.5,20.6,Sunday,1,0,14,20,Auto-Order,4.2,8.45,100.0
2026-06-21,REST002,Urban Spoon Bistro,P007,Bread,Bakery,81,0,51,51,0,5,25,1,1.2,3.0,153.0,20.6,Sunday,1,0,12,47,Auto-Order,6.0,8.93,100.0
2026-06-21,REST002,Urban Spoon Bistro,P008,Salmon Fillet,Seafood,73,0,30,30,0,3,40,2,6.5,14.5,435.0,20.6,Sunday,1,0,6,4,Auto-Order,19.5,9.09,100.0
2026-06-21,REST002,Urban Spoon Bistro,P009,Avocado,Vegetables,83,0,32,32,0,4,47,2,1.5,4.2,134.4,20.6,Sunday,1,0,7,6,Auto-Order,6.0,11.11,100.0
2026-06-21,REST002,Urban Spoon Bistro,P010,Pasta,Dry Goods,268,0,68,68,0,2,198,4,0.9,3.0,204.0,20.6,Sunday,1,0,14,0,No Action,1.8,2.86,100.0
2026-06-22,REST002,Urban Spoon Bistro,P001,Chicken Breast,Meat,127,113,41,41,0,8,191,3,4.2,9.5,389.5,18.7,Monday,0,0,12,0,No Action,33.6,16.33,100.0
2026-06-22,REST002,Urban Spoon Bistro,P002,Tomatoes,Vegetables,149,0,66,66,0,7,76,2,1.1,3.2,211.2,18.7,Monday,0,0,16,39,Auto-Order,7.7,9.59,100.0
2026-06-22,REST002,Urban Spoon Bistro,P003,Rice,Dry Goods,184,255,71,71,0,3,365,4,0.8,2.8,198.8,18.7,Monday,0,0,18,0,No Action,2.4,4.05,100.0
2026-06-22,REST002,Urban Spoon Bistro,P004,Milk,Dairy,118,0,39,39,0,4,75,2,1.0,2.4,93.6,18.7,Monday,0,0,10,2,Auto-Order,4.0,9.3,100.0
2026-06-22,REST002,Urban Spoon Bistro,P005,Cheese,Dairy,115,0,30,30,0,5,80,3,2.8,6.5,195.0,18.7,Monday,0,0,8,0,No Action,14.0,14.29,100.0
2026-06-22,REST002,Urban Spoon Bistro,P006,Potatoes,Vegetables,87,150,56,56,0,8,173,2,0.7,2.5,140.0,18.7,Monday,0,0,14,0,No Action,5.6,12.5,100.0
2026-06-22,REST002,Urban Spoon Bistro,P007,Bread,Bakery,25,120,44,44,0,7,94,1,1.2,3.0,132.0,18.7,Monday,0,0,12,0,No Action,8.4,13.73,100.0
2026-06-22,REST002,Urban Spoon Bistro,P008,Salmon Fillet,Seafood,40,57,26,26,0,4,67,2,6.5,14.5,377.0,18.7,Monday,0,0,6,0,No Action,26.0,13.33,100.0
2026-06-22,REST002,Urban Spoon Bistro,P009,Avocado,Vegetables,47,70,30,30,0,6,81,2,1.5,4.2,126.0,18.7,Monday,0,0,7,0,No Action,9.0,16.67,100.0
2026-06-22,REST002,Urban Spoon Bistro,P010,Pasta,Dry Goods,198,0,62,62,0,1,135,4,0.9,3.0,186.0,18.7,Monday,0,1,14,0,No Action,0.9,1.59,100.0
2026-06-23,REST002,Urban Spoon Bistro,P001,Chicken Breast,Meat,191,25,40,40,0,8,168,3,4.2,9.5,380.0,18.3,Tuesday,0,0,12,0,No Action,33.6,16.67,100.0
2026-06-23,REST002,Urban Spoon Bistro,P002,Tomatoes,Vegetables,76,171,71,71,0,13,163,2,1.1,3.2,227.2,18.3,Tuesday,0,0,16,0,No Action,14.3,15.48,100.0
2026-06-23,REST002,Urban Spoon Bistro,P003,Rice,Dry Goods,365,0,61,61,0,3,301,4,0.8,2.8,170.8,18.3,Tuesday,0,0,18,0,No Action,2.4,4.69,100.0
2026-06-23,REST002,Urban Spoon Bistro,P004,Milk,Dairy,75,89,40,40,0,6,118,2,1.0,2.4,96.0,18.3,Tuesday,0,0,10,0,No Action,6.0,13.04,100.0
2026-06-23,REST002,Urban Spoon Bistro,P005,Cheese,Dairy,80,82,32,32,0,5,125,3,2.8,6.5,208.0,18.3,Tuesday,0,0,8,0,No Action,14.0,13.51,100.0
2026-06-23,REST002,Urban Spoon Bistro,P006,Potatoes,Vegetables,173,0,60,60,0,6,107,2,0.7,2.5,150.0,18.3,Tuesday,0,0,14,0,No Action,4.2,9.09,100.0
2026-06-23,REST002,Urban Spoon Bistro,P007,Bread,Bakery,94,0,57,57,0,5,32,1,1.2,3.0,171.0,18.3,Tuesday,0,1,12,40,Auto-Order,6.0,8.06,100.0
2026-06-23,REST002,Urban Spoon Bistro,P008,Salmon Fillet,Seafood,67,0,24,24,0,2,41,2,6.5,14.5,348.0,18.3,Tuesday,0,0,6,3,Auto-Order,13.0,7.69,100.0
2026-06-23,REST002,Urban Spoon Bistro,P009,Avocado,Vegetables,81,0,29,29,0,4,48,2,1.5,4.2,121.8,18.3,Tuesday,0,0,7,5,Auto-Order,6.0,12.12,100.0
2026-06-23,REST002,Urban Spoon Bistro,P010,Pasta,Dry Goods,135,193,54,54,0,1,273,4,0.9,3.0,162.0,18.3,Tuesday,0,0,14,0,No Action,0.9,1.82,100.0
2026-06-24,REST002,Urban Spoon Bistro,P001,Chicken Breast,Meat,168,0,45,45,0,7,116,3,4.2,9.5,427.5,17.2,Wednesday,0,0,12,0,No Action,29.4,13.46,100.0
2026-06-24,REST002,Urban Spoon Bistro,P002,Tomatoes,Vegetables,163,0,57,57,0,9,97,2,1.1,3.2,182.4,17.2,Wednesday,0,0,16,18,Auto-Order,9.9,13.64,100.0
2026-06-24,REST002,Urban Spoon Bistro,P003,Rice,Dry Goods,301,0,89,89,0,3,209,4,0.8,2.8,249.2,17.2,Wednesday,0,1,18,0,No Action,2.4,3.26,100.0
2026-06-24,REST002,Urban Spoon Bistro,P004,Milk,Dairy,118,0,38,38,0,4,76,2,1.0,2.4,91.2,17.2,Wednesday,0,0,10,1,Auto-Order,4.0,9.52,100.0
2026-06-24,REST002,Urban Spoon Bistro,P005,Cheese,Dairy,125,0,33,33,0,4,88,3,2.8,6.5,214.5,17.2,Wednesday,0,0,8,0,No Action,11.2,10.81,100.0
2026-06-24,REST002,Urban Spoon Bistro,P006,Potatoes,Vegetables,107,129,51,51,0,9,176,2,0.7,2.5,127.5,17.2,Wednesday,0,0,14,0,No Action,6.3,15.0,100.0
2026-06-24,REST002,Urban Spoon Bistro,P007,Bread,Bakery,32,103,41,41,0,8,86,1,1.2,3.0,123.0,17.2,Wednesday,0,0,12,0,No Action,9.6,16.33,100.0
2026-06-24,REST002,Urban Spoon Bistro,P008,Salmon Fillet,Seafood,41,54,22,22,0,2,71,2,6.5,14.5,319.0,17.2,Wednesday,0,0,6,0,No Action,13.0,8.33,100.0
2026-06-24,REST002,Urban Spoon Bistro,P009,Avocado,Vegetables,48,75,24,24,0,6,93,2,1.5,4.2,100.8,17.2,Wednesday,0,0,7,0,No Action,9.0,20.0,100.0
2026-06-24,REST002,Urban Spoon Bistro,P010,Pasta,Dry Goods,273,0,47,47,0,3,223,4,0.9,3.0,141.0,17.2,Wednesday,0,0,14,0,No Action,2.7,6.0,100.0
2026-06-25,REST002,Urban Spoon Bistro,P001,Chicken Breast,Meat,116,125,45,45,0,9,187,3,4.2,9.5,427.5,20.8,Thursday,0,0,12,0,No Action,37.8,16.67,100.0
2026-06-25,REST002,Urban Spoon Bistro,P002,Tomatoes,Vegetables,97,150,59,59,0,14,174,2,1.1,3.2,188.8,20.8,Thursday,0,0,16,0,No Action,15.4,19.18,100.0
2026-06-25,REST002,Urban Spoon Bistro,P003,Rice,Dry Goods,209,225,70,70,0,4,360,4,0.8,2.8,196.0,20.8,Thursday,0,0,18,0,No Action,3.2,5.41,100.0
2026-06-25,REST002,Urban Spoon Bistro,P004,Milk,Dairy,76,94,42,42,0,6,122,2,1.0,2.4,100.8,20.8,Thursday,0,0,10,0,No Action,6.0,12.5,100.0
2026-06-25,REST002,Urban Spoon Bistro,P005,Cheese,Dairy,88,0,30,30,0,3,55,3,2.8,6.5,195.0,20.8,Thursday,0,0,8,14,Auto-Order,8.4,9.09,100.0
2026-06-25,REST002,Urban Spoon Bistro,P006,Potatoes,Vegetables,176,0,53,53,0,7,116,2,0.7,2.5,132.5,20.8,Thursday,0,0,14,0,No Action,4.9,11.67,100.0
2026-06-25,REST002,Urban Spoon Bistro,P007,Bread,Bakery,86,0,47,47,0,3,36,1,1.2,3.0,141.0,20.8,Thursday,0,0,12,36,Auto-Order,3.6,6.0,100.0
2026-06-25,REST002,Urban Spoon Bistro,P008,Salmon Fillet,Seafood,71,0,24,24,0,2,45,2,6.5,14.5,348.0,20.8,Thursday,0,0,6,0,No Action,13.0,7.69,100.0
2026-06-25,REST002,Urban Spoon Bistro,P009,Avocado,Vegetables,93,0,30,30,0,3,60,2,1.5,4.2,126.0,20.8,Thursday,0,0,7,0,No Action,4.5,9.09,100.0
2026-06-25,REST002,Urban Spoon Bistro,P010,Pasta,Dry Goods,223,0,51,51,0,2,170,4,0.9,3.0,153.0,20.8,Thursday,0,0,14,0,No Action,1.8,3.77,100.0
2026-06-26,REST002,Urban Spoon Bistro,P001,Chicken Breast,Meat,187,0,50,50,0,7,130,3,4.2,9.5,475.0,21.6,Friday,0,0,12,0,No Action,29.4,12.28,100.0
2026-06-26,REST002,Urban Spoon Bistro,P002,Tomatoes,Vegetables,174,0,64,64,0,7,103,2,1.1,3.2,204.8,21.6,Friday,0,0,16,28,Auto-Order,7.7,9.86,100.0
2026-06-26,REST002,Urban Spoon Bistro,P003,Rice,Dry Goods,360,0,68,68,0,5,287,4,0.8,2.8,190.4,21.6,Friday,0,0,18,0,No Action,4.0,6.85,100.0
2026-06-26,REST002,Urban Spoon Bistro,P004,Milk,Dairy,122,0,56,56,0,5,61,2,1.0,2.4,134.4,21.6,Friday,0,1,10,27,Auto-Order,5.0,8.2,100.0
2026-06-26,REST002,Urban Spoon Bistro,P005,Cheese,Dairy,55,101,32,32,0,4,120,3,2.8,6.5,208.0,21.6,Friday,0,0,8,0,No Action,11.2,11.11,100.0
2026-06-26,REST002,Urban Spoon Bistro,P006,Potatoes,Vegetables,116,112,53,53,0,6,169,2,0.7,2.5,132.5,21.6,Friday,0,0,14,0,No Action,4.2,10.17,100.0
2026-06-26,REST002,Urban Spoon Bistro,P007,Bread,Bakery,36,100,58,58,0,7,71,1,1.2,3.0,174.0,21.6,Friday,0,1,12,10,Auto-Order,8.4,10.77,100.0
2026-06-26,REST002,Urban Spoon Bistro,P008,Salmon Fillet,Seafood,45,56,24,24,0,4,73,2,6.5,14.5,348.0,21.6,Friday,0,0,6,0,No Action,26.0,14.29,100.0
2026-06-26,REST002,Urban Spoon Bistro,P009,Avocado,Vegetables,60,0,32,32,0,2,26,2,1.5,4.2,134.4,21.6,Friday,0,0,7,35,Auto-Order,3.0,5.88,100.0
2026-06-26,REST002,Urban Spoon Bistro,P010,Pasta,Dry Goods,170,161,55,55,0,2,274,4,0.9,3.0,165.0,21.6,Friday,0,0,14,0,No Action,1.8,3.51,100.0
2026-06-27,REST002,Urban Spoon Bistro,P001,Chicken Breast,Meat,130,0,49,49,0,5,76,3,4.2,9.5,465.5,17.1,Saturday,1,0,12,42,Auto-Order,21.0,9.26,100.0
2026-06-27,REST002,Urban Spoon Bistro,P002,Tomatoes,Vegetables,103,148,67,67,0,12,172,2,1.1,3.2,214.4,17.1,Saturday,1,0,16,0,No Action,13.2,15.19,100.0
2026-06-27,REST002,Urban Spoon Bistro,P003,Rice,Dry Goods,287,0,85,85,0,2,200,4,0.8,2.8,238.0,17.1,Saturday,1,0,18,0,No Action,1.6,2.3,100.0
2026-06-27,REST002,Urban Spoon Bistro,P004,Milk,Dairy,61,104,43,43,0,6,116,2,1.0,2.4,103.2,17.1,Saturday,1,0,10,0,No Action,6.0,12.24,100.0
2026-06-27,REST002,Urban Spoon Bistro,P005,Cheese,Dairy,120,0,35,35,0,4,81,3,2.8,6.5,227.5,17.1,Saturday,1,0,8,0,No Action,11.2,10.26,100.0
2026-06-27,REST002,Urban Spoon Bistro,P006,Potatoes,Vegetables,169,0,62,62,0,5,102,2,0.7,2.5,155.0,17.1,Saturday,1,0,14,19,Auto-Order,3.5,7.46,100.0
2026-06-27,REST002,Urban Spoon Bistro,P007,Bread,Bakery,71,0,62,62,0,5,4,1,1.2,3.0,186.0,17.1,Saturday,1,1,12,77,Manager Review,6.0,7.46,100.0
2026-06-27,REST002,Urban Spoon Bistro,P008,Salmon Fillet,Seafood,73,0,27,27,0,4,42,2,6.5,14.5,391.5,17.1,Saturday,1,0,6,9,Auto-Order,26.0,12.9,100.0
2026-06-27,REST002,Urban Spoon Bistro,P009,Avocado,Vegetables,26,94,32,32,0,6,82,2,1.5,4.2,134.4,17.1,Saturday,1,0,7,0,No Action,9.0,15.79,100.0
2026-06-27,REST002,Urban Spoon Bistro,P010,Pasta,Dry Goods,274,0,60,60,0,3,211,4,0.9,3.0,180.0,17.1,Saturday,1,0,14,0,No Action,2.7,4.76,100.0
2026-06-28,REST002,Urban Spoon Bistro,P001,Chicken Breast,Meat,76,162,55,55,0,9,174,3,4.2,9.5,522.5,21.0,Sunday,1,0,12,0,No Action,37.8,14.06,100.0
2026-06-28,REST002,Urban Spoon Bistro,P002,Tomatoes,Vegetables,172,0,80,80,0,7,85,2,1.1,3.2,256.0,21.0,Sunday,1,0,16,30,Auto-Order,7.7,8.05,100.0
2026-06-28,REST002,Urban Spoon Bistro,P003,Rice,Dry Goods,200,232,83,83,0,4,345,4,0.8,2.8,232.4,21.0,Sunday,1,0,18,0,No Action,3.2,4.6,100.0
2026-06-28,REST002,Urban Spoon Bistro,P004,Milk,Dairy,116,0,50,50,0,3,63,2,1.0,2.4,120.0,21.0,Sunday,1,0,10,14,Auto-Order,3.0,5.66,100.0
2026-06-28,REST002,Urban Spoon Bistro,P005,Cheese,Dairy,81,82,46,46,0,6,111,3,2.8,6.5,299.0,21.0,Sunday,1,1,8,0,No Action,16.8,11.54,100.0
2026-06-28,REST002,Urban Spoon Bistro,P006,Potatoes,Vegetables,102,129,59,59,0,8,164,2,0.7,2.5,147.5,21.0,Sunday,1,0,14,0,No Action,5.6,11.94,100.0
2026-06-28,REST002,Urban Spoon Bistro,P007,Bread,Bakery,4,139,51,51,0,8,84,1,1.2,3.0,153.0,21.0,Sunday,1,0,12,0,No Action,9.6,13.56,100.0
2026-06-28,REST002,Urban Spoon Bistro,P008,Salmon Fillet,Seafood,42,58,31,31,0,5,64,2,6.5,14.5,449.5,21.0,Sunday,1,0,6,0,No Action,32.5,13.89,100.0
2026-06-28,REST002,Urban Spoon Bistro,P009,Avocado,Vegetables,82,0,31,31,0,3,48,2,1.5,4.2,130.2,21.0,Sunday,1,0,7,5,Auto-Order,4.5,8.82,100.0
2026-06-28,REST002,Urban Spoon Bistro,P010,Pasta,Dry Goods,211,0,56,56,0,2,153,4,0.9,3.0,168.0,21.0,Sunday,1,0,14,0,No Action,1.8,3.45,100.0
2026-06-29,REST002,Urban Spoon Bistro,P001,Chicken Breast,Meat,174,13,59,59,0,7,121,3,4.2,9.5,560.5,16.8,Monday,0,1,12,0,No Action,29.4,10.61,100.0
2026-06-29,REST002,Urban Spoon Bistro,P002,Tomatoes,Vegetables,85,160,57,57,0,14,174,2,1.1,3.2,182.4,16.8,Monday,0,0,16,0,No Action,15.4,19.72,100.0
2026-06-29,REST002,Urban Spoon Bistro,P003,Rice,Dry Goods,345,0,68,68,0,4,273,4,0.8,2.8,190.4,16.8,Monday,0,0,18,0,No Action,3.2,5.56,100.0
2026-06-29,REST002,Urban Spoon Bistro,P004,Milk,Dairy,63,100,43,43,0,6,114,2,1.0,2.4,103.2,16.8,Monday,0,0,10,0,No Action,6.0,12.24,100.0
2026-06-29,REST002,Urban Spoon Bistro,P005,Cheese,Dairy,111,8,29,29,0,2,88,3,2.8,6.5,188.5,16.8,Monday,0,0,8,0,No Action,5.6,6.45,100.0
2026-06-29,REST002,Urban Spoon Bistro,P006,Potatoes,Vegetables,164,25,51,51,0,8,130,2,0.7,2.5,127.5,16.8,Monday,0,0,14,0,No Action,5.6,13.56,100.0
2026-06-29,REST002,Urban Spoon Bistro,P007,Bread,Bakery,84,0,42,42,0,4,38,1,1.2,3.0,126.0,16.8,Monday,0,0,12,34,Auto-Order,4.8,8.7,100.0
2026-06-29,REST002,Urban Spoon Bistro,P008,Salmon Fillet,Seafood,64,0,21,21,0,3,40,2,6.5,14.5,304.5,16.8,Monday,0,0,6,4,Auto-Order,19.5,12.5,100.0
2026-06-29,REST002,Urban Spoon Bistro,P009,Avocado,Vegetables,48,71,26,26,0,6,87,2,1.5,4.2,109.2,16.8,Monday,0,0,7,0,No Action,9.0,18.75,100.0
2026-06-29,REST002,Urban Spoon Bistro,P010,Pasta,Dry Goods,153,170,57,57,0,3,263,4,0.9,3.0,171.0,16.8,Monday,0,0,14,0,No Action,2.7,5.0,100.0
